from_stop_id,to_stop_id,transfer_type,min_transfer_time,min_walk_time,min_wheelchair_time,suggested_buffer_time,wheelchair_transfer,from_trip_id,to_trip_id
FR-0301-02,FR-0301-01,0,,,,,,NorthBase-825665-1427,NorthBase-825779-429
FR-0301-02,FR-0301-02,0,,,,,,NorthBase-825766-406,NorthBase-825657-1408
WML-0199-02,WML-0199-01,0,,,,,,PlainsINT-837140-1561,PlainsINT-837230-565
WML-0199-02,WML-0199-01,0,,,,,,PlainsINT-837693-1561,PlainsINT-837783-565
WML-0199-02,WML-0199-01,0,,,,,,SWKDYWCPeriod-816512-1561,SWKDYWCPeriod-816598-565
WML-0199-02,WML-0199-01,0,,,,,,SouthBase-825949-1561,SouthBase-826117-565
WML-0199-02,WML-0199-02,0,,,,,,PlainsINT-837137-1551,PlainsINT-837225-553
WML-0199-02,WML-0199-02,0,,,,,,PlainsINT-837138-1555,PlainsINT-837228-559
WML-0199-02,WML-0199-02,0,,,,,,PlainsINT-837142-1567,PlainsINT-837232-571
WML-0199-02,WML-0199-02,0,,,,,,PlainsINT-837205-510,PlainsINT-837133-1512
WML-0199-02,WML-0199-02,0,,,,,,PlainsINT-837206-514,PlainsINT-837134-1516
WML-0199-02,WML-0199-02,0,,,,,,PlainsINT-837208-518,PlainsINT-837136-1522
WML-0199-02,WML-0199-02,0,,,,,,PlainsINT-837690-1551,PlainsINT-837778-553
WML-0199-02,WML-0199-02,0,,,,,,PlainsINT-837691-1555,PlainsINT-837781-559
WML-0199-02,WML-0199-02,0,,,,,,PlainsINT-837695-1567,PlainsINT-837785-571
WML-0199-02,WML-0199-02,0,,,,,,PlainsINT-837758-510,PlainsINT-837686-1512
WML-0199-02,WML-0199-02,0,,,,,,PlainsINT-837759-514,PlainsINT-837687-1516
WML-0199-02,WML-0199-02,0,,,,,,PlainsINT-837761-518,PlainsINT-837689-1522
WML-0199-02,WML-0199-02,0,,,,,,SWKDYWCPeriod-816509-1551,SWKDYWCPeriod-816593-553
WML-0199-02,WML-0199-02,0,,,,,,SWKDYWCPeriod-816510-1555,SWKDYWCPeriod-816596-559
WML-0199-02,WML-0199-02,0,,,,,,SWKDYWCPeriod-816514-1567,SWKDYWCPeriod-816600-571
WML-0199-02,WML-0199-02,0,,,,,,SWKDYWCPeriod-816574-510,SWKDYWCPeriod-816505-1512
WML-0199-02,WML-0199-02,0,,,,,,SWKDYWCPeriod-816575-514,SWKDYWCPeriod-816506-1516
WML-0199-02,WML-0199-02,0,,,,,,SWKDYWCPeriod-816577-518,SWKDYWCPeriod-816508-1522
WML-0199-02,WML-0199-02,0,,,,,,SouthBase-825951-1567,SouthBase-826119-571
WML-0199-02,WML-0199-02,0,,,,,,SouthBase-825946-1551,SouthBase-826112-553
WML-0199-02,WML-0199-02,0,,,,,,SouthBase-825947-1555,SouthBase-826115-559
WML-0199-02,WML-0199-02,0,,,,,,SouthBase-826092-510,SouthBase-825942-1512
WML-0199-02,WML-0199-02,0,,,,,,SouthBase-826093-514,SouthBase-825943-1516
WML-0199-02,WML-0199-02,0,,,,,,SouthBase-826095-518,SouthBase-825945-1522
WML-0214-01,WML-0214-01,0,,,,,,PlainsINT-837132-1511,PlainsINT-837207-515
WML-0214-01,WML-0214-01,0,,,,,,PlainsINT-837135-1517,PlainsINT-837209-519
WML-0214-01,WML-0214-01,0,,,,,,PlainsINT-837685-1511,PlainsINT-837760-515
WML-0214-01,WML-0214-01,0,,,,,,PlainsINT-837688-1517,PlainsINT-837762-519
WML-0214-01,WML-0214-01,0,,,,,,SWKDYWCPeriod-816504-1511,SWKDYWCPeriod-816576-515
WML-0214-01,WML-0214-01,0,,,,,,SWKDYWCPeriod-816507-1517,SWKDYWCPeriod-816578-519
WML-0214-01,WML-0214-01,0,,,,,,SouthBase-825941-1511,SouthBase-826094-515
WML-0214-01,WML-0214-01,0,,,,,,SouthBase-825944-1517,SouthBase-826096-519
WML-0214-02,WML-0214-01,0,,,,,,PlainsINT-837210-520,PlainsINT-837136-1522
WML-0214-02,WML-0214-01,0,,,,,,PlainsINT-837227-556,PlainsINT-837139-1558
WML-0214-02,WML-0214-01,0,,,,,,PlainsINT-837229-560,PlainsINT-837141-1562
WML-0214-02,WML-0214-01,0,,,,,,PlainsINT-837763-520,PlainsINT-837689-1522
WML-0214-02,WML-0214-01,0,,,,,,PlainsINT-837780-556,PlainsINT-837692-1558
WML-0214-02,WML-0214-01,0,,,,,,PlainsINT-837782-560,PlainsINT-837694-1562
WML-0214-02,WML-0214-01,0,,,,,,SWKDYWCPeriod-816595-556,SWKDYWCPeriod-816511-1558
WML-0214-02,WML-0214-01,0,,,,,,SWKDYWCPeriod-816597-560,SWKDYWCPeriod-816513-1562
WML-0214-02,WML-0214-01,0,,,,,,SouthBase-826097-520,SouthBase-825945-1522
WML-0214-02,WML-0214-01,0,,,,,,SouthBase-826114-556,SouthBase-825948-1558
WML-0214-02,WML-0214-01,0,,,,,,SouthBase-826116-560,SouthBase-825950-1562
FB-0095-04,NEC-2192-02,1,,,,,,SWKNDWCPeriod-831189-5706,SWKNDWCPeriod-831037-5806
FB-0095-04,NEC-2192-02,1,,,,,,SWKNDWCPeriod-831245-5792,SWKNDWCPeriod-831055-5892
FB-0095-04,NEC-2192-02,1,,,,,,SWKNDWCPeriod-831247-5724,SWKNDWCPeriod-831040-5824
FB-0095-04,NEC-2192-02,1,,,,,,SWKNDWCPeriod-831261-5784,SWKNDWCPeriod-831053-5884
FB-0095-04,NEC-2192-02,1,,,,,,SWKNDWCPeriod-831264-5768,SWKNDWCPeriod-831050-5868
FB-0095-04,NEC-2192-02,1,,,,,,SWKNDWCPeriod-831265-5778,SWKNDWCPeriod-831052-5878
FB-0095-04,NEC-2192-02,1,,,,,,SWKNDWCPeriod-831267-5754,SWKNDWCPeriod-831048-5856
FB-0095-04,NEC-2192-02,1,,,,,,SWKNDWCPeriod-831269-5730,SWKNDWCPeriod-831041-5830
FB-0095-04,NEC-2192-02,1,,,,,,SWKNDWCPeriod-831271-5738,SWKNDWCPeriod-831043-5838
FB-0095-04,NEC-2192-02,1,,,,,,SWKNDWCPeriod-831273-5746,SWKNDWCPeriod-831045-5846
FB-0095-04,NEC-2192-02,1,,,,,,CP44-833905-5706,CP44-833753-5806
FB-0095-04,NEC-2192-02,1,,,,,,CP44-833961-5792,CP44-833771-5892
FB-0095-04,NEC-2192-02,1,,,,,,CP44-833963-5724,CP44-833756-5824
FB-0095-04,NEC-2192-02,1,,,,,,CP44-833977-5784,CP44-833769-5884
FB-0095-04,NEC-2192-02,1,,,,,,CP44-833980-5768,CP44-833766-5868
FB-0095-04,NEC-2192-02,1,,,,,,CP44-833981-5778,CP44-833768-5878
FB-0095-04,NEC-2192-02,1,,,,,,CP44-833983-5754,CP44-833764-5856
FB-0095-04,NEC-2192-02,1,,,,,,CP44-833985-5730,CP44-833757-5830
FB-0095-04,NEC-2192-02,1,,,,,,CP44-833987-5738,CP44-833759-5838
FB-0095-04,NEC-2192-02,1,,,,,,CP44-833989-5746,CP44-833761-5846
FB-0095-04,NEC-2192-02,1,,,,,,PlainsINT-837471-776,PlainsINT-837275-874
FB-0095-04,NEC-2192-02,1,,,,,,PlainsINT-837493-1708,PlainsINT-837286-908
FB-0095-04,NEC-2192-02,1,,,,,,PlainsINT-837525-784,PlainsINT-837314-984
FB-0095-04,NEC-2192-02,1,,,,,,PlainsINT-837553-792,PlainsINT-837282-892
FB-0095-04,NEC-2192-02,1,,,,,,PlainsINT-837629-1756,PlainsINT-837268-856
FB-0095-04,NEC-2192-02,1,,,,,,PlainsINT-838503-5706,PlainsINT-838435-5806
FB-0095-04,NEC-2192-02,1,,,,,,PlainsINT-838559-5792,PlainsINT-838453-5892
FB-0095-04,NEC-2192-02,1,,,,,,PlainsINT-838561-5724,PlainsINT-838438-5824
FB-0095-04,NEC-2192-02,1,,,,,,PlainsINT-838575-5784,PlainsINT-838451-5884
FB-0095-04,NEC-2192-02,1,,,,,,PlainsINT-838578-5768,PlainsINT-838448-5868
FB-0095-04,NEC-2192-02,1,,,,,,PlainsINT-838579-5778,PlainsINT-838450-5878
FB-0095-04,NEC-2192-02,1,,,,,,PlainsINT-838581-5754,PlainsINT-838446-5856
FB-0095-04,NEC-2192-02,1,,,,,,PlainsINT-838583-5730,PlainsINT-838439-5830
FB-0095-04,NEC-2192-02,1,,,,,,PlainsINT-838585-5738,PlainsINT-838441-5838
FB-0095-04,NEC-2192-02,1,,,,,,PlainsINT-838587-5746,PlainsINT-838443-5846
FB-0095-04,NEC-2192-02,1,,,,,,PlainsINT-838023-776,PlainsINT-837828-874
FB-0095-04,NEC-2192-02,1,,,,,,PlainsINT-838046-1708,PlainsINT-837839-908
FB-0095-04,NEC-2192-02,1,,,,,,PlainsINT-838083-784,PlainsINT-837867-984
FB-0095-04,NEC-2192-02,1,,,,,,PlainsINT-838111-792,PlainsINT-837835-892
FB-0095-04,NEC-2192-02,1,,,,,,PlainsINT-838121-1756,PlainsINT-837821-856
FB-0095-04,NEC-2192-02,1,,,,,,PlainsINT-838313-5706,PlainsINT-838187-5806
FB-0095-04,NEC-2192-02,1,,,,,,PlainsINT-838369-5792,PlainsINT-838205-5892
FB-0095-04,NEC-2192-02,1,,,,,,PlainsINT-838371-5724,PlainsINT-838190-5824
FB-0095-04,NEC-2192-02,1,,,,,,PlainsINT-838385-5784,PlainsINT-838203-5884
FB-0095-04,NEC-2192-02,1,,,,,,PlainsINT-838388-5768,PlainsINT-838200-5868
FB-0095-04,NEC-2192-02,1,,,,,,PlainsINT-838389-5778,PlainsINT-838202-5878
FB-0095-04,NEC-2192-02,1,,,,,,PlainsINT-838391-5754,PlainsINT-838198-5856
FB-0095-04,NEC-2192-02,1,,,,,,PlainsINT-838393-5730,PlainsINT-838191-5830
FB-0095-04,NEC-2192-02,1,,,,,,PlainsINT-838395-5738,PlainsINT-838193-5838
FB-0095-04,NEC-2192-02,1,,,,,,PlainsINT-838397-5746,PlainsINT-838195-5846
FB-0095-04,NEC-2192-02,1,,,,,,SWKDYWCPeriod-831409-792,SWKDYWCPeriod-816704-892
FB-0095-04,NEC-2192-02,1,,,,,,SWKDYWCPeriod-831410-784,SWKDYWCPeriod-816736-984
FB-0095-04,NEC-2192-02,1,,,,,,SWKDYWCPeriod-831413-776,SWKDYWCPeriod-816697-874
FB-0095-04,NEC-2192-02,1,,,,,,SWKDYWCPeriod-831419-1708,SWKDYWCPeriod-816708-908
FB-0095-04,NEC-2192-02,1,,,,,,SWKDYWCPeriod-831463-1756,SWKDYWCPeriod-816690-856
FB-0095-04,NEC-2192-02,1,,,,,,JFKStops-835037-5706,JFKStops-834885-5806
FB-0095-04,NEC-2192-02,1,,,,,,JFKStops-835093-5792,JFKStops-834903-5892
FB-0095-04,NEC-2192-02,1,,,,,,JFKStops-835095-5724,JFKStops-834888-5824
FB-0095-04,NEC-2192-02,1,,,,,,JFKStops-835109-5784,JFKStops-834901-5884
FB-0095-04,NEC-2192-02,1,,,,,,JFKStops-835112-5768,JFKStops-834898-5868
FB-0095-04,NEC-2192-02,1,,,,,,JFKStops-835113-5778,JFKStops-834900-5878
FB-0095-04,NEC-2192-02,1,,,,,,JFKStops-835115-5754,JFKStops-834896-5856
FB-0095-04,NEC-2192-02,1,,,,,,JFKStops-835117-5730,JFKStops-834889-5830
FB-0095-04,NEC-2192-02,1,,,,,,JFKStops-835119-5738,JFKStops-834891-5838
FB-0095-04,NEC-2192-02,1,,,,,,JFKStops-835121-5746,JFKStops-834893-5846
FB-0095-04,NEC-2192-02,1,,,,,,SouthBase-830508-776,SouthBase-826221-874
FB-0095-04,NEC-2192-02,1,,,,,,SouthBase-830531-1708,SouthBase-826232-908
FB-0095-04,NEC-2192-02,1,,,,,,SouthBase-830568-784,SouthBase-826260-984
FB-0095-04,NEC-2192-02,1,,,,,,SouthBase-830596-792,SouthBase-826228-892
FB-0095-04,NEC-2192-02,1,,,,,,SouthBase-830606-1756,SouthBase-826214-856
FB-0095-04,NEC-2192-02,1,,,,,,SouthBase-830375-5706,SouthBase-793087-5806
FB-0095-04,NEC-2192-02,1,,,,,,SouthBase-830431-5792,SouthBase-793105-5892
FB-0095-04,NEC-2192-02,1,,,,,,SouthBase-830433-5724,SouthBase-793090-5824
FB-0095-04,NEC-2192-02,1,,,,,,SouthBase-830447-5784,SouthBase-793103-5884
FB-0095-04,NEC-2192-02,1,,,,,,SouthBase-830450-5768,SouthBase-793100-5868
FB-0095-04,NEC-2192-02,1,,,,,,SouthBase-830451-5778,SouthBase-793102-5878
FB-0095-04,NEC-2192-02,1,,,,,,SouthBase-830453-5754,SouthBase-793098-5856
FB-0095-04,NEC-2192-02,1,,,,,,SouthBase-830455-5730,SouthBase-793091-5830
FB-0095-04,NEC-2192-02,1,,,,,,SouthBase-830457-5738,SouthBase-793093-5838
FB-0095-04,NEC-2192-02,1,,,,,,SouthBase-830459-5746,SouthBase-793095-5846
MM-0109-S,MM-0109-S,1,,,,,,SWKNDWCPeriod-831100-7047,SWKNDWCPeriod-831073-6047
MM-0109-S,MM-0109-S,1,,,,,,CP44-833816-7047,CP44-833789-6047
MM-0109-S,MM-0109-S,1,,,,,,PlainsINT-837188-2047,PlainsINT-837107-1047
MM-0109-S,MM-0109-S,1,,,,,,PlainsINT-838595-7047,PlainsINT-838622-6047
MM-0109-S,MM-0109-S,1,,,,,,PlainsINT-837741-2047,PlainsINT-837660-1047
MM-0109-S,MM-0109-S,1,,,,,,PlainsINT-838250-7047,PlainsINT-838223-6047
MM-0109-S,MM-0109-S,1,,,,,,SWKDYWCPeriod-816569-2047,SWKDYWCPeriod-816479-1047
MM-0109-S,MM-0109-S,1,,,,,,JFKStops-835129-7047,JFKStops-835156-6047
MM-0109-S,MM-0109-S,1,,,,,,WCGameDay-817880-2047,WCGameDay-817819-1047
MM-0109-S,MM-0109-S,1,,,,,,SouthBase-826075-2047,SouthBase-825916-1047
MM-0109-S,MM-0109-S,1,,,,,,SouthBase-793184-7047,SouthBase-793124-6047
NBM-0374-01,NBM-0374-02,1,,,,,,SWKNDWCPeriod-831095-7029,SWKNDWCPeriod-831085-6979
NBM-0374-01,NBM-0374-02,1,,,,,,CP44-833811-7029,CP44-833801-6979
NBM-0374-01,NBM-0374-02,1,,,,,,PlainsINT-837144-1905,PlainsINT-837189-2055
NBM-0374-01,NBM-0374-02,1,,,,,,PlainsINT-837146-1909,PlainsINT-837190-2059
NBM-0374-01,NBM-0374-02,1,,,,,,PlainsINT-837147-1911,PlainsINT-837191-2061
NBM-0374-01,NBM-0374-02,1,,,,,,PlainsINT-837149-1915,PlainsINT-837193-2065
NBM-0374-01,NBM-0374-02,1,,,,,,PlainsINT-837150-1917,PlainsINT-837194-2067
NBM-0374-01,NBM-0374-02,1,,,,,,PlainsINT-837151-1919,PlainsINT-837195-2069
NBM-0374-01,NBM-0374-02,1,,,,,,PlainsINT-837152-1925,PlainsINT-837196-2075
NBM-0374-01,NBM-0374-02,1,,,,,,PlainsINT-837155-1939,PlainsINT-837198-2089
NBM-0374-01,NBM-0374-02,1,,,,,,PlainsINT-837175-2021,PlainsINT-837160-1971
NBM-0374-01,NBM-0374-02,1,,,,,,PlainsINT-837182-2033,PlainsINT-837166-1983
NBM-0374-01,NBM-0374-02,1,,,,,,PlainsINT-837184-2037,PlainsINT-837168-1987
NBM-0374-01,NBM-0374-02,1,,,,,,PlainsINT-837186-2041,PlainsINT-837170-1991
NBM-0374-01,NBM-0374-02,1,,,,,,PlainsINT-838661-7029,PlainsINT-838653-6979
NBM-0374-01,NBM-0374-02,1,,,,,,PlainsINT-837697-1905,PlainsINT-837742-2055
NBM-0374-01,NBM-0374-02,1,,,,,,PlainsINT-837699-1909,PlainsINT-837743-2059
NBM-0374-01,NBM-0374-02,1,,,,,,PlainsINT-837700-1911,PlainsINT-837744-2061
NBM-0374-01,NBM-0374-02,1,,,,,,PlainsINT-837702-1915,PlainsINT-837746-2065
NBM-0374-01,NBM-0374-02,1,,,,,,PlainsINT-837703-1917,PlainsINT-837747-2067
NBM-0374-01,NBM-0374-02,1,,,,,,PlainsINT-837704-1919,PlainsINT-837748-2069
NBM-0374-01,NBM-0374-02,1,,,,,,PlainsINT-837705-1925,PlainsINT-837749-2075
NBM-0374-01,NBM-0374-02,1,,,,,,PlainsINT-837708-1939,PlainsINT-837751-2089
NBM-0374-01,NBM-0374-02,1,,,,,,PlainsINT-837728-2021,PlainsINT-837713-1971
NBM-0374-01,NBM-0374-02,1,,,,,,PlainsINT-837735-2033,PlainsINT-837719-1983
NBM-0374-01,NBM-0374-02,1,,,,,,PlainsINT-837737-2037,PlainsINT-837721-1987
NBM-0374-01,NBM-0374-02,1,,,,,,PlainsINT-837739-2041,PlainsINT-837723-1991
NBM-0374-01,NBM-0374-02,1,,,,,,PlainsINT-838245-7029,PlainsINT-838235-6979
NBM-0374-01,NBM-0374-02,1,,,,,,SWKDYWCPeriod-816566-2037,SWKDYWCPeriod-816552-1987
NBM-0374-01,NBM-0374-02,1,,,,,,JFKStops-835195-7029,JFKStops-835187-6979
NBM-0374-01,NBM-0374-02,1,,,,,,June13-821106-7029,June13-821098-6979
NBM-0374-01,NBM-0374-02,1,,,,,,SouthBase-826031-1905,SouthBase-826076-2055
NBM-0374-01,NBM-0374-02,1,,,,,,SouthBase-826033-1909,SouthBase-826077-2059
NBM-0374-01,NBM-0374-02,1,,,,,,SouthBase-826034-1911,SouthBase-826078-2061
NBM-0374-01,NBM-0374-02,1,,,,,,SouthBase-826036-1915,SouthBase-826080-2065
NBM-0374-01,NBM-0374-02,1,,,,,,SouthBase-826037-1917,SouthBase-826081-2067
NBM-0374-01,NBM-0374-02,1,,,,,,SouthBase-826038-1919,SouthBase-826082-2069
NBM-0374-01,NBM-0374-02,1,,,,,,SouthBase-826039-1925,SouthBase-826083-2075
NBM-0374-01,NBM-0374-02,1,,,,,,SouthBase-826042-1939,SouthBase-826085-2089
NBM-0374-01,NBM-0374-02,1,,,,,,SouthBase-826062-2021,SouthBase-826047-1971
NBM-0374-01,NBM-0374-02,1,,,,,,SouthBase-826069-2033,SouthBase-826053-1983
NBM-0374-01,NBM-0374-02,1,,,,,,SouthBase-826071-2037,SouthBase-826055-1987
NBM-0374-01,NBM-0374-02,1,,,,,,SouthBase-826073-2041,SouthBase-826057-1991
NBM-0374-01,NBM-0374-02,1,,,,,,SouthBase-793179-7029,SouthBase-793169-6979
NBM-0374-02,NBM-0374-01,1,,,,,,PlainsINT-837158-1960,PlainsINT-837173-2010
NBM-0374-02,NBM-0374-01,1,,,,,,PlainsINT-837159-1966,PlainsINT-837174-2016
NBM-0374-02,NBM-0374-01,1,,,,,,PlainsINT-837161-1972,PlainsINT-837176-2022
NBM-0374-02,NBM-0374-01,1,,,,,,PlainsINT-837162-1974,PlainsINT-837177-2024
NBM-0374-02,NBM-0374-01,1,,,,,,PlainsINT-837163-1976,PlainsINT-837178-2026
NBM-0374-02,NBM-0374-01,1,,,,,,PlainsINT-837164-1978,PlainsINT-837179-2028
NBM-0374-02,NBM-0374-01,1,,,,,,PlainsINT-837165-1980,PlainsINT-837181-2030
NBM-0374-02,NBM-0374-01,1,,,,,,PlainsINT-837167-1984,PlainsINT-837183-2034
NBM-0374-02,NBM-0374-01,1,,,,,,PlainsINT-837169-1988,PlainsINT-837185-2038
NBM-0374-02,NBM-0374-01,1,,,,,,PlainsINT-837171-1994,PlainsINT-837187-2044
NBM-0374-02,NBM-0374-01,1,,,,,,PlainsINT-837192-2062,PlainsINT-837148-1912
NBM-0374-02,NBM-0374-01,1,,,,,,PlainsINT-837197-2086,PlainsINT-837154-1936
NBM-0374-02,NBM-0374-01,1,,,,,,PlainsINT-837199-2092,PlainsINT-837156-1942
NBM-0374-02,NBM-0374-01,1,,,,,,PlainsINT-837711-1960,PlainsINT-837726-2010
NBM-0374-02,NBM-0374-01,1,,,,,,PlainsINT-837712-1966,PlainsINT-837727-2016
NBM-0374-02,NBM-0374-01,1,,,,,,PlainsINT-837714-1972,PlainsINT-837729-2022
NBM-0374-02,NBM-0374-01,1,,,,,,PlainsINT-837715-1974,PlainsINT-837730-2024
NBM-0374-02,NBM-0374-01,1,,,,,,PlainsINT-837716-1976,PlainsINT-837731-2026
NBM-0374-02,NBM-0374-01,1,,,,,,PlainsINT-837717-1978,PlainsINT-837732-2028
NBM-0374-02,NBM-0374-01,1,,,,,,PlainsINT-837718-1980,PlainsINT-837734-2030
NBM-0374-02,NBM-0374-01,1,,,,,,PlainsINT-837720-1984,PlainsINT-837736-2034
NBM-0374-02,NBM-0374-01,1,,,,,,PlainsINT-837722-1988,PlainsINT-837738-2038
NBM-0374-02,NBM-0374-01,1,,,,,,PlainsINT-837724-1994,PlainsINT-837740-2044
NBM-0374-02,NBM-0374-01,1,,,,,,PlainsINT-837745-2062,PlainsINT-837701-1912
NBM-0374-02,NBM-0374-01,1,,,,,,PlainsINT-837750-2086,PlainsINT-837707-1936
NBM-0374-02,NBM-0374-01,1,,,,,,PlainsINT-837752-2092,PlainsINT-837709-1942
NBM-0374-02,NBM-0374-01,1,,,,,,SouthBase-826045-1960,SouthBase-826060-2010
NBM-0374-02,NBM-0374-01,1,,,,,,SouthBase-826046-1966,SouthBase-826061-2016
NBM-0374-02,NBM-0374-01,1,,,,,,SouthBase-826048-1972,SouthBase-826063-2022
NBM-0374-02,NBM-0374-01,1,,,,,,SouthBase-826049-1974,SouthBase-826064-2024
NBM-0374-02,NBM-0374-01,1,,,,,,SouthBase-826050-1976,SouthBase-826065-2026
NBM-0374-02,NBM-0374-01,1,,,,,,SouthBase-826051-1978,SouthBase-826066-2028
NBM-0374-02,NBM-0374-01,1,,,,,,SouthBase-826052-1980,SouthBase-826068-2030
NBM-0374-02,NBM-0374-01,1,,,,,,SouthBase-826054-1984,SouthBase-826070-2034
NBM-0374-02,NBM-0374-01,1,,,,,,SouthBase-826056-1988,SouthBase-826072-2038
NBM-0374-02,NBM-0374-01,1,,,,,,SouthBase-826058-1994,SouthBase-826074-2044
NBM-0374-02,NBM-0374-01,1,,,,,,SouthBase-826079-2062,SouthBase-826035-1912
NBM-0374-02,NBM-0374-01,1,,,,,,SouthBase-826084-2086,SouthBase-826041-1936
NBM-0374-02,NBM-0374-01,1,,,,,,SouthBase-826086-2092,SouthBase-826043-1942
NEC-2192-03,FB-0095-04,1,,,,,,SWKNDWCPeriod-831038-5815,SWKNDWCPeriod-831194-5715
NEC-2192-03,FB-0095-04,1,,,,,,SWKNDWCPeriod-831039-5821,SWKNDWCPeriod-831246-5721
NEC-2192-03,FB-0095-04,1,,,,,,SWKNDWCPeriod-831042-5831,SWKNDWCPeriod-831270-5731
NEC-2192-03,FB-0095-04,1,,,,,,SWKNDWCPeriod-831044-5839,SWKNDWCPeriod-831272-5739
NEC-2192-03,FB-0095-04,1,,,,,,SWKNDWCPeriod-831046-5847,SWKNDWCPeriod-831275-5747
NEC-2192-03,FB-0095-04,1,,,,,,SWKNDWCPeriod-831047-5855,SWKNDWCPeriod-831268-5755
NEC-2192-03,FB-0095-04,1,,,,,,SWKNDWCPeriod-831049-5867,SWKNDWCPeriod-831266-5767
NEC-2192-03,FB-0095-04,1,,,,,,SWKNDWCPeriod-831051-5877,SWKNDWCPeriod-831274-5777
NEC-2192-03,FB-0095-04,1,,,,,,SWKNDWCPeriod-831054-5885,SWKNDWCPeriod-831263-5785
NEC-2192-03,FB-0095-04,1,,,,,,SWKNDWCPeriod-831056-5893,SWKNDWCPeriod-831243-5793
NEC-2192-03,FB-0095-04,1,,,,,,CP44-833754-5815,CP44-833910-5715
NEC-2192-03,FB-0095-04,1,,,,,,CP44-833755-5821,CP44-833962-5721
NEC-2192-03,FB-0095-04,1,,,,,,CP44-833758-5831,CP44-833986-5731
NEC-2192-03,FB-0095-04,1,,,,,,CP44-833760-5839,CP44-833988-5739
NEC-2192-03,FB-0095-04,1,,,,,,CP44-833762-5847,CP44-833991-5747
NEC-2192-03,FB-0095-04,1,,,,,,CP44-833763-5855,CP44-833984-5755
NEC-2192-03,FB-0095-04,1,,,,,,CP44-833765-5867,CP44-833982-5767
NEC-2192-03,FB-0095-04,1,,,,,,CP44-833767-5877,CP44-833990-5777
NEC-2192-03,FB-0095-04,1,,,,,,CP44-833770-5885,CP44-833979-5785
NEC-2192-03,FB-0095-04,1,,,,,,CP44-833772-5893,CP44-833959-5793
NEC-2192-03,FB-0095-04,1,,,,,,PlainsINT-837276-875,PlainsINT-837495-1775
NEC-2192-03,FB-0095-04,1,,,,,,PlainsINT-837279-885,PlainsINT-837509-1785
NEC-2192-03,FB-0095-04,1,,,,,,PlainsINT-837283-893,PlainsINT-837554-793
NEC-2192-03,FB-0095-04,1,,,,,,PlainsINT-838436-5815,PlainsINT-838508-5715
NEC-2192-03,FB-0095-04,1,,,,,,PlainsINT-838437-5821,PlainsINT-838560-5721
NEC-2192-03,FB-0095-04,1,,,,,,PlainsINT-838440-5831,PlainsINT-838584-5731
NEC-2192-03,FB-0095-04,1,,,,,,PlainsINT-838442-5839,PlainsINT-838586-5739
NEC-2192-03,FB-0095-04,1,,,,,,PlainsINT-838444-5847,PlainsINT-838589-5747
NEC-2192-03,FB-0095-04,1,,,,,,PlainsINT-838445-5855,PlainsINT-838582-5755
NEC-2192-03,FB-0095-04,1,,,,,,PlainsINT-838447-5867,PlainsINT-838580-5767
NEC-2192-03,FB-0095-04,1,,,,,,PlainsINT-838449-5877,PlainsINT-838588-5777
NEC-2192-03,FB-0095-04,1,,,,,,PlainsINT-838452-5885,PlainsINT-838577-5785
NEC-2192-03,FB-0095-04,1,,,,,,PlainsINT-838454-5893,PlainsINT-838557-5793
NEC-2192-03,FB-0095-04,1,,,,,,PlainsINT-837829-875,PlainsINT-838049-1775
NEC-2192-03,FB-0095-04,1,,,,,,PlainsINT-837832-885,PlainsINT-838065-1785
NEC-2192-03,FB-0095-04,1,,,,,,PlainsINT-837836-893,PlainsINT-838112-793
NEC-2192-03,FB-0095-04,1,,,,,,PlainsINT-838188-5815,PlainsINT-838318-5715
NEC-2192-03,FB-0095-04,1,,,,,,PlainsINT-838189-5821,PlainsINT-838370-5721
NEC-2192-03,FB-0095-04,1,,,,,,PlainsINT-838192-5831,PlainsINT-838394-5731
NEC-2192-03,FB-0095-04,1,,,,,,PlainsINT-838194-5839,PlainsINT-838396-5739
NEC-2192-03,FB-0095-04,1,,,,,,PlainsINT-838196-5847,PlainsINT-838399-5747
NEC-2192-03,FB-0095-04,1,,,,,,PlainsINT-838197-5855,PlainsINT-838392-5755
NEC-2192-03,FB-0095-04,1,,,,,,PlainsINT-838199-5867,PlainsINT-838390-5767
NEC-2192-03,FB-0095-04,1,,,,,,PlainsINT-838201-5877,PlainsINT-838398-5777
NEC-2192-03,FB-0095-04,1,,,,,,PlainsINT-838204-5885,PlainsINT-838387-5785
NEC-2192-03,FB-0095-04,1,,,,,,PlainsINT-838206-5893,PlainsINT-838367-5793
NEC-2192-03,FB-0095-04,1,,,,,,SWKDYWCPeriod-816698-875,SWKDYWCPeriod-831443-1775
NEC-2192-03,FB-0095-04,1,,,,,,SWKDYWCPeriod-816701-885,SWKDYWCPeriod-831439-1785
NEC-2192-03,FB-0095-04,1,,,,,,SWKDYWCPeriod-816705-893,SWKDYWCPeriod-831451-793
NEC-2192-03,FB-0095-04,1,,,,,,JFKStops-834886-5815,JFKStops-835042-5715
NEC-2192-03,FB-0095-04,1,,,,,,JFKStops-834887-5821,JFKStops-835094-5721
NEC-2192-03,FB-0095-04,1,,,,,,JFKStops-834890-5831,JFKStops-835118-5731
NEC-2192-03,FB-0095-04,1,,,,,,JFKStops-834892-5839,JFKStops-835120-5739
NEC-2192-03,FB-0095-04,1,,,,,,JFKStops-834894-5847,JFKStops-835123-5747
NEC-2192-03,FB-0095-04,1,,,,,,JFKStops-834895-5855,JFKStops-835116-5755
NEC-2192-03,FB-0095-04,1,,,,,,JFKStops-834897-5867,JFKStops-835114-5767
NEC-2192-03,FB-0095-04,1,,,,,,JFKStops-834899-5877,JFKStops-835122-5777
NEC-2192-03,FB-0095-04,1,,,,,,JFKStops-834902-5885,JFKStops-835111-5785
NEC-2192-03,FB-0095-04,1,,,,,,JFKStops-834904-5893,JFKStops-835091-5793
NEC-2192-03,FB-0095-04,1,,,,,,SouthBase-826225-885,SouthBase-830550-1785
NEC-2192-03,FB-0095-04,1,,,,,,SouthBase-826222-875,SouthBase-830534-1775
NEC-2192-03,FB-0095-04,1,,,,,,SouthBase-826229-893,SouthBase-830597-793
NEC-2192-03,FB-0095-04,1,,,,,,SouthBase-793088-5815,SouthBase-830380-5715
NEC-2192-03,FB-0095-04,1,,,,,,SouthBase-793089-5821,SouthBase-830432-5721
NEC-2192-03,FB-0095-04,1,,,,,,SouthBase-793092-5831,SouthBase-830456-5731
NEC-2192-03,FB-0095-04,1,,,,,,SouthBase-793094-5839,SouthBase-830458-5739
NEC-2192-03,FB-0095-04,1,,,,,,SouthBase-793096-5847,SouthBase-830461-5747
NEC-2192-03,FB-0095-04,1,,,,,,SouthBase-793097-5855,SouthBase-830454-5755
NEC-2192-03,FB-0095-04,1,,,,,,SouthBase-793099-5867,SouthBase-830452-5767
NEC-2192-03,FB-0095-04,1,,,,,,SouthBase-793101-5877,SouthBase-830460-5777
NEC-2192-03,FB-0095-04,1,,,,,,SouthBase-793104-5885,SouthBase-830449-5785
NEC-2192-03,FB-0095-04,1,,,,,,SouthBase-793106-5893,SouthBase-830429-5793
NEC-2237-03,NEC-2237-05,1,,,,,,SWKDYWCPeriod-816703-889,SWKDYWCPeriod-831402-689
NEC-2237-03,NEC-2237-05,1,,,,,,SWKDYWCPeriod-816705-893,SWKDYWCPeriod-831465-693
NEC-2237-03,NEC-2237-05,1,,,,,,SouthBase-826227-889,SouthBase-830591-689
NEC-2237-03,NEC-2237-05,1,,,,,,SouthBase-826229-893,SouthBase-830588-693
10642,70001,2,133,73,148,60,1,,
10642,875,2,225,105,190,120,1,,
10642,Forest Hills-01,2,133,73,148,60,1,,
10642,Forest Hills-02,2,133,73,148,60,1,,
10642,NEC-2237,2,454,154,259,300,1,,
10642,NEC-2237-03,2,454,154,259,300,1,,
10642,NEC-2237-05,2,454,154,259,300,1,,
11384,176,2,178,58,75,120,1,,
11384,23391,2,196,76,99,120,1,,
11384,70014,2,136,76,131,60,1,,
11384,70015,2,136,76,131,60,1,,
11384,NEC-2276,2,338,38,49,300,1,,
11384,NEC-2276-01,2,371,71,144,300,1,,
11384,NEC-2276-02,2,370,70,167,300,1,,
11384,NEC-2276-03,2,371,71,144,300,1,,
11384,WML-0012-05,2,443,143,233,300,1,,
11384,WML-0012-07,2,443,143,233,300,1,,
11531,70006,2,115,55,126,60,1,,
11531,70007,2,115,55,126,60,1,,
121,12101,2,122,2,3,120,1,,
121,70085,2,255,195,299,60,1,,
121,70086,2,255,195,299,60,1,,
121,70095,2,251,191,294,60,1,,
121,70096,2,251,191,294,60,1,,
121,MM-0023-S,2,388,88,114,300,1,,
12101,121,2,122,2,3,120,1,,
12101,70085,2,255,195,299,60,1,,
12101,70086,2,255,195,299,60,1,,
12101,70095,2,251,191,294,60,1,,
12101,70096,2,251,191,294,60,1,,
12101,MM-0023-S,2,388,88,114,300,1,,
1222,1258,2,230,110,142,120,1,,
1222,1323,2,223,103,133,120,1,,
1222,1357,2,207,87,113,120,1,,
1222,70008,2,212,152,243,60,1,,
1222,70009,2,212,152,243,60,1,,
1258,1222,2,230,110,142,120,1,,
1258,1323,2,180,60,77,120,1,,
1258,1357,2,164,44,57,120,1,,
1258,70008,2,168,108,187,60,1,,
1258,70009,2,168,108,187,60,1,,
13,70083,2,145,85,169,60,1,,
13,70084,2,143,83,167,60,1,,
1323,1222,2,223,103,133,120,1,,
1323,1258,2,180,60,77,120,1,,
1323,1357,2,157,37,48,120,1,,
1323,70008,2,161,101,178,60,1,,
1323,70009,2,161,101,178,60,1,,
1357,1222,2,207,87,113,120,1,,
1357,1258,2,164,44,57,120,1,,
1357,1323,2,157,37,48,120,1,,
1357,70008,2,145,85,158,60,1,,
1357,70009,2,145,85,158,60,1,,
14112,14118,2,187,67,87,120,1,,
14112,14120,2,159,39,50,120,1,,
14112,14121,2,169,49,63,120,1,,
14112,14122,2,183,63,81,120,1,,
14112,14123,2,198,78,101,120,1,,
14112,70061,2,238,178,286,60,1,,
14112,9070061,2,183,63,82,120,1,,
14112,Alewife-01,2,238,178,286,60,1,,
14112,Alewife-02,2,238,178,286,60,1,,
14118,14112,2,187,67,87,120,1,,
14118,14120,2,157,37,48,120,1,,
14118,14121,2,167,47,61,120,1,,
14118,14122,2,181,61,79,120,1,,
14118,14123,2,196,76,99,120,1,,
14118,70061,2,237,177,284,60,1,,
14118,9070061,2,182,62,80,120,1,,
14118,Alewife-01,2,237,177,284,60,1,,
14118,Alewife-02,2,237,177,284,60,1,,
14120,14112,2,159,39,50,120,1,,
14120,14118,2,157,37,48,120,1,,
14120,14121,2,139,19,24,120,1,,
14120,14122,2,153,33,42,120,1,,
14120,14123,2,168,48,62,120,1,,
14120,70061,2,208,148,247,60,1,,
14120,9070061,2,153,33,43,120,1,,
14120,Alewife-01,2,208,148,247,60,1,,
14120,Alewife-02,2,208,148,247,60,1,,
14121,14112,2,169,49,63,120,1,,
14121,14118,2,167,47,61,120,1,,
14121,14120,2,139,19,24,120,1,,
14121,14122,2,162,42,55,120,1,,
14121,14123,2,178,58,75,120,1,,
14121,70061,2,218,158,260,60,1,,
14121,9070061,2,163,43,56,120,1,,
14121,Alewife-01,2,218,158,260,60,1,,
14121,Alewife-02,2,218,158,260,60,1,,
14122,14112,2,183,63,81,120,1,,
14122,14118,2,181,61,79,120,1,,
14122,14120,2,153,33,42,120,1,,
14122,14121,2,162,42,55,120,1,,
14122,14123,2,192,72,93,120,1,,
14122,70061,2,232,172,278,60,1,,
14122,9070061,2,177,57,74,120,1,,
14122,Alewife-01,2,232,172,278,60,1,,
14122,Alewife-02,2,232,172,278,60,1,,
14123,14112,2,198,78,101,120,1,,
14123,14118,2,196,76,99,120,1,,
14123,14120,2,168,48,62,120,1,,
14123,14121,2,178,58,75,120,1,,
14123,14122,2,192,72,93,120,1,,
14123,70061,2,248,188,298,60,1,,
14123,9070061,2,193,73,94,120,1,,
14123,Alewife-01,2,248,188,298,60,1,,
14123,Alewife-02,2,248,188,298,60,1,,
150,151,2,143,23,29,120,1,,
150,70081,2,112,52,138,60,1,,
150,70082,2,112,52,138,60,1,,
151,150,2,143,23,29,120,1,,
151,70081,2,121,61,150,60,1,,
151,70082,2,121,61,150,60,1,,
15796,15797,2,141,21,27,120,1,,
15796,15798,2,157,37,48,120,1,,
15796,15799,2,177,57,74,120,1,,
15796,15800,2,197,77,100,120,1,,
15796,70059,2,136,76,96,60,1,,
15796,70060,2,243,183,261,60,1,,
15797,15796,2,141,21,27,120,1,,
15797,15798,2,142,22,28,120,1,,
15797,15799,2,162,42,55,120,1,,
15797,15800,2,183,63,81,120,1,,
15797,70059,2,121,61,77,60,1,,
15797,70060,2,228,168,242,60,1,,
15798,15796,2,157,37,48,120,1,,
15798,15797,2,142,22,28,120,1,,
15798,15799,2,178,58,75,120,1,,
15798,15800,2,198,78,101,120,1,,
15798,70059,2,137,77,97,60,1,,
15798,70060,2,244,184,263,60,1,,
15799,15796,2,177,57,74,120,1,,
15799,15797,2,162,42,55,120,1,,
15799,15798,2,178,58,75,120,1,,
15799,15800,2,219,99,128,120,1,,
15799,70059,2,158,98,123,60,1,,
15799,70060,2,264,204,289,60,1,,
15800,15796,2,197,77,100,120,1,,
15800,15797,2,183,63,81,120,1,,
15800,15798,2,198,78,101,120,1,,
15800,15799,2,219,99,128,120,1,,
15800,70059,2,178,118,150,60,1,,
15800,70060,2,284,224,315,60,1,,
15879,15880,2,132,12,15,120,1,,
15879,5879,2,179,59,161,120,1,,
15879,5880,2,179,59,161,120,1,,
15879,70051,2,106,46,140,60,1,,
15879,70052,2,80,20,24,60,1,,
15880,15879,2,132,12,15,120,1,,
15880,5879,2,179,59,161,120,1,,
15880,5880,2,179,59,161,120,1,,
15880,70051,2,106,46,140,60,1,,
15880,70052,2,80,20,24,60,1,,
176,11384,2,178,58,75,120,1,,
176,23391,2,236,116,150,120,1,,
176,70014,2,172,112,178,60,1,,
176,70015,2,172,112,178,60,1,,
176,NEC-2276,2,359,59,76,300,1,,
176,NEC-2276-01,2,406,106,189,300,1,,
176,NEC-2276-02,2,392,92,195,300,1,,
176,NEC-2276-03,2,406,106,189,300,1,,
176,WML-0012-05,2,486,186,289,300,1,,
176,WML-0012-07,2,486,186,289,300,1,,
17861,17862,2,177,57,134,120,1,,
17861,17863,2,166,46,119,120,1,,
17861,17865,2,156,36,106,120,1,,
17861,17866,2,170,50,125,120,1,,
17861,17867,2,163,43,110,120,1,,
17861,17868,2,164,44,111,120,1,,
17861,17869,2,170,50,118,120,1,,
17861,17870,2,177,57,128,120,1,,
17861,17871,2,183,63,136,120,1,,
17861,70010,2,116,56,145,60,1,,
17861,70011,2,116,56,145,60,1,,
17861,NEC-2265,2,325,25,32,300,1,,
17861,NEC-2265-01,2,353,53,118,300,1,,
17861,NEC-2265-02,2,457,157,263,300,1,,
17861,NEC-2265-03,2,353,53,118,300,1,,
17862,17861,2,177,57,134,120,1,,
17862,17863,2,133,13,17,120,1,,
17862,17865,2,149,29,37,120,1,,
17862,17866,2,164,44,56,120,1,,
17862,17867,2,136,16,21,120,1,,
17862,17868,2,149,29,37,120,1,,
17862,17869,2,138,18,24,120,1,,
17862,17870,2,146,26,34,120,1,,
17862,17871,2,152,32,41,120,1,,
17862,70010,2,133,73,228,60,1,,
17862,70011,2,133,73,228,60,1,,
17862,NEC-2265,2,347,47,121,300,1,,
17862,NEC-2265-01,2,350,50,175,300,1,,
17862,NEC-2265-02,2,441,141,183,300,1,,
17862,NEC-2265-03,2,350,50,175,300,1,,
17863,17861,2,166,46,119,120,1,,
17863,17862,2,133,13,17,120,1,,
17863,17865,2,136,16,21,120,1,,
17863,17866,2,151,31,40,120,1,,
17863,17867,2,148,28,36,120,1,,
17863,17868,2,154,34,43,120,1,,
17863,17869,2,150,30,39,120,1,,
17863,17870,2,158,38,49,120,1,,
17863,17871,2,164,44,56,120,1,,
17863,70010,2,121,61,213,60,1,,
17863,70011,2,121,61,213,60,1,,
17863,NEC-2265,2,336,36,106,300,1,,
17863,NEC-2265-01,2,338,38,160,300,1,,
17863,NEC-2265-02,2,438,138,178,300,1,,
17863,NEC-2265-03,2,338,38,160,300,1,,
17865,17861,2,156,36,106,120,1,,
17865,17862,2,149,29,37,120,1,,
17865,17863,2,136,16,21,120,1,,
17865,17866,2,135,15,19,120,1,,
17865,17867,2,164,44,56,120,1,,
17865,17868,2,149,29,38,120,1,,
17865,17869,2,159,39,51,120,1,,
17865,17870,2,160,40,52,120,1,,
17865,17871,2,166,46,60,120,1,,
17865,70010,2,111,51,200,60,1,,
17865,70011,2,111,51,200,60,1,,
17865,NEC-2265,2,326,26,93,300,1,,
17865,NEC-2265-01,2,328,28,147,300,1,,
17865,NEC-2265-02,2,427,127,165,300,1,,
17865,NEC-2265-03,2,328,28,147,300,1,,
17866,17861,2,170,50,125,120,1,,
17866,17862,2,164,44,56,120,1,,
17866,17863,2,151,31,40,120,1,,
17866,17865,2,135,15,19,120,1,,
17866,17867,2,152,32,41,120,1,,
17866,17868,2,152,32,42,120,1,,
17866,17869,2,145,25,33,120,1,,
17866,17870,2,153,33,43,120,1,,
17866,17871,2,159,39,51,120,1,,
17866,70010,2,126,66,218,60,1,,
17866,70011,2,126,66,218,60,1,,
17866,NEC-2265,2,340,40,112,300,1,,
17866,NEC-2265-01,2,343,43,166,300,1,,
17866,NEC-2265-02,2,413,113,147,300,1,,
17866,NEC-2265-03,2,343,43,166,300,1,,
17867,17861,2,163,43,110,120,1,,
17867,17862,2,136,16,21,120,1,,
17867,17863,2,148,28,36,120,1,,
17867,17865,2,164,44,56,120,1,,
17867,17866,2,152,32,41,120,1,,
17867,17868,2,135,15,20,120,1,,
17867,17869,2,151,31,40,120,1,,
17867,17870,2,159,39,51,120,1,,
17867,17871,2,166,46,59,120,1,,
17867,70010,2,119,59,203,60,1,,
17867,70011,2,119,59,203,60,1,,
17867,NEC-2265,2,333,33,97,300,1,,
17867,NEC-2265-01,2,336,36,150,300,1,,
17867,NEC-2265-02,2,434,134,173,300,1,,
17867,NEC-2265-03,2,336,36,150,300,1,,
17868,17861,2,164,44,111,120,1,,
17868,17862,2,149,29,37,120,1,,
17868,17863,2,154,34,43,120,1,,
17868,17865,2,149,29,38,120,1,,
17868,17866,2,152,32,42,120,1,,
17868,17867,2,135,15,20,120,1,,
17868,17869,2,135,15,19,120,1,,
17868,17870,2,144,24,30,120,1,,
17868,17871,2,150,30,38,120,1,,
17868,70010,2,120,60,205,60,1,,
17868,70011,2,120,60,205,60,1,,
17868,NEC-2265,2,334,34,99,300,1,,
17868,NEC-2265-01,2,337,37,152,300,1,,
17868,NEC-2265-02,2,434,134,174,300,1,,
17868,NEC-2265-03,2,337,37,152,300,1,,
17869,17861,2,170,50,118,120,1,,
17869,17862,2,138,18,24,120,1,,
17869,17863,2,150,30,39,120,1,,
17869,17865,2,159,39,51,120,1,,
17869,17866,2,145,25,33,120,1,,
17869,17867,2,151,31,40,120,1,,
17869,17868,2,135,15,19,120,1,,
17869,17870,2,128,8,10,120,1,,
17869,17871,2,134,14,18,120,1,,
17869,70010,2,125,65,212,60,1,,
17869,70011,2,125,65,212,60,1,,
17869,NEC-2265,2,340,40,105,300,1,,
17869,NEC-2265-01,2,342,42,158,300,1,,
17869,NEC-2265-02,2,427,127,165,300,1,,
17869,NEC-2265-03,2,342,42,158,300,1,,
17870,17861,2,177,57,128,120,1,,
17870,17862,2,146,26,34,120,1,,
17870,17863,2,158,38,49,120,1,,
17870,17865,2,160,40,52,120,1,,
17870,17866,2,153,33,43,120,1,,
17870,17867,2,159,39,51,120,1,,
17870,17868,2,144,24,30,120,1,,
17870,17869,2,128,8,10,120,1,,
17870,17871,2,126,6,8,120,1,,
17870,70010,2,133,73,222,60,1,,
17870,70011,2,133,73,222,60,1,,
17870,NEC-2265,2,347,47,115,300,1,,
17870,NEC-2265-01,2,350,50,169,300,1,,
17870,NEC-2265-02,2,435,135,175,300,1,,
17870,NEC-2265-03,2,350,50,169,300,1,,
17871,17861,2,183,63,136,120,1,,
17871,17862,2,152,32,41,120,1,,
17871,17863,2,164,44,56,120,1,,
17871,17865,2,161,41,52,120,1,,
17871,17866,2,159,39,51,120,1,,
17871,17867,2,166,46,59,120,1,,
17871,17868,2,150,30,38,120,1,,
17871,17869,2,134,14,18,120,1,,
17871,17870,2,126,6,8,120,1,,
17871,70010,2,139,79,229,60,1,,
17871,70011,2,139,79,229,60,1,,
17871,NEC-2265,2,353,53,123,300,1,,
17871,NEC-2265-01,2,356,56,176,300,1,,
17871,NEC-2265-02,2,441,141,182,300,1,,
17871,NEC-2265-03,2,356,56,176,300,1,,
185,18511,2,146,26,34,120,1,,
185,70275,2,155,35,42,120,1,,
185,70276,2,153,33,40,120,1,,
18511,185,2,146,26,34,120,1,,
18511,70275,2,177,57,71,120,1,,
18511,70276,2,149,29,35,120,1,,
187,188,2,172,52,67,120,1,,
187,70012,2,130,70,135,60,1,,
187,70013,2,130,70,135,60,1,,
188,187,2,172,52,67,120,1,,
188,70012,2,134,74,141,60,1,,
188,70013,2,134,74,141,60,1,,
21917,21918,2,167,47,61,120,1,,
21917,70174,2,267,147,187,120,1,,
21917,70175,2,269,149,189,120,1,,
21918,21917,2,167,47,61,120,1,,
21918,70174,2,243,123,156,120,1,,
21918,70175,2,295,175,224,120,1,,
23391,11384,2,196,76,99,120,1,,
23391,176,2,236,116,150,120,1,,
23391,70014,2,159,99,162,60,1,,
23391,70015,2,159,99,162,60,1,,
23391,NEC-2276,2,363,63,82,300,1,,
23391,NEC-2276-01,2,343,43,108,300,1,,
23391,NEC-2276-02,2,383,83,183,300,1,,
23391,NEC-2276-03,2,343,43,108,300,1,,
23391,WML-0012-05,2,481,181,282,300,1,,
23391,WML-0012-07,2,481,181,282,300,1,,
29001,29002,2,136,16,21,120,1,,
29001,29003,2,145,25,33,120,1,,
29001,29004,2,155,35,45,120,1,,
29001,29005,2,164,44,57,120,1,,
29001,29006,2,174,54,70,120,1,,
29001,29007,2,237,117,141,120,1,,
29001,29008,2,231,111,134,120,1,,
29001,29009,2,241,121,147,120,1,,
29001,29010,2,250,130,158,120,1,,
29001,29011,2,248,128,156,120,1,,
29001,29012,2,256,136,165,120,1,,
29001,29013,2,266,146,179,120,1,,
29001,31091,2,248,128,156,120,1,,
29001,31092,2,266,146,179,120,1,,
29001,70030,2,136,76,135,60,1,,
29001,70031,2,136,76,135,60,1,,
29002,29001,2,136,16,21,120,1,,
29002,29003,2,130,10,13,120,1,,
29002,29004,2,139,19,25,120,1,,
29002,29005,2,148,28,37,120,1,,
29002,29006,2,158,38,49,120,1,,
29002,29007,2,216,96,124,120,1,,
29002,29008,2,210,90,116,120,1,,
29002,29009,2,220,100,129,120,1,,
29002,29010,2,229,109,141,120,1,,
29002,29011,2,227,107,139,120,1,,
29002,29012,2,235,115,148,120,1,,
29002,29013,2,245,125,162,120,1,,
29002,31091,2,227,107,139,120,1,,
29002,31092,2,245,125,162,120,1,,
29002,70030,2,133,73,129,60,1,,
29002,70031,2,133,73,129,60,1,,
29003,29001,2,145,25,33,120,1,,
29003,29002,2,130,10,13,120,1,,
29003,29004,2,130,10,13,120,1,,
29003,29005,2,139,19,24,120,1,,
29003,29006,2,149,29,37,120,1,,
29003,29007,2,206,86,112,120,1,,
29003,29008,2,201,81,104,120,1,,
29003,29009,2,211,91,117,120,1,,
29003,29010,2,220,100,129,120,1,,
29003,29011,2,218,98,127,120,1,,
29003,29012,2,225,105,136,120,1,,
29003,29013,2,236,116,149,120,1,,
29003,31091,2,218,98,127,120,1,,
29003,31092,2,236,116,149,120,1,,
29003,70030,2,131,71,126,60,1,,
29003,70031,2,131,71,126,60,1,,
29004,29001,2,155,35,45,120,1,,
29004,29002,2,139,19,25,120,1,,
29004,29003,2,130,10,13,120,1,,
29004,29005,2,129,9,11,120,1,,
29004,29006,2,139,19,24,120,1,,
29004,29007,2,196,76,99,120,1,,
29004,29008,2,191,71,91,120,1,,
29004,29009,2,201,81,104,120,1,,
29004,29010,2,210,90,116,120,1,,
29004,29011,2,208,88,114,120,1,,
29004,29012,2,215,95,123,120,1,,
29004,29013,2,226,106,136,120,1,,
29004,31091,2,208,88,114,120,1,,
29004,31092,2,226,106,136,120,1,,
29004,70030,2,128,68,135,60,1,,
29004,70031,2,128,68,135,60,1,,
29005,29001,2,164,44,57,120,1,,
29005,29002,2,148,28,37,120,1,,
29005,29003,2,139,19,24,120,1,,
29005,29004,2,129,9,11,120,1,,
29005,29006,2,130,10,13,120,1,,
29005,29007,2,188,68,88,120,1,,
29005,29008,2,182,62,80,120,1,,
29005,29009,2,192,72,93,120,1,,
29005,29010,2,201,81,105,120,1,,
29005,29011,2,199,79,103,120,1,,
29005,29012,2,207,87,112,120,1,,
29005,29013,2,217,97,126,120,1,,
29005,31091,2,199,79,103,120,1,,
29005,31092,2,217,97,126,120,1,,
29005,70030,2,137,77,135,60,1,,
29005,70031,2,137,77,135,60,1,,
29006,29001,2,174,54,70,120,1,,
29006,29002,2,158,38,49,120,1,,
29006,29003,2,149,29,37,120,1,,
29006,29004,2,139,19,24,120,1,,
29006,29005,2,130,10,13,120,1,,
29006,29007,2,178,58,75,120,1,,
29006,29008,2,172,52,67,120,1,,
29006,29009,2,182,62,80,120,1,,
29006,29010,2,191,71,92,120,1,,
29006,29011,2,189,69,90,120,1,,
29006,29012,2,197,77,99,120,1,,
29006,29013,2,207,87,113,120,1,,
29006,31091,2,189,69,90,120,1,,
29006,31092,2,207,87,113,120,1,,
29006,70030,2,146,86,135,60,1,,
29006,70031,2,146,86,135,60,1,,
29007,29001,2,234,114,138,120,1,,
29007,29002,2,214,94,121,120,1,,
29007,29003,2,204,84,109,120,1,,
29007,29004,2,194,74,96,120,1,,
29007,29005,2,186,66,85,120,1,,
29007,29006,2,176,56,72,120,1,,
29007,29008,2,135,15,20,120,1,,
29007,29009,2,146,26,33,120,1,,
29007,29010,2,155,35,45,120,1,,
29007,29011,2,143,23,29,120,1,,
29007,29012,2,150,30,38,120,1,,
29007,29013,2,160,40,51,120,1,,
29007,31091,2,143,23,29,120,1,,
29007,31092,2,160,40,51,120,1,,
29007,70030,2,202,142,207,60,1,,
29007,70031,2,202,142,207,60,1,,
29008,29001,2,229,109,131,120,1,,
29008,29002,2,208,88,114,120,1,,
29008,29003,2,199,79,102,120,1,,
29008,29004,2,189,69,89,120,1,,
29008,29005,2,180,60,78,120,1,,
29008,29006,2,170,50,65,120,1,,
29008,29007,2,135,15,20,120,1,,
29008,29009,2,131,11,14,120,1,,
29008,29010,2,140,20,25,120,1,,
29008,29011,2,148,28,36,120,1,,
29008,29012,2,154,34,44,120,1,,
29008,29013,2,164,44,57,120,1,,
29008,31091,2,148,28,36,120,1,,
29008,31092,2,164,44,57,120,1,,
29008,70030,2,196,136,200,60,1,,
29008,70031,2,196,136,200,60,1,,
29009,29001,2,239,119,144,120,1,,
29009,29002,2,218,98,127,120,1,,
29009,29003,2,209,89,115,120,1,,
29009,29004,2,199,79,102,120,1,,
29009,29005,2,190,70,91,120,1,,
29009,29006,2,180,60,78,120,1,,
29009,29007,2,146,26,33,120,1,,
29009,29008,2,131,11,14,120,1,,
29009,29010,2,129,9,12,120,1,,
29009,29011,2,158,38,49,120,1,,
29009,29012,2,165,45,58,120,1,,
29009,29013,2,175,55,71,120,1,,
29009,31091,2,158,38,49,120,1,,
29009,31092,2,175,55,71,120,1,,
29009,70030,2,206,146,213,60,1,,
29009,70031,2,206,146,213,60,1,,
29010,29001,2,248,128,156,120,1,,
29010,29002,2,227,107,139,120,1,,
29010,29003,2,218,98,126,120,1,,
29010,29004,2,208,88,113,120,1,,
29010,29005,2,199,79,102,120,1,,
29010,29006,2,189,69,89,120,1,,
29010,29007,2,155,35,45,120,1,,
29010,29008,2,140,20,25,120,1,,
29010,29009,2,129,9,12,120,1,,
29010,29011,2,167,47,61,120,1,,
29010,29012,2,174,54,70,120,1,,
29010,29013,2,184,64,83,120,1,,
29010,31091,2,167,47,61,120,1,,
29010,31092,2,184,64,83,120,1,,
29010,70030,2,216,156,225,60,1,,
29010,70031,2,216,156,225,60,1,,
29011,29001,2,246,126,153,120,1,,
29011,29002,2,225,105,136,120,1,,
29011,29003,2,216,96,124,120,1,,
29011,29004,2,206,86,111,120,1,,
29011,29005,2,197,77,100,120,1,,
29011,29006,2,187,67,87,120,1,,
29011,29007,2,143,23,29,120,1,,
29011,29008,2,148,28,36,120,1,,
29011,29009,2,158,38,49,120,1,,
29011,29010,2,167,47,61,120,1,,
29011,29012,2,135,15,19,120,1,,
29011,29013,2,145,25,33,120,1,,
29011,31091,2,122,2,3,120,1,,
29011,31092,2,145,25,33,120,1,,
29011,70030,2,214,154,222,60,1,,
29011,70031,2,214,154,222,60,1,,
29012,29001,2,253,133,163,120,1,,
29012,29002,2,233,113,146,120,1,,
29012,29003,2,223,103,133,120,1,,
29012,29004,2,213,93,120,120,1,,
29012,29005,2,205,85,110,120,1,,
29012,29006,2,195,75,97,120,1,,
29012,29007,2,150,30,38,120,1,,
29012,29008,2,154,34,44,120,1,,
29012,29009,2,165,45,58,120,1,,
29012,29010,2,174,54,70,120,1,,
29012,29011,2,135,15,19,120,1,,
29012,29013,2,131,11,14,120,1,,
29012,31091,2,135,15,19,120,1,,
29012,31092,2,131,11,14,120,1,,
29012,70030,2,221,161,232,60,1,,
29012,70031,2,221,161,232,60,1,,
29013,29001,2,264,144,176,120,1,,
29013,29002,2,243,123,159,120,1,,
29013,29003,2,233,113,147,120,1,,
29013,29004,2,223,103,134,120,1,,
29013,29005,2,215,95,123,120,1,,
29013,29006,2,205,85,110,120,1,,
29013,29007,2,160,40,51,120,1,,
29013,29008,2,164,44,57,120,1,,
29013,29009,2,175,55,71,120,1,,
29013,29010,2,184,64,83,120,1,,
29013,29011,2,145,25,33,120,1,,
29013,29012,2,131,11,14,120,1,,
29013,31091,2,145,25,33,120,1,,
29013,31092,2,122,2,3,120,1,,
29013,70030,2,231,171,245,60,1,,
29013,70031,2,231,171,245,60,1,,
31091,29001,2,246,126,153,120,1,,
31091,29002,2,225,105,136,120,1,,
31091,29003,2,216,96,124,120,1,,
31091,29004,2,206,86,111,120,1,,
31091,29005,2,197,77,100,120,1,,
31091,29006,2,187,67,87,120,1,,
31091,29007,2,143,23,29,120,1,,
31091,29008,2,148,28,36,120,1,,
31091,29009,2,158,38,49,120,1,,
31091,29010,2,167,47,61,120,1,,
31091,29011,2,122,2,3,120,1,,
31091,29012,2,135,15,19,120,1,,
31091,29013,2,145,25,33,120,1,,
31091,31092,2,145,25,33,120,1,,
31091,70030,2,214,154,222,60,1,,
31091,70031,2,214,154,222,60,1,,
31092,29001,2,264,144,176,120,1,,
31092,29002,2,243,123,159,120,1,,
31092,29003,2,233,113,147,120,1,,
31092,29004,2,223,103,134,120,1,,
31092,29005,2,215,95,123,120,1,,
31092,29006,2,205,85,110,120,1,,
31092,29007,2,160,40,51,120,1,,
31092,29008,2,164,44,57,120,1,,
31092,29009,2,175,55,71,120,1,,
31092,29010,2,184,64,83,120,1,,
31092,29011,2,145,25,33,120,1,,
31092,29012,2,131,11,14,120,1,,
31092,29013,2,122,2,3,120,1,,
31092,31091,2,145,25,33,120,1,,
31092,70030,2,231,171,245,60,1,,
31092,70031,2,231,171,245,60,1,,
3125,70097,2,192,132,208,60,1,,
3125,70098,2,192,132,208,60,1,,
32000,32001,2,174,54,,120,2,,
32000,32002,2,184,64,,120,2,,
32000,32003,2,194,74,,120,2,,
32000,32004,2,203,83,,120,2,,
32000,32005,2,213,93,,120,2,,
32000,70101,2,124,64,,60,2,,
32000,70102,2,124,64,,60,2,,
32000,MM-0079-S,2,364,64,,300,2,,
32001,32000,2,177,57,,120,2,,
32001,32002,2,150,30,39,120,1,,
32001,32003,2,160,40,52,120,1,,
32001,32004,2,169,49,63,120,1,,
32001,32005,2,179,59,76,120,1,,
32001,70101,2,101,41,114,60,1,,
32001,70102,2,101,41,114,60,1,,
32001,MM-0079-S,2,360,60,142,300,1,,
32002,32000,2,187,67,,120,2,,
32002,32001,2,150,30,39,120,1,,
32002,32003,2,170,50,65,120,1,,
32002,32004,2,179,59,76,120,1,,
32002,32005,2,189,69,89,120,1,,
32002,70101,2,111,51,127,60,1,,
32002,70102,2,111,51,127,60,1,,
32002,MM-0079-S,2,370,70,155,300,1,,
32003,32000,2,197,77,,120,2,,
32003,32001,2,160,40,52,120,1,,
32003,32002,2,170,50,65,120,1,,
32003,32004,2,189,69,89,120,1,,
32003,32005,2,199,79,102,120,1,,
32003,70101,2,121,61,140,60,1,,
32003,70102,2,121,61,140,60,1,,
32003,MM-0079-S,2,380,80,167,300,1,,
32004,32000,2,206,86,,120,2,,
32004,32001,2,169,49,63,120,1,,
32004,32002,2,179,59,76,120,1,,
32004,32003,2,189,69,89,120,1,,
32004,32005,2,208,88,114,120,1,,
32004,70101,2,130,70,152,60,1,,
32004,70102,2,130,70,152,60,1,,
32004,MM-0079-S,2,389,89,179,300,1,,
32005,32000,2,216,96,,120,2,,
32005,32001,2,179,59,76,120,1,,
32005,32002,2,189,69,89,120,1,,
32005,32003,2,199,79,102,120,1,,
32005,32004,2,208,88,114,120,1,,
32005,70101,2,140,80,165,60,1,,
32005,70102,2,140,80,165,60,1,,
32005,MM-0079-S,2,399,99,192,300,1,,
32301,32302,2,177,57,14,120,1,,
32301,32303,2,212,92,14,120,1,,
32301,70089,2,148,88,116,60,1,,
32301,70090,2,146,86,114,60,1,,
32302,32301,2,177,57,14,120,1,,
32302,32303,2,154,34,14,120,1,,
32302,70089,2,93,33,116,60,1,,
32302,70090,2,91,31,114,60,1,,
32303,32301,2,212,92,14,120,1,,
32303,32302,2,154,34,14,120,1,,
32303,70089,2,125,65,116,60,1,,
32303,70090,2,123,63,114,60,1,,
334,70093,2,115,55,100,60,1,,
334,70094,2,144,84,138,60,1,,
334,70261,2,208,88,111,120,1,,
38155,70160,2,277,157,200,120,1,,
38155,70161,2,282,162,207,120,1,,
38155,river-B,2,122,2,,120,2,,
38671,70105,2,111,51,101,60,1,,
38671,Braintree-01,2,111,51,101,60,1,,
38671,Braintree-02,2,111,51,101,60,1,,
38671,MM-0109,2,545,245,317,300,1,,
38671,MM-0109-CS,2,545,245,317,300,1,,
38671,MM-0109-S,2,545,245,317,300,1,,
41031,70103,2,112,52,117,60,1,,
41031,70104,2,120,60,127,60,1,,
4510,70039,2,152,92,203,60,1,,
4510,70040,2,152,92,203,60,1,,
4510,70201,2,190,70,129,120,1,,
4510,70202,2,191,71,131,120,1,,
4510,Government Center-Brattle,2,190,70,129,120,1,,
49002,6565,2,178,58,75,120,1,,
49002,70016,2,121,61,154,60,1,,
49002,70017,2,131,71,167,60,1,,
5072,5327,2,225,105,136,120,1,,
5072,53270,2,216,96,124,120,1,,
5072,70034,2,134,74,141,60,1,,
5072,70035,2,134,74,141,60,1,,
5072,WR-0045-S,2,369,69,146,300,1,,
5104,70063,2,165,105,259,60,1,,
5104,70064,2,165,105,259,60,1,,
52710,52711,2,225,105,136,120,1,,
52710,52712,2,210,90,117,120,1,,
52710,52713,2,198,78,101,120,1,,
52710,52714,2,236,116,150,120,1,,
52710,52715,2,222,102,132,120,1,,
52710,52716,2,210,90,116,120,1,,
52710,52720,2,189,69,89,120,1,,
52710,70032,2,234,174,268,60,1,,
52710,70033,2,234,174,268,60,1,,
52711,52710,2,225,105,136,120,1,,
52711,52712,2,191,71,92,120,1,,
52711,52713,2,179,59,76,120,1,,
52711,52714,2,217,97,125,120,1,,
52711,52715,2,203,83,107,120,1,,
52711,52716,2,191,71,92,120,1,,
52711,52720,2,170,50,65,120,1,,
52711,70032,2,215,155,244,60,1,,
52711,70033,2,215,155,244,60,1,,
52712,52710,2,210,90,117,120,1,,
52712,52711,2,191,71,92,120,1,,
52712,52713,2,164,44,57,120,1,,
52712,52714,2,202,82,106,120,1,,
52712,52715,2,188,68,88,120,1,,
52712,52716,2,176,56,73,120,1,,
52712,52720,2,155,35,46,120,1,,
52712,70032,2,200,140,224,60,1,,
52712,70033,2,200,140,224,60,1,,
52713,52710,2,198,78,101,120,1,,
52713,52711,2,179,59,76,120,1,,
52713,52712,2,164,44,57,120,1,,
52713,52714,2,189,69,90,120,1,,
52713,52715,2,175,55,72,120,1,,
52713,52716,2,164,44,56,120,1,,
52713,52720,2,143,23,29,120,1,,
52713,70032,2,188,128,208,60,1,,
52713,70033,2,188,128,208,60,1,,
52714,52710,2,236,116,150,120,1,,
52714,52711,2,217,97,125,120,1,,
52714,52712,2,202,82,106,120,1,,
52714,52713,2,189,69,90,120,1,,
52714,52715,2,213,93,121,120,1,,
52714,52716,2,201,81,105,120,1,,
52714,52720,2,181,61,78,120,1,,
52714,70032,2,225,165,257,60,1,,
52714,70033,2,225,165,257,60,1,,
52715,52710,2,222,102,132,120,1,,
52715,52711,2,203,83,107,120,1,,
52715,52712,2,188,68,88,120,1,,
52715,52713,2,175,55,72,120,1,,
52715,52714,2,213,93,121,120,1,,
52715,52716,2,188,68,87,120,1,,
52715,52720,2,167,47,60,120,1,,
52715,70032,2,212,152,239,60,1,,
52715,70033,2,212,152,239,60,1,,
52716,52710,2,210,90,116,120,1,,
52716,52711,2,191,71,92,120,1,,
52716,52712,2,176,56,73,120,1,,
52716,52713,2,164,44,56,120,1,,
52716,52714,2,201,81,105,120,1,,
52716,52715,2,188,68,87,120,1,,
52716,52720,2,155,35,45,120,1,,
52716,70032,2,200,140,224,60,1,,
52716,70033,2,200,140,224,60,1,,
52720,52710,2,189,69,89,120,1,,
52720,52711,2,170,50,65,120,1,,
52720,52712,2,155,35,46,120,1,,
52720,52713,2,143,23,29,120,1,,
52720,52714,2,181,61,78,120,1,,
52720,52715,2,167,47,60,120,1,,
52720,52716,2,155,35,45,120,1,,
52720,70032,2,179,119,197,60,1,,
52720,70033,2,179,119,197,60,1,,
5327,5072,2,226,106,137,120,1,,
5327,53270,2,167,47,61,120,1,,
5327,70034,2,158,98,171,60,1,,
5327,70035,2,158,98,171,60,1,,
5327,WR-0045-S,2,382,82,162,300,1,,
53270,5072,2,217,97,125,120,1,,
53270,5327,2,167,47,61,120,1,,
53270,70034,2,149,89,160,60,1,,
53270,70035,2,149,89,160,60,1,,
53270,WR-0045-S,2,373,73,150,300,1,,
5666,70049,2,116,56,69,60,1,,
5666,70050,2,158,98,200,60,1,,
5740,57400,2,156,36,46,120,1,,
5740,70045,2,131,71,129,60,1,,
5740,70046,2,131,71,129,60,1,,
57400,5740,2,156,36,46,120,1,,
57400,70045,2,131,71,129,60,1,,
57400,70046,2,131,71,129,60,1,,
5810,5819,2,210,90,116,120,1,,
5810,70055,2,106,46,116,60,1,,
5810,70056,2,106,46,116,60,1,,
5819,5810,2,210,90,116,120,1,,
5819,70055,2,164,104,192,60,1,,
5819,70056,2,164,104,192,60,1,,
5879,15879,2,200,80,188,120,1,,
5879,15880,2,200,80,188,120,1,,
5879,5880,2,138,18,23,120,1,,
5879,70051,2,107,47,58,60,1,,
5879,70052,2,132,72,174,60,1,,
5880,15879,2,182,62,165,120,1,,
5880,15880,2,182,62,165,120,1,,
5880,5879,2,138,18,23,120,1,,
5880,70051,2,89,29,34,60,1,,
5880,70052,2,114,54,151,60,1,,
6565,49002,2,178,58,75,120,1,,
6565,70016,2,157,97,200,60,1,,
6565,70017,2,168,108,214,60,1,,
70001,10642,2,195,75,153,120,1,,
70001,875,2,207,87,223,120,1,,
70001,Forest Hills-01,2,71,11,14,60,1,,
70001,Forest Hills-02,2,71,11,14,60,1,,
70001,NEC-2237,2,367,127,280,240,1,,
70001,NEC-2237-03,2,367,127,280,240,1,,
70001,NEC-2237-05,2,367,127,280,240,1,,
70002,70003,2,116,56,72,60,1,,
70003,70002,2,116,56,72,60,1,,
70004,70005,2,117,57,74,60,1,,
70005,70004,2,116,56,72,60,1,,
70006,11531,2,165,45,116,120,1,,
70006,70007,2,115,55,72,60,1,,
70007,11531,2,165,45,116,120,1,,
70007,70006,2,115,55,72,60,1,,
70008,1222,2,262,142,233,120,1,,
70008,1258,2,218,98,177,120,1,,
70008,1323,2,211,91,168,120,1,,
70008,1357,2,195,75,148,120,1,,
70008,70009,2,148,88,114,60,1,,
70009,1222,2,262,142,233,120,1,,
70009,1258,2,218,98,177,120,1,,
70009,1323,2,211,91,168,120,1,,
70009,1357,2,195,75,148,120,1,,
70009,70008,2,148,88,114,60,1,,
70010,17861,2,167,47,137,120,1,,
70010,17862,2,184,64,219,120,1,,
70010,17863,2,173,53,204,120,1,,
70010,17865,2,163,43,191,120,1,,
70010,17866,2,177,57,210,120,1,,
70010,17867,2,170,50,195,120,1,,
70010,17868,2,172,52,197,120,1,,
70010,17869,2,177,57,204,120,1,,
70010,17870,2,185,65,214,120,1,,
70010,17871,2,191,71,221,120,1,,
70010,70011,2,75,15,19,60,1,,
70010,NEC-2265,2,284,44,133,240,1,,
70010,NEC-2265-01,2,291,51,192,240,1,,
70010,NEC-2265-02,2,404,164,349,240,1,,
70010,NEC-2265-03,2,291,51,192,240,1,,
70011,17861,2,167,47,137,120,1,,
70011,17862,2,184,64,219,120,1,,
70011,17863,2,173,53,204,120,1,,
70011,17865,2,163,43,191,120,1,,
70011,17866,2,177,57,210,120,1,,
70011,17867,2,170,50,195,120,1,,
70011,17868,2,172,52,197,120,1,,
70011,17869,2,177,57,204,120,1,,
70011,17870,2,185,65,214,120,1,,
70011,17871,2,191,71,221,120,1,,
70011,70010,2,75,15,19,60,1,,
70011,NEC-2265,2,284,44,133,240,1,,
70011,NEC-2265-01,2,291,51,192,240,1,,
70011,NEC-2265-02,2,404,164,349,240,1,,
70011,NEC-2265-03,2,291,51,192,240,1,,
70012,187,2,219,99,176,120,1,,
70012,188,2,224,104,182,120,1,,
70012,70013,2,125,65,84,60,1,,
70013,187,2,219,99,176,120,1,,
70013,188,2,224,104,182,120,1,,
70013,70012,2,125,65,84,60,1,,
70014,11384,2,181,61,115,120,1,,
70014,176,2,217,97,162,120,1,,
70014,23391,2,205,85,146,120,1,,
70014,70015,2,74,14,18,60,1,,
70014,NEC-2276,2,290,50,101,240,1,,
70014,NEC-2276-01,2,314,74,184,240,1,,
70014,NEC-2276-02,2,315,75,209,240,1,,
70014,NEC-2276-03,2,314,74,184,240,1,,
70014,WML-0012-05,2,406,166,299,240,1,,
70014,WML-0012-07,2,406,166,299,240,1,,
70015,11384,2,181,61,115,120,1,,
70015,176,2,217,97,162,120,1,,
70015,23391,2,205,85,146,120,1,,
70015,70014,2,74,14,18,60,1,,
70015,NEC-2276,2,290,50,101,240,1,,
70015,NEC-2276-01,2,314,74,184,240,1,,
70015,NEC-2276-02,2,315,75,209,240,1,,
70015,NEC-2276-03,2,314,74,184,240,1,,
70015,WML-0012-05,2,406,166,299,240,1,,
70015,WML-0012-07,2,406,166,299,240,1,,
70016,49002,2,207,87,190,120,1,,
70016,6565,2,243,123,237,120,1,,
70016,70017,2,156,96,208,60,1,,
70017,49002,2,217,97,204,120,1,,
70017,6565,2,254,134,251,120,1,,
70017,70016,2,156,96,208,60,1,,
70020,70021,2,138,78,,60,2,,
70020,70075,2,285,180,299,105,1,,
70020,70076,2,285,180,299,105,1,,
70020,70077,2,175,115,,60,2,,
70020,70078,2,171,111,,60,2,,
70020,70196,2,323,233,418,90,1,,
70020,70197,2,335,245,397,90,1,,
70020,70198,2,323,233,418,90,1,,
70020,70199,2,335,245,397,90,1,,
70020,70200,2,291,201,260,90,1,,
70020,71199,2,297,207,268,90,1,,
70021,70020,2,140,80,,60,2,,
70021,70075,2,322,217,,105,2,,
70021,70076,2,322,217,,105,2,,
70021,70077,2,204,144,341,60,1,,
70021,70078,2,145,85,159,60,1,,
70021,70196,2,361,271,,90,2,,
70021,70197,2,372,282,,90,2,,
70021,70198,2,361,271,,90,2,,
70021,70199,2,372,282,,90,2,,
70021,70200,2,328,238,,90,2,,
70021,71199,2,334,244,,90,2,,
70022,70023,2,181,121,205,60,1,,
70022,70041,2,249,189,293,60,1,,
70022,70042,2,201,141,183,60,1,,
70023,70022,2,168,108,188,60,1,,
70023,70041,2,128,68,88,60,1,,
70023,70042,2,93,33,91,60,1,,
70024,70025,2,100,40,172,60,1,,
70024,70203,2,169,79,212,90,1,,
70024,70204,2,169,79,212,90,1,,
70025,70024,2,90,30,158,60,1,,
70025,70203,2,170,80,214,90,1,,
70025,70204,2,170,80,214,90,1,,
70026,70027,2,114,54,165,60,1,,
70026,70205,2,112,22,69,90,1,,
70026,70206,2,102,12,15,90,1,,
70026,BNT-0000,2,480,240,300,240,1,,
70026,BNT-0000-01,2,480,240,300,240,1,,
70026,BNT-0000-02,2,480,240,300,240,1,,
70026,BNT-0000-03,2,480,240,300,240,1,,
70026,BNT-0000-04,2,480,240,300,240,1,,
70026,BNT-0000-05,2,480,240,300,240,1,,
70026,BNT-0000-06,2,480,240,300,240,1,,
70026,BNT-0000-07,2,480,240,300,240,1,,
70026,BNT-0000-08,2,480,240,300,240,1,,
70026,BNT-0000-09,2,480,240,300,240,1,,
70026,BNT-0000-10,2,480,240,300,240,1,,
70027,70026,2,113,53,165,60,1,,
70027,70205,2,119,29,93,90,1,,
70027,70206,2,141,51,162,90,1,,
70027,BNT-0000,2,480,240,300,240,1,,
70027,BNT-0000-01,2,480,240,300,240,1,,
70027,BNT-0000-02,2,480,240,300,240,1,,
70027,BNT-0000-03,2,480,240,300,240,1,,
70027,BNT-0000-04,2,480,240,300,240,1,,
70027,BNT-0000-05,2,480,240,300,240,1,,
70027,BNT-0000-06,2,480,240,300,240,1,,
70027,BNT-0000-07,2,480,240,300,240,1,,
70027,BNT-0000-08,2,480,240,300,240,1,,
70027,BNT-0000-09,2,480,240,300,240,1,,
70027,BNT-0000-10,2,480,240,300,240,1,,
70028,70029,2,101,41,52,60,1,,
70029,70028,2,101,41,52,60,1,,
70030,29001,2,188,68,127,120,1,,
70030,29002,2,184,64,121,120,1,,
70030,29003,2,182,62,118,120,1,,
70030,29004,2,179,59,127,120,1,,
70030,29005,2,188,68,127,120,1,,
70030,29006,2,198,78,127,120,1,,
70030,29007,2,256,136,202,120,1,,
70030,29008,2,250,130,195,120,1,,
70030,29009,2,260,140,207,120,1,,
70030,29010,2,269,149,219,120,1,,
70030,29011,2,267,147,217,120,1,,
70030,29012,2,274,154,226,120,1,,
70030,29013,2,285,165,240,120,1,,
70030,31091,2,267,147,217,120,1,,
70030,31092,2,285,165,240,120,1,,
70030,70031,2,66,6,8,60,1,,
70031,29001,2,188,68,127,120,1,,
70031,29002,2,184,64,121,120,1,,
70031,29003,2,182,62,118,120,1,,
70031,29004,2,179,59,127,120,1,,
70031,29005,2,188,68,127,120,1,,
70031,29006,2,198,78,127,120,1,,
70031,29007,2,256,136,202,120,1,,
70031,29008,2,250,130,195,120,1,,
70031,29009,2,260,140,207,120,1,,
70031,29010,2,269,149,219,120,1,,
70031,29011,2,267,147,217,120,1,,
70031,29012,2,274,154,226,120,1,,
70031,29013,2,285,165,240,120,1,,
70031,31091,2,267,147,217,120,1,,
70031,31092,2,285,165,240,120,1,,
70031,70030,2,66,6,8,60,1,,
70032,52710,2,314,194,298,120,1,,
70032,52711,2,295,175,273,120,1,,
70032,52712,2,281,161,254,120,1,,
70032,52713,2,268,148,238,120,1,,
70032,52714,2,306,186,287,120,1,,
70032,52715,2,292,172,269,120,1,,
70032,52716,2,280,160,253,120,1,,
70032,52720,2,259,139,226,120,1,,
70032,70033,2,65,5,6,60,1,,
70033,52710,2,314,194,298,120,1,,
70033,52711,2,295,175,273,120,1,,
70033,52712,2,281,161,254,120,1,,
70033,52713,2,268,148,238,120,1,,
70033,52714,2,306,186,287,120,1,,
70033,52715,2,292,172,269,120,1,,
70033,52716,2,280,160,253,120,1,,
70033,52720,2,259,139,226,120,1,,
70033,70032,2,65,5,6,60,1,,
70034,5072,2,176,56,121,120,1,,
70034,5327,2,199,79,151,120,1,,
70034,53270,2,190,70,139,120,1,,
70034,70035,2,76,16,21,60,1,,
70034,WR-0045-S,2,284,44,161,240,1,,
70035,5072,2,176,56,121,120,1,,
70035,5327,2,199,79,151,120,1,,
70035,53270,2,190,70,139,120,1,,
70035,70034,2,76,16,21,60,1,,
70035,WR-0045-S,2,284,44,161,240,1,,
70036,9328,2,235,115,243,120,1,,
70036,Oak Grove-01,2,65,5,6,60,1,,
70036,Oak Grove-02,2,65,5,6,60,1,,
70036,WR-0053-S,2,358,118,,240,2,,
70038,70838,2,82,22,28,60,1,,
70039,4510,2,217,97,212,120,1,,
70039,70040,2,69,9,12,60,1,,
70039,70201,2,138,48,106,90,1,,
70039,70202,2,124,34,88,90,1,,
70039,Government Center-Brattle,2,138,48,106,90,1,,
70040,4510,2,217,97,212,120,1,,
70040,70039,2,69,9,12,60,1,,
70040,70201,2,138,48,106,90,1,,
70040,70202,2,124,34,88,90,1,,
70040,Government Center-Brattle,2,138,48,106,90,1,,
70041,70022,2,244,184,285,60,1,,
70041,70023,2,136,76,98,60,1,,
70041,70042,2,169,109,189,60,1,,
70042,70022,2,215,155,200,60,1,,
70042,70023,2,117,57,134,60,1,,
70042,70041,2,185,125,222,60,1,,
70043,70044,2,127,67,187,60,1,,
70044,70043,2,127,67,187,60,1,,
70045,5740,2,196,76,139,120,1,,
70045,57400,2,196,76,139,120,1,,
70045,70046,2,92,32,42,60,1,,
70046,5740,2,196,76,139,120,1,,
70046,57400,2,196,76,139,120,1,,
70046,70045,2,92,32,42,60,1,,
70047,70048,2,114,54,189,60,1,,
70047,7096,2,200,80,224,120,1,,
70047,70961,2,201,81,224,120,1,,
70047,7097,2,189,69,210,120,1,,
70048,70047,2,108,48,182,60,1,,
70048,7096,2,166,46,60,120,1,,
70048,70961,2,166,46,60,120,1,,
70048,7097,2,155,35,45,120,1,,
70049,5666,2,167,47,60,120,1,,
70049,70050,2,113,53,145,60,1,,
70050,5666,2,210,90,192,120,1,,
70050,70049,2,113,53,144,60,1,,
70051,15879,2,170,50,149,120,1,,
70051,15880,2,170,50,149,120,1,,
70051,5879,2,149,29,38,120,1,,
70051,5880,2,149,29,38,120,1,,
70051,70052,2,85,25,116,60,1,,
70052,15879,2,145,25,32,120,1,,
70052,15880,2,145,25,32,120,1,,
70052,5879,2,169,49,147,120,1,,
70052,5880,2,169,49,147,120,1,,
70052,70051,2,85,25,116,60,1,,
70053,70054,2,250,190,245,60,1,,
70054,70053,2,243,183,237,60,1,,
70055,5810,2,171,51,126,120,1,,
70055,5819,2,230,110,202,120,1,,
70055,70056,2,92,32,162,60,1,,
70056,5810,2,171,51,126,120,1,,
70056,5819,2,230,110,202,120,1,,
70056,70055,2,92,32,162,60,1,,
70057,70058,2,83,23,110,60,1,,
70058,70057,2,81,21,107,60,1,,
70059,15796,2,186,66,86,120,1,,
70059,15797,2,171,51,67,120,1,,
70059,15798,2,187,67,87,120,1,,
70059,15799,2,208,88,113,120,1,,
70059,15800,2,228,108,140,120,1,,
70060,15796,2,297,177,257,120,1,,
70060,15797,2,282,162,238,120,1,,
70060,15798,2,298,178,258,120,1,,
70060,15799,2,318,198,284,120,1,,
70060,15800,2,338,218,311,120,1,,
70061,14112,2,332,212,332,120,1,,
70061,14118,2,330,210,330,120,1,,
70061,14120,2,302,182,293,120,1,,
70061,14121,2,312,192,306,120,1,,
70061,14122,2,326,206,324,120,1,,
70061,14123,2,341,221,344,120,1,,
70061,9070061,2,326,206,325,120,1,,
70061,Alewife-01,2,100,40,20,60,1,,
70061,Alewife-02,2,100,40,20,60,1,,
70063,5104,2,215,95,249,120,1,,
70063,70064,2,67,7,10,60,1,,
70064,5104,2,215,95,249,120,1,,
70064,70063,2,67,7,10,60,1,,
70065,70066,2,85,25,84,60,1,,
70065,FR-0034,2,326,86,235,240,1,,
70065,FR-0034-01,2,326,86,236,240,1,,
70065,FR-0034-02,2,326,86,236,240,1,,
70066,70065,2,85,25,84,60,1,,
70066,FR-0034,2,326,86,277,240,1,,
70066,FR-0034-01,2,326,86,278,240,1,,
70066,FR-0034-02,2,326,86,278,240,1,,
70067,70068,2,224,164,212,60,1,,
70067,76121,2,311,191,247,120,1,,
70067,76122,2,299,179,232,120,1,,
70067,76123,2,279,159,205,120,1,,
70067,76124,2,280,160,206,120,1,,
70067,76125,2,291,171,221,120,1,,
70067,76126,2,302,182,235,120,1,,
70067,76129,2,276,156,202,120,1,,
70068,70067,2,202,142,184,60,1,,
70068,76121,2,295,175,226,120,1,,
70068,76122,2,283,163,211,120,1,,
70068,76123,2,263,143,184,120,1,,
70068,76124,2,263,143,186,120,1,,
70068,76125,2,275,155,200,120,1,,
70068,76126,2,285,165,214,120,1,,
70068,76129,2,260,140,181,120,1,,
70073,70074,2,186,126,268,60,1,,
70074,70073,2,186,126,268,60,1,,
70075,70020,2,295,190,312,105,1,,
70075,70021,2,327,222,,105,2,,
70075,70076,2,63,3,4,60,1,,
70075,70077,2,360,255,,105,2,,
70075,70078,2,360,255,,105,2,,
70075,70196,2,152,62,130,90,1,,
70075,70197,2,184,94,171,90,1,,
70075,70198,2,152,62,130,90,1,,
70075,70199,2,184,94,171,90,1,,
70075,70200,2,178,88,180,90,1,,
70075,71199,2,184,94,187,90,1,,
70076,70020,2,295,190,312,105,1,,
70076,70021,2,327,222,,105,2,,
70076,70075,2,63,3,4,60,1,,
70076,70077,2,360,255,,105,2,,
70076,70078,2,360,255,,105,2,,
70076,70196,2,152,62,130,90,1,,
70076,70197,2,184,94,171,90,1,,
70076,70198,2,152,62,130,90,1,,
70076,70199,2,184,94,171,90,1,,
70076,70200,2,178,88,180,90,1,,
70076,71199,2,184,94,187,90,1,,
70077,70020,2,174,114,,60,2,,
70077,70021,2,195,135,329,60,1,,
70077,70075,2,349,244,,105,2,,
70077,70076,2,349,244,,105,2,,
70077,70078,2,106,46,164,60,1,,
70077,70196,2,387,297,,90,2,,
70077,70197,2,399,309,,90,2,,
70077,70198,2,387,297,,90,2,,
70077,70199,2,399,309,,90,2,,
70077,70200,2,355,265,,90,2,,
70077,71199,2,361,271,,90,2,,
70078,70020,2,170,110,,60,2,,
70078,70021,2,149,89,165,60,1,,
70078,70075,2,352,247,,105,2,,
70078,70076,2,352,247,,105,2,,
70078,70077,2,120,60,181,60,1,,
70078,70196,2,391,301,,90,2,,
70078,70197,2,402,312,,90,2,,
70078,70198,2,391,301,,90,2,,
70078,70199,2,402,312,,90,2,,
70078,70200,2,358,268,,90,2,,
70078,71199,2,364,274,,90,2,,
70079,70080,2,98,38,169,60,1,,
70079,74611,2,131,11,74,120,1,,
70079,74617,2,159,39,171,120,1,,
70079,84611,2,131,11,,120,2,,
70079,NEC-2287,2,349,109,255,240,1,,
70079,NEC-2287-01,2,398,158,319,240,1,,
70079,NEC-2287-02,2,396,156,315,240,1,,
70079,NEC-2287-03,2,396,156,315,240,1,,
70079,NEC-2287-04,2,397,157,317,240,1,,
70079,NEC-2287-05,2,397,157,317,240,1,,
70079,NEC-2287-06,2,395,155,314,240,1,,
70079,NEC-2287-07,2,395,155,314,240,1,,
70079,NEC-2287-08,2,398,158,318,240,1,,
70079,NEC-2287-09,2,398,158,318,240,1,,
70079,NEC-2287-10,2,401,161,322,240,1,,
70079,NEC-2287-11,2,401,161,322,240,1,,
70079,NEC-2287-12,2,419,179,345,240,1,,
70079,NEC-2287-13,2,419,179,345,240,1,,
70079,NEC-2287-B2,2,338,218,442,120,1,,
70079,NEC-2287-B36,2,254,134,334,120,1,,
70079,NEC-2287-B37,2,268,148,351,120,1,,
70080,70079,2,95,35,165,60,1,,
70080,74611,2,147,27,95,120,1,,
70080,74617,2,162,42,114,120,1,,
70080,84611,2,152,32,,120,2,,
70080,NEC-2287,2,371,131,343,240,1,,
70080,NEC-2287-01,2,420,180,407,240,1,,
70080,NEC-2287-02,2,417,177,403,240,1,,
70080,NEC-2287-03,2,417,177,403,240,1,,
70080,NEC-2287-04,2,418,178,405,240,1,,
70080,NEC-2287-05,2,418,178,405,240,1,,
70080,NEC-2287-06,2,416,176,402,240,1,,
70080,NEC-2287-07,2,416,176,402,240,1,,
70080,NEC-2287-08,2,419,179,406,240,1,,
70080,NEC-2287-09,2,419,179,406,240,1,,
70080,NEC-2287-10,2,422,182,410,240,1,,
70080,NEC-2287-11,2,422,182,410,240,1,,
70080,NEC-2287-12,2,440,200,433,240,1,,
70080,NEC-2287-13,2,440,200,433,240,1,,
70080,NEC-2287-B2,2,359,239,530,120,1,,
70080,NEC-2287-B36,2,276,156,422,120,1,,
70080,NEC-2287-B37,2,289,169,439,120,1,,
70081,150,2,202,82,181,120,1,,
70081,151,2,212,92,192,120,1,,
70081,70082,2,64,4,6,60,1,,
70082,150,2,202,82,181,120,1,,
70082,151,2,212,92,192,120,1,,
70082,70081,2,64,4,6,60,1,,
70083,13,2,210,90,178,120,1,,
70083,70084,2,146,86,171,60,1,,
70084,13,2,200,80,166,120,1,,
70084,70083,2,138,78,160,60,1,,
70085,121,2,300,180,283,120,1,,
70085,12101,2,300,180,283,120,1,,
70085,70086,2,66,6,8,60,1,,
70085,70095,2,88,28,136,60,1,,
70085,70096,2,88,28,136,60,1,,
70085,MM-0023-S,2,453,213,326,240,1,,
70086,121,2,300,180,283,120,1,,
70086,12101,2,300,180,283,120,1,,
70086,70085,2,66,6,8,60,1,,
70086,70095,2,88,28,136,60,1,,
70086,70096,2,88,28,136,60,1,,
70086,MM-0023-S,2,453,213,326,240,1,,
70087,70088,2,66,6,8,60,1,,
70088,70087,2,66,6,8,60,1,,
70089,32301,2,211,91,123,120,1,,
70089,32302,2,156,36,123,120,1,,
70089,32303,2,188,68,123,120,1,,
70089,70090,2,97,37,180,60,1,,
70090,32301,2,209,89,121,120,1,,
70090,32302,2,154,34,121,120,1,,
70090,32303,2,186,66,121,120,1,,
70090,70089,2,97,37,180,60,1,,
70091,70092,2,97,37,170,60,1,,
70092,70091,2,97,37,170,60,1,,
70093,334,2,165,45,90,120,1,,
70093,70261,2,213,123,191,90,1,,
70094,334,2,194,74,128,120,1,,
70094,70093,2,179,119,218,60,1,,
70094,70261,2,144,54,102,90,1,,
70095,121,2,297,177,279,120,1,,
70095,12101,2,297,177,279,120,1,,
70095,70085,2,88,28,136,60,1,,
70095,70086,2,88,28,136,60,1,,
70095,70096,2,66,6,8,60,1,,
70095,MM-0023-S,2,450,210,321,240,1,,
70096,121,2,297,177,279,120,1,,
70096,12101,2,297,177,279,120,1,,
70096,70085,2,88,28,136,60,1,,
70096,70086,2,88,28,136,60,1,,
70096,70095,2,66,6,8,60,1,,
70096,MM-0023-S,2,450,210,321,240,1,,
70097,3125,2,201,81,144,120,1,,
70097,70098,2,65,5,7,60,1,,
70098,3125,2,201,81,144,120,1,,
70098,70097,2,65,5,7,60,1,,
70099,70100,2,67,7,9,60,1,,
70100,70099,2,68,8,10,60,1,,
70101,32000,2,216,96,,120,2,,
70101,32001,2,191,71,140,120,1,,
70101,32002,2,201,81,153,120,1,,
70101,32003,2,211,91,166,120,1,,
70101,32004,2,220,100,178,120,1,,
70101,32005,2,230,110,191,120,1,,
70101,70102,2,89,29,38,60,1,,
70101,MM-0079-S,2,339,99,240,240,1,,
70102,32000,2,216,96,,120,2,,
70102,32001,2,191,71,140,120,1,,
70102,32002,2,201,81,153,120,1,,
70102,32003,2,211,91,166,120,1,,
70102,32004,2,220,100,178,120,1,,
70102,32005,2,230,110,191,120,1,,
70102,70101,2,89,29,38,60,1,,
70102,MM-0079-S,2,339,99,240,240,1,,
70103,41031,2,164,44,109,120,1,,
70103,70104,2,78,18,23,60,1,,
70104,41031,2,171,51,118,120,1,,
70104,70103,2,77,17,23,60,1,,
70105,38671,2,161,41,90,120,1,,
70105,Braintree-01,2,73,13,16,60,1,,
70105,Braintree-02,2,73,13,16,60,1,,
70105,MM-0109,2,480,240,348,240,1,,
70105,MM-0109-CS,2,480,240,348,240,1,,
70105,MM-0109-S,2,480,240,348,240,1,,
70150,70151,2,162,42,,120,2,,
70150,71150,2,134,14,,120,2,,
70150,71151,2,162,42,,120,2,,
70150,899,2,170,50,,120,2,,
70151,70150,2,162,42,,120,2,,
70151,71150,2,162,42,,120,2,,
70151,71151,2,128,8,,120,2,,
70151,899,2,165,45,,120,2,,
70152,70153,2,177,57,,120,2,,
70152,79,2,243,123,,120,2,,
70152,93,2,193,73,,120,2,,
70153,70152,2,177,57,,120,2,,
70153,79,2,244,124,,120,2,,
70153,93,2,194,74,,120,2,,
70156,70157,2,164,44,165,120,1,,
70157,70156,2,166,46,167,120,1,,
70160,38155,2,264,144,186,120,1,,
70160,70161,2,178,58,74,120,1,,
70160,river-B,2,266,146,,120,2,,
70161,38155,2,269,149,193,120,1,,
70161,70160,2,178,58,74,120,1,,
70161,river-B,2,271,151,,120,2,,
70162,70163,2,185,65,84,120,1,,
70163,70162,2,185,65,84,120,1,,
70164,70165,2,178,58,76,120,1,,
70165,70164,2,178,58,76,120,1,,
70166,70167,2,172,52,67,120,1,,
70167,70166,2,172,52,67,120,1,,
70168,70169,2,155,35,45,120,1,,
70168,8155,2,254,134,174,120,1,,
70168,8203,2,254,134,174,120,1,,
70169,70168,2,155,35,45,120,1,,
70169,8155,2,223,103,133,120,1,,
70169,8203,2,223,103,133,120,1,,
70170,70171,2,172,52,67,120,1,,
70171,70170,2,172,52,67,120,1,,
70172,70173,2,163,43,56,120,1,,
70173,70172,2,163,43,56,120,1,,
70174,21917,2,262,142,184,120,1,,
70174,21918,2,238,118,153,120,1,,
70174,70175,2,182,62,80,120,1,,
70175,21917,2,261,141,183,120,1,,
70175,21918,2,290,170,220,120,1,,
70175,70174,2,182,62,80,120,1,,
70176,70177,2,186,66,85,120,1,,
70177,70176,2,186,66,85,120,1,,
70178,70179,2,192,72,94,120,1,,
70179,70178,2,192,72,94,120,1,,
70180,70181,2,169,49,63,120,1,,
70181,70180,2,169,49,63,120,1,,
70182,70183,2,165,45,58,120,1,,
70183,70182,2,165,45,58,120,1,,
70186,70187,2,183,63,81,120,1,,
70187,70186,2,183,63,81,120,1,,
70196,70020,2,289,199,373,90,1,,
70196,70021,2,321,231,,90,2,,
70196,70075,2,130,40,102,90,1,,
70196,70076,2,130,40,102,90,1,,
70196,70077,2,354,264,,90,2,,
70196,70078,2,354,264,,90,2,,
70196,70197,2,154,34,44,120,1,,
70196,70198,2,124,4,6,120,1,,
70196,70199,2,154,34,44,120,1,,
70196,70200,2,186,66,165,120,1,,
70196,71199,2,191,71,172,120,1,,
70197,70020,2,301,211,352,90,1,,
70197,70021,2,333,243,,90,2,,
70197,70075,2,154,64,132,90,1,,
70197,70076,2,154,64,132,90,1,,
70197,70077,2,366,276,,90,2,,
70197,70078,2,366,276,,90,2,,
70197,70196,2,154,34,44,120,1,,
70197,70198,2,154,34,44,120,1,,
70197,70199,2,124,4,6,120,1,,
70197,70200,2,170,50,144,120,1,,
70197,71199,2,176,56,152,120,1,,
70198,70020,2,289,199,373,90,1,,
70198,70021,2,321,231,,90,2,,
70198,70075,2,130,40,102,90,1,,
70198,70076,2,130,40,102,90,1,,
70198,70077,2,354,264,,90,2,,
70198,70078,2,354,264,,90,2,,
70198,70196,2,124,4,6,120,1,,
70198,70197,2,154,34,44,120,1,,
70198,70199,2,154,34,44,120,1,,
70198,70200,2,186,66,165,120,1,,
70198,71199,2,191,71,172,120,1,,
70199,70020,2,301,211,352,90,1,,
70199,70021,2,333,243,,90,2,,
70199,70075,2,154,64,132,90,1,,
70199,70076,2,154,64,132,90,1,,
70199,70077,2,366,276,,90,2,,
70199,70078,2,366,276,,90,2,,
70199,70196,2,154,34,44,120,1,,
70199,70197,2,124,4,6,120,1,,
70199,70198,2,154,34,44,120,1,,
70199,70200,2,170,50,144,120,1,,
70199,71199,2,176,56,152,120,1,,
70200,70020,2,257,167,216,90,1,,
70200,70021,2,289,199,,90,2,,
70200,70075,2,133,43,122,90,1,,
70200,70076,2,133,43,122,90,1,,
70200,70077,2,322,232,,90,2,,
70200,70078,2,322,232,,90,2,,
70200,70196,2,186,66,165,120,1,,
70200,70197,2,170,50,144,120,1,,
70200,70198,2,186,66,165,120,1,,
70200,70199,2,170,50,144,120,1,,
70200,71199,2,126,6,8,120,1,,
70201,4510,2,177,57,116,120,1,,
70201,70039,2,126,36,91,90,1,,
70201,70040,2,126,36,91,90,1,,
70201,70202,2,144,24,31,120,1,,
70201,Government Center-Brattle,2,147,27,35,120,1,,
70202,4510,2,184,64,124,120,1,,
70202,70039,2,112,22,72,90,1,,
70202,70040,2,112,22,72,90,1,,
70202,70201,2,144,24,31,120,1,,
70202,Government Center-Brattle,2,141,21,27,120,1,,
70203,70024,2,134,44,167,90,1,,
70203,70025,2,150,60,188,90,1,,
70203,70204,2,169,49,64,120,1,,
70204,70024,2,134,44,167,90,1,,
70204,70025,2,150,60,188,90,1,,
70204,70203,2,169,49,64,120,1,,
70205,70026,2,115,25,72,90,1,,
70205,70027,2,121,31,96,90,1,,
70205,70206,2,143,23,69,120,1,,
70205,BNT-0000,2,480,240,300,240,1,,
70205,BNT-0000-01,2,480,240,300,240,1,,
70205,BNT-0000-02,2,480,240,300,240,1,,
70205,BNT-0000-03,2,480,240,300,240,1,,
70205,BNT-0000-04,2,480,240,300,240,1,,
70205,BNT-0000-05,2,480,240,300,240,1,,
70205,BNT-0000-06,2,480,240,300,240,1,,
70205,BNT-0000-07,2,480,240,300,240,1,,
70205,BNT-0000-08,2,480,240,300,240,1,,
70205,BNT-0000-09,2,480,240,300,240,1,,
70205,BNT-0000-10,2,480,240,300,240,1,,
70206,70026,2,104,14,18,90,1,,
70206,70027,2,132,42,150,90,1,,
70206,70205,2,131,11,54,120,1,,
70206,BNT-0000,2,480,240,300,240,1,,
70206,BNT-0000-01,2,480,240,300,240,1,,
70206,BNT-0000-02,2,480,240,300,240,1,,
70206,BNT-0000-03,2,480,240,300,240,1,,
70206,BNT-0000-04,2,480,240,300,240,1,,
70206,BNT-0000-05,2,480,240,300,240,1,,
70206,BNT-0000-06,2,480,240,300,240,1,,
70206,BNT-0000-07,2,480,240,300,240,1,,
70206,BNT-0000-08,2,480,240,300,240,1,,
70206,BNT-0000-09,2,480,240,300,240,1,,
70206,BNT-0000-10,2,480,240,300,240,1,,
70207,70208,2,141,21,107,120,1,,
70208,70207,2,141,21,107,120,1,,
70239,70240,2,184,64,179,120,1,,
70240,70239,2,184,64,179,120,1,,
70261,334,2,198,78,101,120,1,,
70261,70093,2,213,123,191,90,1,,
70261,70094,2,144,54,102,90,1,,
70263,70264,2,143,23,30,120,1,,
70264,70263,2,143,23,30,120,1,,
70265,70266,2,135,15,20,120,1,,
70266,70265,2,135,15,20,120,1,,
70267,70268,2,134,14,18,120,1,,
70268,70267,2,134,14,18,120,1,,
70271,70272,2,137,17,22,120,1,,
70272,70271,2,137,17,22,120,1,,
70275,185,2,145,25,32,120,1,,
70275,18511,2,167,47,61,120,1,,
70275,70276,2,167,47,61,120,1,,
70276,185,2,143,23,30,120,1,,
70276,18511,2,139,19,25,120,1,,
70276,70275,2,167,47,61,120,1,,
70278,70279,2,85,25,32,60,1,,
70279,70278,2,85,25,32,60,1,,
70500,70501,2,215,95,171,120,1,,
70500,70502,2,268,148,240,120,1,,
70501,70500,2,205,85,161,120,1,,
70501,70502,2,179,59,77,120,1,,
70502,70500,2,258,138,230,120,1,,
70502,70501,2,179,59,77,120,1,,
70503,70504,2,244,124,161,120,1,,
70503,Union Square-01,2,244,124,161,120,1,,
70503,Union Square-02,2,244,124,161,120,1,,
70504,70503,2,244,124,161,120,1,,
70504,Union Square-01,2,244,124,161,120,1,,
70504,Union Square-02,2,244,124,161,120,1,,
70505,70506,2,146,26,34,120,1,,
70506,70505,2,146,26,34,120,1,,
70507,70508,2,146,26,34,120,1,,
70508,70507,2,146,26,34,120,1,,
70509,70510,2,144,24,31,120,1,,
70510,70509,2,144,24,31,120,1,,
70511,70512,2,124,4,6,120,1,,
70512,70511,2,124,4,6,120,1,,
70513,70514,2,144,24,31,120,1,,
70514,70513,2,144,24,31,120,1,,
70838,70038,2,82,22,28,60,1,,
7096,70047,2,145,85,227,60,1,,
7096,70048,2,119,59,73,60,1,,
7096,70961,2,154,34,45,120,1,,
7096,7097,2,143,23,30,120,1,,
70961,70047,2,145,85,227,60,1,,
70961,70048,2,119,59,74,60,1,,
70961,7096,2,154,34,45,120,1,,
70961,7097,2,144,24,31,120,1,,
7097,70047,2,134,74,212,60,1,,
7097,70048,2,108,48,59,60,1,,
7097,7096,2,143,23,30,120,1,,
7097,70961,2,144,24,31,120,1,,
71150,70150,2,134,14,,120,2,,
71150,70151,2,162,42,,120,2,,
71150,71151,2,162,42,,120,2,,
71150,899,2,170,50,,120,2,,
71151,70150,2,162,42,,120,2,,
71151,70151,2,128,8,,120,2,,
71151,71150,2,162,42,,120,2,,
71151,899,2,165,45,,120,2,,
71199,70020,2,263,173,223,90,1,,
71199,70021,2,295,205,,90,2,,
71199,70075,2,139,49,130,90,1,,
71199,70076,2,139,49,130,90,1,,
71199,70077,2,328,238,,90,2,,
71199,70078,2,327,237,,90,2,,
71199,70196,2,191,71,172,120,1,,
71199,70197,2,176,56,152,120,1,,
71199,70198,2,191,71,172,120,1,,
71199,70199,2,176,56,152,120,1,,
71199,70200,2,126,6,8,120,1,,
74611,70079,2,78,18,80,60,1,,
74611,70080,2,97,37,105,60,1,,
74611,74617,2,154,34,164,120,1,,
74611,84611,2,126,6,,120,2,,
74611,NEC-2287,2,404,104,248,300,1,,
74611,NEC-2287-01,2,453,153,312,300,1,,
74611,NEC-2287-02,2,450,150,308,300,1,,
74611,NEC-2287-03,2,450,150,308,300,1,,
74611,NEC-2287-04,2,451,151,310,300,1,,
74611,NEC-2287-05,2,451,151,310,300,1,,
74611,NEC-2287-06,2,449,149,307,300,1,,
74611,NEC-2287-07,2,449,149,307,300,1,,
74611,NEC-2287-08,2,452,152,311,300,1,,
74611,NEC-2287-09,2,452,152,311,300,1,,
74611,NEC-2287-10,2,456,156,315,300,1,,
74611,NEC-2287-11,2,456,156,315,300,1,,
74611,NEC-2287-12,2,473,173,338,300,1,,
74611,NEC-2287-13,2,473,173,338,300,1,,
74611,NEC-2287-B2,2,333,213,435,120,1,,
74611,NEC-2287-B36,2,249,129,327,120,1,,
74611,NEC-2287-B37,2,262,142,344,120,1,,
74612,74616,2,195,75,209,120,1,,
74613,74615,2,179,59,184,120,1,,
74615,74613,2,179,59,184,120,1,,
74616,74612,2,195,75,209,120,1,,
74617,70079,2,102,42,111,60,1,,
74617,70080,2,97,37,105,60,1,,
74617,74611,2,154,34,164,120,1,,
74617,84611,2,154,34,,120,2,,
74617,NEC-2287,2,407,107,252,300,1,,
74617,NEC-2287-01,2,456,156,316,300,1,,
74617,NEC-2287-02,2,453,153,312,300,1,,
74617,NEC-2287-03,2,453,153,312,300,1,,
74617,NEC-2287-04,2,454,154,314,300,1,,
74617,NEC-2287-05,2,454,154,314,300,1,,
74617,NEC-2287-06,2,453,153,311,300,1,,
74617,NEC-2287-07,2,453,153,311,300,1,,
74617,NEC-2287-08,2,455,155,315,300,1,,
74617,NEC-2287-09,2,455,155,315,300,1,,
74617,NEC-2287-10,2,459,159,319,300,1,,
74617,NEC-2287-11,2,459,159,319,300,1,,
74617,NEC-2287-12,2,476,176,342,300,1,,
74617,NEC-2287-13,2,476,176,342,300,1,,
74617,NEC-2287-B2,2,336,216,439,120,1,,
74617,NEC-2287-B36,2,252,132,331,120,1,,
74617,NEC-2287-B37,2,265,145,348,120,1,,
74630,74631,2,199,79,102,120,1,,
74630,ER-0042,2,450,150,194,300,1,,
74630,ER-0042-01,2,450,150,194,300,1,,
74631,74630,2,199,79,102,120,1,,
74631,ER-0042,2,422,122,157,300,1,,
74631,ER-0042-01,2,422,122,157,300,1,,
74632,74633,2,202,82,106,120,1,,
74633,74632,2,200,80,104,120,1,,
76121,70067,2,215,155,197,60,1,,
76121,70068,2,221,161,205,60,1,,
76121,76122,2,187,67,87,120,1,,
76121,76123,2,166,46,60,120,1,,
76121,76124,2,167,47,61,120,1,,
76121,76125,2,178,58,75,120,1,,
76121,76126,2,189,69,89,120,1,,
76121,76129,2,224,104,134,120,1,,
76122,70067,2,203,143,182,60,1,,
76122,70068,2,209,149,190,60,1,,
76122,76121,2,187,67,87,120,1,,
76122,76123,2,155,35,45,120,1,,
76122,76124,2,156,36,46,120,1,,
76122,76125,2,167,47,60,120,1,,
76122,76126,2,178,58,74,120,1,,
76122,76129,2,212,92,119,120,1,,
76123,70067,2,183,123,156,60,1,,
76123,70068,2,188,128,163,60,1,,
76123,76121,2,166,46,60,120,1,,
76123,76122,2,155,35,45,120,1,,
76123,76124,2,135,15,19,120,1,,
76123,76125,2,146,26,34,120,1,,
76123,76126,2,157,37,48,120,1,,
76123,76129,2,192,72,93,120,1,,
76124,70067,2,183,123,157,60,1,,
76124,70068,2,189,129,164,60,1,,
76124,76121,2,167,47,61,120,1,,
76124,76122,2,156,36,46,120,1,,
76124,76123,2,135,15,19,120,1,,
76124,76125,2,147,27,35,120,1,,
76124,76126,2,149,29,37,120,1,,
76124,76129,2,192,72,94,120,1,,
76125,70067,2,195,135,171,60,1,,
76125,70068,2,200,140,179,60,1,,
76125,76121,2,178,58,75,120,1,,
76125,76122,2,167,47,60,120,1,,
76125,76123,2,146,26,34,120,1,,
76125,76124,2,147,27,35,120,1,,
76125,76126,2,138,18,23,120,1,,
76125,76129,2,204,84,108,120,1,,
76126,70067,2,205,145,185,60,1,,
76126,70068,2,211,151,193,60,1,,
76126,76121,2,189,69,89,120,1,,
76126,76122,2,178,58,74,120,1,,
76126,76123,2,157,37,48,120,1,,
76126,76124,2,149,29,37,120,1,,
76126,76125,2,138,18,23,120,1,,
76126,76129,2,214,94,122,120,1,,
76129,70067,2,181,121,153,60,1,,
76129,70068,2,186,126,161,60,1,,
76129,76121,2,225,105,135,120,1,,
76129,76122,2,213,93,120,120,1,,
76129,76123,2,192,72,94,120,1,,
76129,76124,2,193,73,95,120,1,,
76129,76125,2,204,84,109,120,1,,
76129,76126,2,215,95,123,120,1,,
79,70152,2,247,127,,120,2,,
79,70153,2,249,129,,120,2,,
79,93,2,199,79,102,120,1,,
8155,70168,2,262,142,180,120,1,,
8155,70169,2,230,110,140,120,1,,
8155,8203,2,166,46,59,120,1,,
8203,70168,2,261,141,180,120,1,,
8203,70169,2,230,110,139,120,1,,
8203,8155,2,166,46,59,120,1,,
84611,70079,2,78,18,,60,2,,
84611,70080,2,103,43,,60,2,,
84611,74611,2,126,6,,120,2,,
84611,74617,2,154,34,,120,2,,
84611,NEC-2287,2,404,104,,300,2,,
84611,NEC-2287-01,2,453,153,,300,2,,
84611,NEC-2287-02,2,450,150,,300,2,,
84611,NEC-2287-03,2,450,150,,300,2,,
84611,NEC-2287-04,2,451,151,,300,2,,
84611,NEC-2287-05,2,451,151,,300,2,,
84611,NEC-2287-06,2,449,149,,300,2,,
84611,NEC-2287-07,2,449,149,,300,2,,
84611,NEC-2287-08,2,452,152,,300,2,,
84611,NEC-2287-09,2,452,152,,300,2,,
84611,NEC-2287-10,2,456,156,,300,2,,
84611,NEC-2287-11,2,456,156,,300,2,,
84611,NEC-2287-12,2,473,173,,300,2,,
84611,NEC-2287-13,2,473,173,,300,2,,
84611,NEC-2287-B2,2,333,213,,120,2,,
84611,NEC-2287-B36,2,249,129,,120,2,,
84611,NEC-2287-B37,2,262,142,,120,2,,
875,10642,2,225,105,190,120,1,,
875,70001,2,146,86,218,60,1,,
875,Forest Hills-01,2,146,86,218,60,1,,
875,Forest Hills-02,2,146,86,218,60,1,,
875,NEC-2237,2,456,156,316,300,1,,
875,NEC-2237-03,2,456,156,316,300,1,,
875,NEC-2237-05,2,456,156,316,300,1,,
899,70150,2,180,60,,120,2,,
899,70151,2,175,55,,120,2,,
899,71150,2,180,60,,120,2,,
899,71151,2,175,55,,120,2,,
9070061,14112,2,183,63,82,120,1,,
9070061,14118,2,182,62,80,120,1,,
9070061,14120,2,153,33,43,120,1,,
9070061,14121,2,163,43,56,120,1,,
9070061,14122,2,177,57,74,120,1,,
9070061,14123,2,193,73,94,120,1,,
9070061,70061,2,233,173,279,60,1,,
9070061,Alewife-01,2,233,173,279,60,1,,
9070061,Alewife-02,2,233,173,279,60,1,,
93,70152,2,197,77,,120,2,,
93,70153,2,199,79,,120,2,,
93,79,2,199,79,102,120,1,,
9328,70036,2,150,90,207,60,1,,
9328,Oak Grove-01,2,150,90,207,60,1,,
9328,Oak Grove-02,2,150,90,207,60,1,,
9328,WR-0053-S,2,382,82,,300,2,,
Alewife-01,14112,2,332,212,332,120,1,,
Alewife-01,14118,2,330,210,330,120,1,,
Alewife-01,14120,2,302,182,293,120,1,,
Alewife-01,14121,2,312,192,306,120,1,,
Alewife-01,14122,2,326,206,324,120,1,,
Alewife-01,14123,2,341,221,344,120,1,,
Alewife-01,70061,2,100,40,20,60,1,,
Alewife-01,9070061,2,326,206,325,120,1,,
Alewife-01,Alewife-02,2,100,40,20,60,1,,
Alewife-02,14112,2,332,212,332,120,1,,
Alewife-02,14118,2,330,210,330,120,1,,
Alewife-02,14120,2,302,182,293,120,1,,
Alewife-02,14121,2,312,192,306,120,1,,
Alewife-02,14122,2,326,206,324,120,1,,
Alewife-02,14123,2,341,221,344,120,1,,
Alewife-02,70061,2,100,40,20,60,1,,
Alewife-02,9070061,2,326,206,325,120,1,,
Alewife-02,Alewife-01,2,100,40,20,60,1,,
BNT-0000,70026,2,360,240,300,120,1,,
BNT-0000,70027,2,360,240,300,120,1,,
BNT-0000,70205,2,360,240,300,120,1,,
BNT-0000,70206,2,360,240,300,120,1,,
BNT-0000,BNT-0000-01,2,239,119,153,120,1,,
BNT-0000,BNT-0000-02,2,239,119,153,120,1,,
BNT-0000,BNT-0000-03,2,240,120,155,120,1,,
BNT-0000,BNT-0000-04,2,240,120,155,120,1,,
BNT-0000,BNT-0000-05,2,247,127,164,120,1,,
BNT-0000,BNT-0000-06,2,247,127,164,120,1,,
BNT-0000,BNT-0000-07,2,254,134,173,120,1,,
BNT-0000,BNT-0000-08,2,254,134,173,120,1,,
BNT-0000,BNT-0000-09,2,254,134,173,120,1,,
BNT-0000,BNT-0000-10,2,254,134,173,120,1,,
BNT-0000-01,70026,2,360,240,300,120,1,,
BNT-0000-01,70027,2,360,240,300,120,1,,
BNT-0000-01,70205,2,360,240,300,120,1,,
BNT-0000-01,70206,2,360,240,300,120,1,,
BNT-0000-01,BNT-0000,2,239,119,153,120,1,,
BNT-0000-01,BNT-0000-02,2,231,111,143,120,1,,
BNT-0000-01,BNT-0000-03,2,232,112,145,120,1,,
BNT-0000-01,BNT-0000-04,2,232,112,145,120,1,,
BNT-0000-01,BNT-0000-05,2,239,119,154,120,1,,
BNT-0000-01,BNT-0000-06,2,239,119,154,120,1,,
BNT-0000-01,BNT-0000-07,2,246,126,163,120,1,,
BNT-0000-01,BNT-0000-08,2,246,126,163,120,1,,
BNT-0000-01,BNT-0000-09,2,246,126,163,120,1,,
BNT-0000-01,BNT-0000-10,2,246,126,163,120,1,,
BNT-0000-02,70026,2,360,240,300,120,1,,
BNT-0000-02,70027,2,360,240,300,120,1,,
BNT-0000-02,70205,2,360,240,300,120,1,,
BNT-0000-02,70206,2,360,240,300,120,1,,
BNT-0000-02,BNT-0000,2,239,119,153,120,1,,
BNT-0000-02,BNT-0000-01,2,231,111,143,120,1,,
BNT-0000-02,BNT-0000-03,2,232,112,145,120,1,,
BNT-0000-02,BNT-0000-04,2,232,112,145,120,1,,
BNT-0000-02,BNT-0000-05,2,239,119,154,120,1,,
BNT-0000-02,BNT-0000-06,2,239,119,154,120,1,,
BNT-0000-02,BNT-0000-07,2,246,126,163,120,1,,
BNT-0000-02,BNT-0000-08,2,246,126,163,120,1,,
BNT-0000-02,BNT-0000-09,2,246,126,163,120,1,,
BNT-0000-02,BNT-0000-10,2,246,126,163,120,1,,
BNT-0000-03,70026,2,360,240,300,120,1,,
BNT-0000-03,70027,2,360,240,300,120,1,,
BNT-0000-03,70205,2,360,240,300,120,1,,
BNT-0000-03,70206,2,360,240,300,120,1,,
BNT-0000-03,BNT-0000,2,240,120,155,120,1,,
BNT-0000-03,BNT-0000-01,2,232,112,145,120,1,,
BNT-0000-03,BNT-0000-02,2,232,112,145,120,1,,
BNT-0000-03,BNT-0000-04,2,233,113,147,120,1,,
BNT-0000-03,BNT-0000-05,2,240,120,156,120,1,,
BNT-0000-03,BNT-0000-06,2,240,120,156,120,1,,
BNT-0000-03,BNT-0000-07,2,247,127,165,120,1,,
BNT-0000-03,BNT-0000-08,2,247,127,165,120,1,,
BNT-0000-03,BNT-0000-09,2,247,127,165,120,1,,
BNT-0000-03,BNT-0000-10,2,247,127,165,120,1,,
BNT-0000-04,70026,2,360,240,300,120,1,,
BNT-0000-04,70027,2,360,240,300,120,1,,
BNT-0000-04,70205,2,360,240,300,120,1,,
BNT-0000-04,70206,2,360,240,300,120,1,,
BNT-0000-04,BNT-0000,2,240,120,155,120,1,,
BNT-0000-04,BNT-0000-01,2,232,112,145,120,1,,
BNT-0000-04,BNT-0000-02,2,232,112,145,120,1,,
BNT-0000-04,BNT-0000-03,2,233,113,147,120,1,,
BNT-0000-04,BNT-0000-05,2,240,120,156,120,1,,
BNT-0000-04,BNT-0000-06,2,240,120,156,120,1,,
BNT-0000-04,BNT-0000-07,2,247,127,165,120,1,,
BNT-0000-04,BNT-0000-08,2,247,127,165,120,1,,
BNT-0000-04,BNT-0000-09,2,247,127,165,120,1,,
BNT-0000-04,BNT-0000-10,2,247,127,165,120,1,,
BNT-0000-05,70026,2,360,240,300,120,1,,
BNT-0000-05,70027,2,360,240,300,120,1,,
BNT-0000-05,70205,2,360,240,300,120,1,,
BNT-0000-05,70206,2,360,240,300,120,1,,
BNT-0000-05,BNT-0000,2,247,127,164,120,1,,
BNT-0000-05,BNT-0000-01,2,239,119,154,120,1,,
BNT-0000-05,BNT-0000-02,2,239,119,154,120,1,,
BNT-0000-05,BNT-0000-03,2,240,120,156,120,1,,
BNT-0000-05,BNT-0000-04,2,240,120,156,120,1,,
BNT-0000-05,BNT-0000-06,2,248,128,165,120,1,,
BNT-0000-05,BNT-0000-07,2,255,135,174,120,1,,
BNT-0000-05,BNT-0000-08,2,255,135,174,120,1,,
BNT-0000-05,BNT-0000-09,2,255,135,174,120,1,,
BNT-0000-05,BNT-0000-10,2,255,135,174,120,1,,
BNT-0000-06,70026,2,360,240,300,120,1,,
BNT-0000-06,70027,2,360,240,300,120,1,,
BNT-0000-06,70205,2,360,240,300,120,1,,
BNT-0000-06,70206,2,360,240,300,120,1,,
BNT-0000-06,BNT-0000,2,247,127,164,120,1,,
BNT-0000-06,BNT-0000-01,2,239,119,154,120,1,,
BNT-0000-06,BNT-0000-02,2,239,119,154,120,1,,
BNT-0000-06,BNT-0000-03,2,240,120,156,120,1,,
BNT-0000-06,BNT-0000-04,2,240,120,156,120,1,,
BNT-0000-06,BNT-0000-05,2,248,128,165,120,1,,
BNT-0000-06,BNT-0000-07,2,255,135,174,120,1,,
BNT-0000-06,BNT-0000-08,2,255,135,174,120,1,,
BNT-0000-06,BNT-0000-09,2,255,135,174,120,1,,
BNT-0000-06,BNT-0000-10,2,255,135,174,120,1,,
BNT-0000-07,70026,2,360,240,300,120,1,,
BNT-0000-07,70027,2,360,240,300,120,1,,
BNT-0000-07,70205,2,360,240,300,120,1,,
BNT-0000-07,70206,2,360,240,300,120,1,,
BNT-0000-07,BNT-0000,2,254,134,173,120,1,,
BNT-0000-07,BNT-0000-01,2,246,126,163,120,1,,
BNT-0000-07,BNT-0000-02,2,246,126,163,120,1,,
BNT-0000-07,BNT-0000-03,2,247,127,165,120,1,,
BNT-0000-07,BNT-0000-04,2,247,127,165,120,1,,
BNT-0000-07,BNT-0000-05,2,255,135,174,120,1,,
BNT-0000-07,BNT-0000-06,2,255,135,174,120,1,,
BNT-0000-07,BNT-0000-08,2,262,142,183,120,1,,
BNT-0000-07,BNT-0000-09,2,262,142,183,120,1,,
BNT-0000-07,BNT-0000-10,2,262,142,183,120,1,,
BNT-0000-08,70026,2,360,240,300,120,1,,
BNT-0000-08,70027,2,360,240,300,120,1,,
BNT-0000-08,70205,2,360,240,300,120,1,,
BNT-0000-08,70206,2,360,240,300,120,1,,
BNT-0000-08,BNT-0000,2,254,134,173,120,1,,
BNT-0000-08,BNT-0000-01,2,246,126,163,120,1,,
BNT-0000-08,BNT-0000-02,2,246,126,163,120,1,,
BNT-0000-08,BNT-0000-03,2,247,127,165,120,1,,
BNT-0000-08,BNT-0000-04,2,247,127,165,120,1,,
BNT-0000-08,BNT-0000-05,2,255,135,174,120,1,,
BNT-0000-08,BNT-0000-06,2,255,135,174,120,1,,
BNT-0000-08,BNT-0000-07,2,262,142,183,120,1,,
BNT-0000-08,BNT-0000-09,2,262,142,183,120,1,,
BNT-0000-08,BNT-0000-10,2,262,142,183,120,1,,
BNT-0000-09,70026,2,360,240,300,120,1,,
BNT-0000-09,70027,2,360,240,300,120,1,,
BNT-0000-09,70205,2,360,240,300,120,1,,
BNT-0000-09,70206,2,360,240,300,120,1,,
BNT-0000-09,BNT-0000,2,254,134,173,120,1,,
BNT-0000-09,BNT-0000-01,2,246,126,163,120,1,,
BNT-0000-09,BNT-0000-02,2,246,126,163,120,1,,
BNT-0000-09,BNT-0000-03,2,247,127,165,120,1,,
BNT-0000-09,BNT-0000-04,2,247,127,165,120,1,,
BNT-0000-09,BNT-0000-05,2,255,135,174,120,1,,
BNT-0000-09,BNT-0000-06,2,255,135,174,120,1,,
BNT-0000-09,BNT-0000-07,2,262,142,183,120,1,,
BNT-0000-09,BNT-0000-08,2,262,142,183,120,1,,
BNT-0000-09,BNT-0000-10,2,262,142,183,120,1,,
BNT-0000-10,70026,2,360,240,300,120,1,,
BNT-0000-10,70027,2,360,240,300,120,1,,
BNT-0000-10,70205,2,360,240,300,120,1,,
BNT-0000-10,70206,2,360,240,300,120,1,,
BNT-0000-10,BNT-0000,2,254,134,173,120,1,,
BNT-0000-10,BNT-0000-01,2,246,126,163,120,1,,
BNT-0000-10,BNT-0000-02,2,246,126,163,120,1,,
BNT-0000-10,BNT-0000-03,2,247,127,165,120,1,,
BNT-0000-10,BNT-0000-04,2,247,127,165,120,1,,
BNT-0000-10,BNT-0000-05,2,255,135,174,120,1,,
BNT-0000-10,BNT-0000-06,2,255,135,174,120,1,,
BNT-0000-10,BNT-0000-07,2,262,142,183,120,1,,
BNT-0000-10,BNT-0000-08,2,262,142,183,120,1,,
BNT-0000-10,BNT-0000-09,2,262,142,183,120,1,,
Braintree-01,38671,2,161,41,90,120,1,,
Braintree-01,70105,2,73,13,16,60,1,,
Braintree-01,Braintree-02,2,73,13,16,60,1,,
Braintree-01,MM-0109,2,480,240,348,240,1,,
Braintree-01,MM-0109-CS,2,480,240,348,240,1,,
Braintree-01,MM-0109-S,2,480,240,348,240,1,,
Braintree-02,38671,2,161,41,90,120,1,,
Braintree-02,70105,2,73,13,16,60,1,,
Braintree-02,Braintree-01,2,73,13,16,60,1,,
Braintree-02,MM-0109,2,480,240,348,240,1,,
Braintree-02,MM-0109-CS,2,480,240,348,240,1,,
Braintree-02,MM-0109-S,2,480,240,348,240,1,,
ER-0042,74630,2,269,149,192,120,1,,
ER-0042,74631,2,240,120,156,120,1,,
ER-0042,ER-0042-01,2,269,149,192,120,1,,
ER-0042-01,74630,2,269,149,192,120,1,,
ER-0042-01,74631,2,240,120,156,120,1,,
ER-0042-01,ER-0042,2,269,149,192,120,1,,
FR-0034,70065,2,195,75,218,120,1,,
FR-0034,70066,2,195,75,260,120,1,,
FR-0034,FR-0034-01,2,129,9,12,120,1,,
FR-0034,FR-0034-02,2,129,9,12,120,1,,
FR-0034-01,70065,2,196,76,219,120,1,,
FR-0034-01,70066,2,196,76,261,120,1,,
FR-0034-01,FR-0034,2,129,9,12,120,1,,
FR-0034-01,FR-0034-02,2,130,10,13,120,1,,
FR-0034-02,70065,2,196,76,219,120,1,,
FR-0034-02,70066,2,196,76,261,120,1,,
FR-0034-02,FR-0034,2,129,9,12,120,1,,
FR-0034-02,FR-0034-01,2,130,10,13,120,1,,
Forest Hills-01,10642,2,195,75,153,120,1,,
Forest Hills-01,70001,2,71,11,14,60,1,,
Forest Hills-01,875,2,207,87,223,120,1,,
Forest Hills-01,Forest Hills-02,2,71,11,14,60,1,,
Forest Hills-01,NEC-2237,2,367,127,280,240,1,,
Forest Hills-01,NEC-2237-03,2,367,127,280,240,1,,
Forest Hills-01,NEC-2237-05,2,367,127,280,240,1,,
Forest Hills-02,10642,2,195,75,153,120,1,,
Forest Hills-02,70001,2,71,11,14,60,1,,
Forest Hills-02,875,2,207,87,223,120,1,,
Forest Hills-02,Forest Hills-01,2,71,11,14,60,1,,
Forest Hills-02,NEC-2237,2,367,127,280,240,1,,
Forest Hills-02,NEC-2237-03,2,367,127,280,240,1,,
Forest Hills-02,NEC-2237-05,2,367,127,280,240,1,,
Government Center-Brattle,4510,2,177,57,116,120,1,,
Government Center-Brattle,70039,2,126,36,91,90,1,,
Government Center-Brattle,70040,2,126,36,91,90,1,,
Government Center-Brattle,70201,2,147,27,35,120,1,,
Government Center-Brattle,70202,2,141,21,27,120,1,,
MM-0023-S,121,2,206,86,112,120,1,,
MM-0023-S,12101,2,206,86,112,120,1,,
MM-0023-S,70085,2,346,226,340,120,1,,
MM-0023-S,70086,2,346,226,340,120,1,,
MM-0023-S,70095,2,343,223,335,120,1,,
MM-0023-S,70096,2,343,223,335,120,1,,
MM-0079-S,32000,2,187,67,,120,2,,
MM-0079-S,32001,2,180,60,142,120,1,,
MM-0079-S,32002,2,190,70,155,120,1,,
MM-0079-S,32003,2,200,80,167,120,1,,
MM-0079-S,32004,2,209,89,179,120,1,,
MM-0079-S,32005,2,219,99,192,120,1,,
MM-0079-S,70101,2,189,69,215,120,1,,
MM-0079-S,70102,2,189,69,215,120,1,,
MM-0109,38671,2,361,241,312,120,1,,
MM-0109,70105,2,366,246,353,120,1,,
MM-0109,Braintree-01,2,366,246,353,120,1,,
MM-0109,Braintree-02,2,366,246,353,120,1,,
MM-0109,MM-0109-CS,2,324,204,263,120,1,,
MM-0109,MM-0109-S,2,324,204,263,120,1,,
MM-0109-CS,38671,2,361,241,312,120,1,,
MM-0109-CS,70105,2,366,246,353,120,1,,
MM-0109-CS,Braintree-01,2,366,246,353,120,1,,
MM-0109-CS,Braintree-02,2,366,246,353,120,1,,
MM-0109-CS,MM-0109,2,324,204,263,120,1,,
MM-0109-CS,MM-0109-S,2,324,204,263,120,1,,
MM-0109-S,38671,2,361,241,312,120,1,,
MM-0109-S,70105,2,366,246,353,120,1,,
MM-0109-S,Braintree-01,2,366,246,353,120,1,,
MM-0109-S,Braintree-02,2,366,246,353,120,1,,
MM-0109-S,MM-0109,2,324,204,263,120,1,,
MM-0109-S,MM-0109-CS,2,324,204,263,120,1,,
NBM-0374,NBM-0374-01,2,153,33,42,120,1,,
NBM-0374,NBM-0374-02,2,153,33,42,120,1,,
NBM-0374-01,NBM-0374,2,153,33,42,120,1,,
NBM-0374-01,NBM-0374-02,2,153,33,42,120,1,,
NBM-0374-02,NBM-0374,2,153,33,42,120,1,,
NBM-0374-02,NBM-0374-01,2,153,33,42,120,1,,
NEC-2237,10642,2,274,154,259,120,1,,
NEC-2237,70001,2,245,125,275,120,1,,
NEC-2237,875,2,276,156,316,120,1,,
NEC-2237,Forest Hills-01,2,245,125,275,120,1,,
NEC-2237,Forest Hills-02,2,245,125,275,120,1,,
NEC-2237,NEC-2237-03,2,287,167,216,120,1,,
NEC-2237,NEC-2237-05,2,287,167,216,120,1,,
NEC-2237-03,10642,2,274,154,259,120,1,,
NEC-2237-03,70001,2,245,125,275,120,1,,
NEC-2237-03,875,2,276,156,316,120,1,,
NEC-2237-03,Forest Hills-01,2,245,125,275,120,1,,
NEC-2237-03,Forest Hills-02,2,245,125,275,120,1,,
NEC-2237-03,NEC-2237,2,287,167,216,120,1,,
NEC-2237-03,NEC-2237-05,2,124,4,6,120,1,,
NEC-2237-05,10642,2,274,154,259,120,1,,
NEC-2237-05,70001,2,245,125,275,120,1,,
NEC-2237-05,875,2,276,156,316,120,1,,
NEC-2237-05,Forest Hills-01,2,245,125,275,120,1,,
NEC-2237-05,Forest Hills-02,2,245,125,275,120,1,,
NEC-2237-05,NEC-2237,2,287,167,216,120,1,,
NEC-2237-05,NEC-2237-03,2,124,4,6,120,1,,
NEC-2265,17861,2,145,25,32,120,1,,
NEC-2265,17862,2,167,47,121,120,1,,
NEC-2265,17863,2,156,36,106,120,1,,
NEC-2265,17865,2,146,26,93,120,1,,
NEC-2265,17866,2,160,40,112,120,1,,
NEC-2265,17867,2,153,33,97,120,1,,
NEC-2265,17868,2,154,34,99,120,1,,
NEC-2265,17869,2,160,40,105,120,1,,
NEC-2265,17870,2,167,47,115,120,1,,
NEC-2265,17871,2,173,53,123,120,1,,
NEC-2265,70010,2,172,52,141,120,1,,
NEC-2265,70011,2,172,52,141,120,1,,
NEC-2265,NEC-2265-01,2,168,48,112,120,1,,
NEC-2265,NEC-2265-02,2,267,147,250,120,1,,
NEC-2265,NEC-2265-03,2,168,48,112,120,1,,
NEC-2265-01,17861,2,173,53,118,120,1,,
NEC-2265-01,17862,2,170,50,175,120,1,,
NEC-2265-01,17863,2,158,38,160,120,1,,
NEC-2265-01,17865,2,148,28,147,120,1,,
NEC-2265-01,17866,2,163,43,166,120,1,,
NEC-2265-01,17867,2,156,36,150,120,1,,
NEC-2265-01,17868,2,157,37,152,120,1,,
NEC-2265-01,17869,2,162,42,158,120,1,,
NEC-2265-01,17870,2,170,50,169,120,1,,
NEC-2265-01,17871,2,176,56,176,120,1,,
NEC-2265-01,70010,2,180,60,200,120,1,,
NEC-2265-01,70011,2,180,60,200,120,1,,
NEC-2265-01,NEC-2265,2,168,48,112,120,1,,
NEC-2265-01,NEC-2265-02,2,270,150,304,120,1,,
NEC-2265-01,NEC-2265-03,2,133,13,17,120,1,,
NEC-2265-02,17861,2,278,158,265,120,1,,
NEC-2265-02,17862,2,263,143,185,120,1,,
NEC-2265-02,17863,2,259,139,180,120,1,,
NEC-2265-02,17865,2,249,129,166,120,1,,
NEC-2265-02,17866,2,235,115,149,120,1,,
NEC-2265-02,17867,2,255,135,175,120,1,,
NEC-2265-02,17868,2,256,136,175,120,1,,
NEC-2265-02,17869,2,249,129,166,120,1,,
NEC-2265-02,17870,2,256,136,176,120,1,,
NEC-2265-02,17871,2,262,142,184,120,1,,
NEC-2265-02,70010,2,294,174,359,120,1,,
NEC-2265-02,70011,2,294,174,359,120,1,,
NEC-2265-02,NEC-2265,2,269,149,252,120,1,,
NEC-2265-02,NEC-2265-01,2,271,151,306,120,1,,
NEC-2265-02,NEC-2265-03,2,271,151,306,120,1,,
NEC-2265-03,17861,2,173,53,118,120,1,,
NEC-2265-03,17862,2,170,50,175,120,1,,
NEC-2265-03,17863,2,158,38,160,120,1,,
NEC-2265-03,17865,2,148,28,147,120,1,,
NEC-2265-03,17866,2,163,43,166,120,1,,
NEC-2265-03,17867,2,156,36,150,120,1,,
NEC-2265-03,17868,2,157,37,152,120,1,,
NEC-2265-03,17869,2,162,42,158,120,1,,
NEC-2265-03,17870,2,170,50,169,120,1,,
NEC-2265-03,17871,2,176,56,176,120,1,,
NEC-2265-03,70010,2,180,60,200,120,1,,
NEC-2265-03,70011,2,180,60,200,120,1,,
NEC-2265-03,NEC-2265,2,168,48,112,120,1,,
NEC-2265-03,NEC-2265-01,2,133,13,17,120,1,,
NEC-2265-03,NEC-2265-02,2,270,150,304,120,1,,
NEC-2276,11384,2,158,38,49,120,1,,
NEC-2276,176,2,179,59,76,120,1,,
NEC-2276,23391,2,183,63,82,120,1,,
NEC-2276,70014,2,185,65,117,120,1,,
NEC-2276,70015,2,185,65,117,120,1,,
NEC-2276,NEC-2276-01,2,179,59,128,120,1,,
NEC-2276,NEC-2276-02,2,180,60,154,120,1,,
NEC-2276,NEC-2276-03,2,179,59,128,120,1,,
NEC-2276,WML-0012-05,2,272,152,244,120,1,,
NEC-2276,WML-0012-07,2,272,152,244,120,1,,
NEC-2276-01,11384,2,215,95,175,120,1,,
NEC-2276-01,176,2,250,130,221,120,1,,
NEC-2276-01,23391,2,188,68,140,120,1,,
NEC-2276-01,70014,2,233,113,232,120,1,,
NEC-2276-01,70015,2,233,113,232,120,1,,
NEC-2276-01,NEC-2276,2,203,83,160,120,1,,
NEC-2276-01,NEC-2276-02,2,228,108,268,120,1,,
NEC-2276-01,NEC-2276-03,2,151,31,41,120,1,,
NEC-2276-01,WML-0012-05,2,320,200,359,120,1,,
NEC-2276-01,WML-0012-07,2,320,200,359,120,1,,
NEC-2276-02,11384,2,250,130,244,120,1,,
NEC-2276-02,176,2,272,152,272,120,1,,
NEC-2276-02,23391,2,262,142,260,120,1,,
NEC-2276-02,70014,2,269,149,302,120,1,,
NEC-2276-02,70015,2,269,149,302,120,1,,
NEC-2276-02,NEC-2276,2,240,120,231,120,1,,
NEC-2276-02,NEC-2276-01,2,264,144,314,120,1,,
NEC-2276-02,NEC-2276-03,2,264,144,314,120,1,,
NEC-2276-02,WML-0012-05,2,357,237,430,120,1,,
NEC-2276-02,WML-0012-07,2,357,237,430,120,1,,
NEC-2276-03,11384,2,215,95,175,120,1,,
NEC-2276-03,176,2,250,130,221,120,1,,
NEC-2276-03,23391,2,188,68,140,120,1,,
NEC-2276-03,70014,2,233,113,232,120,1,,
NEC-2276-03,70015,2,233,113,232,120,1,,
NEC-2276-03,NEC-2276,2,203,83,160,120,1,,
NEC-2276-03,NEC-2276-01,2,151,31,41,120,1,,
NEC-2276-03,NEC-2276-02,2,228,108,268,120,1,,
NEC-2276-03,WML-0012-05,2,320,200,359,120,1,,
NEC-2276-03,WML-0012-07,2,320,200,359,120,1,,
NEC-2287,70079,2,236,116,261,120,1,,
NEC-2287,70080,2,261,141,353,120,1,,
NEC-2287,74611,2,224,104,248,120,1,,
NEC-2287,74617,2,227,107,252,120,1,,
NEC-2287,84611,2,224,104,,120,2,,
NEC-2287,NEC-2287-01,2,181,61,79,120,1,,
NEC-2287,NEC-2287-02,2,175,55,71,120,1,,
NEC-2287,NEC-2287-03,2,175,55,71,120,1,,
NEC-2287,NEC-2287-04,2,169,49,63,120,1,,
NEC-2287,NEC-2287-05,2,169,49,63,120,1,,
NEC-2287,NEC-2287-06,2,166,46,59,120,1,,
NEC-2287,NEC-2287-07,2,166,46,59,120,1,,
NEC-2287,NEC-2287-08,2,173,53,68,120,1,,
NEC-2287,NEC-2287-09,2,173,53,68,120,1,,
NEC-2287,NEC-2287-10,2,176,56,73,120,1,,
NEC-2287,NEC-2287-11,2,176,56,73,120,1,,
NEC-2287,NEC-2287-12,2,194,74,96,120,1,,
NEC-2287,NEC-2287-13,2,194,74,96,120,1,,
NEC-2287,NEC-2287-B2,2,229,109,187,120,1,,
NEC-2287,NEC-2287-B36,2,146,26,79,120,1,,
NEC-2287,NEC-2287-B37,2,159,39,96,120,1,,
NEC-2287-01,70079,2,285,165,325,120,1,,
NEC-2287-01,70080,2,310,190,417,120,1,,
NEC-2287-01,74611,2,273,153,312,120,1,,
NEC-2287-01,74617,2,276,156,316,120,1,,
NEC-2287-01,84611,2,273,153,,120,2,,
NEC-2287-01,NEC-2287,2,181,61,79,120,1,,
NEC-2287-01,NEC-2287-02,2,177,57,74,120,1,,
NEC-2287-01,NEC-2287-03,2,177,57,74,120,1,,
NEC-2287-01,NEC-2287-04,2,182,62,80,120,1,,
NEC-2287-01,NEC-2287-05,2,182,62,80,120,1,,
NEC-2287-01,NEC-2287-06,2,192,72,93,120,1,,
NEC-2287-01,NEC-2287-07,2,192,72,93,120,1,,
NEC-2287-01,NEC-2287-08,2,234,114,148,120,1,,
NEC-2287-01,NEC-2287-09,2,234,114,148,120,1,,
NEC-2287-01,NEC-2287-10,2,237,117,152,120,1,,
NEC-2287-01,NEC-2287-11,2,237,117,152,120,1,,
NEC-2287-01,NEC-2287-12,2,255,135,175,120,1,,
NEC-2287-01,NEC-2287-13,2,255,135,175,120,1,,
NEC-2287-01,NEC-2287-B2,2,261,141,228,120,1,,
NEC-2287-01,NEC-2287-B36,2,177,57,120,120,1,,
NEC-2287-01,NEC-2287-B37,2,190,70,137,120,1,,
NEC-2287-02,70079,2,282,162,321,120,1,,
NEC-2287-02,70080,2,307,187,413,120,1,,
NEC-2287-02,74611,2,270,150,308,120,1,,
NEC-2287-02,74617,2,273,153,312,120,1,,
NEC-2287-02,84611,2,270,150,,120,2,,
NEC-2287-02,NEC-2287,2,175,55,71,120,1,,
NEC-2287-02,NEC-2287-01,2,177,57,74,120,1,,
NEC-2287-02,NEC-2287-03,2,172,52,68,120,1,,
NEC-2287-02,NEC-2287-04,2,177,57,74,120,1,,
NEC-2287-02,NEC-2287-05,2,177,57,74,120,1,,
NEC-2287-02,NEC-2287-06,2,186,66,85,120,1,,
NEC-2287-02,NEC-2287-07,2,186,66,85,120,1,,
NEC-2287-02,NEC-2287-08,2,228,108,140,120,1,,
NEC-2287-02,NEC-2287-09,2,228,108,140,120,1,,
NEC-2287-02,NEC-2287-10,2,231,111,144,120,1,,
NEC-2287-02,NEC-2287-11,2,231,111,144,120,1,,
NEC-2287-02,NEC-2287-12,2,249,129,167,120,1,,
NEC-2287-02,NEC-2287-13,2,249,129,167,120,1,,
NEC-2287-02,NEC-2287-B2,2,254,134,219,120,1,,
NEC-2287-02,NEC-2287-B36,2,170,50,111,120,1,,
NEC-2287-02,NEC-2287-B37,2,183,63,128,120,1,,
NEC-2287-03,70079,2,282,162,321,120,1,,
NEC-2287-03,70080,2,307,187,413,120,1,,
NEC-2287-03,74611,2,270,150,308,120,1,,
NEC-2287-03,74617,2,273,153,312,120,1,,
NEC-2287-03,84611,2,270,150,,120,2,,
NEC-2287-03,NEC-2287,2,175,55,71,120,1,,
NEC-2287-03,NEC-2287-01,2,177,57,74,120,1,,
NEC-2287-03,NEC-2287-02,2,172,52,68,120,1,,
NEC-2287-03,NEC-2287-04,2,177,57,74,120,1,,
NEC-2287-03,NEC-2287-05,2,177,57,74,120,1,,
NEC-2287-03,NEC-2287-06,2,186,66,85,120,1,,
NEC-2287-03,NEC-2287-07,2,186,66,85,120,1,,
NEC-2287-03,NEC-2287-08,2,228,108,140,120,1,,
NEC-2287-03,NEC-2287-09,2,228,108,140,120,1,,
NEC-2287-03,NEC-2287-10,2,231,111,144,120,1,,
NEC-2287-03,NEC-2287-11,2,231,111,144,120,1,,
NEC-2287-03,NEC-2287-12,2,249,129,167,120,1,,
NEC-2287-03,NEC-2287-13,2,249,129,167,120,1,,
NEC-2287-03,NEC-2287-B2,2,254,134,219,120,1,,
NEC-2287-03,NEC-2287-B36,2,170,50,111,120,1,,
NEC-2287-03,NEC-2287-B37,2,183,63,128,120,1,,
NEC-2287-04,70079,2,284,164,323,120,1,,
NEC-2287-04,70080,2,308,188,415,120,1,,
NEC-2287-04,74611,2,271,151,310,120,1,,
NEC-2287-04,74617,2,274,154,314,120,1,,
NEC-2287-04,84611,2,271,151,,120,2,,
NEC-2287-04,NEC-2287,2,169,49,63,120,1,,
NEC-2287-04,NEC-2287-01,2,182,62,80,120,1,,
NEC-2287-04,NEC-2287-02,2,177,57,74,120,1,,
NEC-2287-04,NEC-2287-03,2,177,57,74,120,1,,
NEC-2287-04,NEC-2287-05,2,172,52,68,120,1,,
NEC-2287-04,NEC-2287-06,2,179,59,77,120,1,,
NEC-2287-04,NEC-2287-07,2,179,59,77,120,1,,
NEC-2287-04,NEC-2287-08,2,222,102,131,120,1,,
NEC-2287-04,NEC-2287-09,2,222,102,131,120,1,,
NEC-2287-04,NEC-2287-10,2,225,105,136,120,1,,
NEC-2287-04,NEC-2287-11,2,225,105,136,120,1,,
NEC-2287-04,NEC-2287-12,2,242,122,158,120,1,,
NEC-2287-04,NEC-2287-13,2,242,122,158,120,1,,
NEC-2287-04,NEC-2287-B2,2,247,127,211,120,1,,
NEC-2287-04,NEC-2287-B36,2,164,44,102,120,1,,
NEC-2287-04,NEC-2287-B37,2,177,57,120,120,1,,
NEC-2287-05,70079,2,284,164,323,120,1,,
NEC-2287-05,70080,2,308,188,415,120,1,,
NEC-2287-05,74611,2,271,151,310,120,1,,
NEC-2287-05,74617,2,274,154,314,120,1,,
NEC-2287-05,84611,2,271,151,,120,2,,
NEC-2287-05,NEC-2287,2,169,49,63,120,1,,
NEC-2287-05,NEC-2287-01,2,182,62,80,120,1,,
NEC-2287-05,NEC-2287-02,2,177,57,74,120,1,,
NEC-2287-05,NEC-2287-03,2,177,57,74,120,1,,
NEC-2287-05,NEC-2287-04,2,172,52,68,120,1,,
NEC-2287-05,NEC-2287-06,2,179,59,77,120,1,,
NEC-2287-05,NEC-2287-07,2,179,59,77,120,1,,
NEC-2287-05,NEC-2287-08,2,222,102,131,120,1,,
NEC-2287-05,NEC-2287-09,2,222,102,131,120,1,,
NEC-2287-05,NEC-2287-10,2,225,105,136,120,1,,
NEC-2287-05,NEC-2287-11,2,225,105,136,120,1,,
NEC-2287-05,NEC-2287-12,2,242,122,158,120,1,,
NEC-2287-05,NEC-2287-13,2,242,122,158,120,1,,
NEC-2287-05,NEC-2287-B2,2,247,127,211,120,1,,
NEC-2287-05,NEC-2287-B36,2,164,44,102,120,1,,
NEC-2287-05,NEC-2287-B37,2,177,57,120,120,1,,
NEC-2287-06,70079,2,282,162,320,120,1,,
NEC-2287-06,70080,2,306,186,412,120,1,,
NEC-2287-06,74611,2,269,149,307,120,1,,
NEC-2287-06,74617,2,273,153,311,120,1,,
NEC-2287-06,84611,2,269,149,,120,2,,
NEC-2287-06,NEC-2287,2,166,46,59,120,1,,
NEC-2287-06,NEC-2287-01,2,192,72,93,120,1,,
NEC-2287-06,NEC-2287-02,2,186,66,85,120,1,,
NEC-2287-06,NEC-2287-03,2,186,66,85,120,1,,
NEC-2287-06,NEC-2287-04,2,179,59,77,120,1,,
NEC-2287-06,NEC-2287-05,2,179,59,77,120,1,,
NEC-2287-06,NEC-2287-07,2,175,55,71,120,1,,
NEC-2287-06,NEC-2287-08,2,219,99,128,120,1,,
NEC-2287-06,NEC-2287-09,2,219,99,128,120,1,,
NEC-2287-06,NEC-2287-10,2,222,102,132,120,1,,
NEC-2287-06,NEC-2287-11,2,222,102,132,120,1,,
NEC-2287-06,NEC-2287-12,2,240,120,155,120,1,,
NEC-2287-06,NEC-2287-13,2,240,120,155,120,1,,
NEC-2287-06,NEC-2287-B2,2,243,123,205,120,1,,
NEC-2287-06,NEC-2287-B36,2,159,39,97,120,1,,
NEC-2287-06,NEC-2287-B37,2,173,53,114,120,1,,
NEC-2287-07,70079,2,282,162,320,120,1,,
NEC-2287-07,70080,2,306,186,412,120,1,,
NEC-2287-07,74611,2,269,149,307,120,1,,
NEC-2287-07,74617,2,273,153,311,120,1,,
NEC-2287-07,84611,2,269,149,,120,2,,
NEC-2287-07,NEC-2287,2,166,46,59,120,1,,
NEC-2287-07,NEC-2287-01,2,192,72,93,120,1,,
NEC-2287-07,NEC-2287-02,2,186,66,85,120,1,,
NEC-2287-07,NEC-2287-03,2,186,66,85,120,1,,
NEC-2287-07,NEC-2287-04,2,179,59,77,120,1,,
NEC-2287-07,NEC-2287-05,2,179,59,77,120,1,,
NEC-2287-07,NEC-2287-06,2,175,55,71,120,1,,
NEC-2287-07,NEC-2287-08,2,219,99,128,120,1,,
NEC-2287-07,NEC-2287-09,2,219,99,128,120,1,,
NEC-2287-07,NEC-2287-10,2,222,102,132,120,1,,
NEC-2287-07,NEC-2287-11,2,222,102,132,120,1,,
NEC-2287-07,NEC-2287-12,2,240,120,155,120,1,,
NEC-2287-07,NEC-2287-13,2,240,120,155,120,1,,
NEC-2287-07,NEC-2287-B2,2,243,123,205,120,1,,
NEC-2287-07,NEC-2287-B36,2,159,39,97,120,1,,
NEC-2287-07,NEC-2287-B37,2,173,53,114,120,1,,
NEC-2287-08,70079,2,284,164,324,120,1,,
NEC-2287-08,70080,2,309,189,416,120,1,,
NEC-2287-08,74611,2,272,152,311,120,1,,
NEC-2287-08,74617,2,275,155,315,120,1,,
NEC-2287-08,84611,2,272,152,,120,2,,
NEC-2287-08,NEC-2287,2,173,53,68,120,1,,
NEC-2287-08,NEC-2287-01,2,234,114,148,120,1,,
NEC-2287-08,NEC-2287-02,2,228,108,140,120,1,,
NEC-2287-08,NEC-2287-03,2,228,108,140,120,1,,
NEC-2287-08,NEC-2287-04,2,222,102,131,120,1,,
NEC-2287-08,NEC-2287-05,2,222,102,131,120,1,,
NEC-2287-08,NEC-2287-06,2,219,99,128,120,1,,
NEC-2287-08,NEC-2287-07,2,219,99,128,120,1,,
NEC-2287-08,NEC-2287-09,2,202,82,106,120,1,,
NEC-2287-08,NEC-2287-10,2,205,85,110,120,1,,
NEC-2287-08,NEC-2287-11,2,205,85,110,120,1,,
NEC-2287-08,NEC-2287-12,2,223,103,133,120,1,,
NEC-2287-08,NEC-2287-13,2,223,103,133,120,1,,
NEC-2287-08,NEC-2287-B2,2,279,159,252,120,1,,
NEC-2287-08,NEC-2287-B36,2,196,76,144,120,1,,
NEC-2287-08,NEC-2287-B37,2,209,89,161,120,1,,
NEC-2287-09,70079,2,284,164,324,120,1,,
NEC-2287-09,70080,2,309,189,416,120,1,,
NEC-2287-09,74611,2,272,152,311,120,1,,
NEC-2287-09,74617,2,275,155,315,120,1,,
NEC-2287-09,84611,2,272,152,,120,2,,
NEC-2287-09,NEC-2287,2,173,53,68,120,1,,
NEC-2287-09,NEC-2287-01,2,234,114,148,120,1,,
NEC-2287-09,NEC-2287-02,2,228,108,140,120,1,,
NEC-2287-09,NEC-2287-03,2,228,108,140,120,1,,
NEC-2287-09,NEC-2287-04,2,222,102,131,120,1,,
NEC-2287-09,NEC-2287-05,2,222,102,131,120,1,,
NEC-2287-09,NEC-2287-06,2,219,99,128,120,1,,
NEC-2287-09,NEC-2287-07,2,219,99,128,120,1,,
NEC-2287-09,NEC-2287-08,2,202,82,106,120,1,,
NEC-2287-09,NEC-2287-10,2,205,85,110,120,1,,
NEC-2287-09,NEC-2287-11,2,205,85,110,120,1,,
NEC-2287-09,NEC-2287-12,2,223,103,133,120,1,,
NEC-2287-09,NEC-2287-13,2,223,103,133,120,1,,
NEC-2287-09,NEC-2287-B2,2,279,159,252,120,1,,
NEC-2287-09,NEC-2287-B36,2,196,76,144,120,1,,
NEC-2287-09,NEC-2287-B37,2,209,89,161,120,1,,
NEC-2287-10,70079,2,288,168,328,120,1,,
NEC-2287-10,70080,2,313,193,420,120,1,,
NEC-2287-10,74611,2,276,156,315,120,1,,
NEC-2287-10,74617,2,279,159,319,120,1,,
NEC-2287-10,84611,2,276,156,,120,2,,
NEC-2287-10,NEC-2287,2,176,56,73,120,1,,
NEC-2287-10,NEC-2287-01,2,237,117,152,120,1,,
NEC-2287-10,NEC-2287-02,2,231,111,144,120,1,,
NEC-2287-10,NEC-2287-03,2,231,111,144,120,1,,
NEC-2287-10,NEC-2287-04,2,225,105,136,120,1,,
NEC-2287-10,NEC-2287-05,2,225,105,136,120,1,,
NEC-2287-10,NEC-2287-06,2,222,102,132,120,1,,
NEC-2287-10,NEC-2287-07,2,222,102,132,120,1,,
NEC-2287-10,NEC-2287-08,2,205,85,110,120,1,,
NEC-2287-10,NEC-2287-09,2,205,85,110,120,1,,
NEC-2287-10,NEC-2287-11,2,208,88,114,120,1,,
NEC-2287-10,NEC-2287-12,2,226,106,137,120,1,,
NEC-2287-10,NEC-2287-13,2,226,106,137,120,1,,
NEC-2287-10,NEC-2287-B2,2,283,163,256,120,1,,
NEC-2287-10,NEC-2287-B36,2,199,79,148,120,1,,
NEC-2287-10,NEC-2287-B37,2,212,92,165,120,1,,
NEC-2287-11,70079,2,288,168,328,120,1,,
NEC-2287-11,70080,2,313,193,420,120,1,,
NEC-2287-11,74611,2,276,156,315,120,1,,
NEC-2287-11,74617,2,279,159,319,120,1,,
NEC-2287-11,84611,2,276,156,,120,2,,
NEC-2287-11,NEC-2287,2,176,56,73,120,1,,
NEC-2287-11,NEC-2287-01,2,237,117,152,120,1,,
NEC-2287-11,NEC-2287-02,2,231,111,144,120,1,,
NEC-2287-11,NEC-2287-03,2,231,111,144,120,1,,
NEC-2287-11,NEC-2287-04,2,225,105,136,120,1,,
NEC-2287-11,NEC-2287-05,2,225,105,136,120,1,,
NEC-2287-11,NEC-2287-06,2,222,102,132,120,1,,
NEC-2287-11,NEC-2287-07,2,222,102,132,120,1,,
NEC-2287-11,NEC-2287-08,2,205,85,110,120,1,,
NEC-2287-11,NEC-2287-09,2,205,85,110,120,1,,
NEC-2287-11,NEC-2287-10,2,208,88,114,120,1,,
NEC-2287-11,NEC-2287-12,2,226,106,137,120,1,,
NEC-2287-11,NEC-2287-13,2,226,106,137,120,1,,
NEC-2287-11,NEC-2287-B2,2,283,163,256,120,1,,
NEC-2287-11,NEC-2287-B36,2,199,79,148,120,1,,
NEC-2287-11,NEC-2287-B37,2,212,92,165,120,1,,
NEC-2287-12,70079,2,305,185,351,120,1,,
NEC-2287-12,70080,2,330,210,443,120,1,,
NEC-2287-12,74611,2,293,173,338,120,1,,
NEC-2287-12,74617,2,296,176,342,120,1,,
NEC-2287-12,84611,2,293,173,,120,2,,
NEC-2287-12,NEC-2287,2,194,74,96,120,1,,
NEC-2287-12,NEC-2287-01,2,255,135,175,120,1,,
NEC-2287-12,NEC-2287-02,2,249,129,167,120,1,,
NEC-2287-12,NEC-2287-03,2,249,129,167,120,1,,
NEC-2287-12,NEC-2287-04,2,242,122,158,120,1,,
NEC-2287-12,NEC-2287-05,2,242,122,158,120,1,,
NEC-2287-12,NEC-2287-06,2,240,120,155,120,1,,
NEC-2287-12,NEC-2287-07,2,240,120,155,120,1,,
NEC-2287-12,NEC-2287-08,2,223,103,133,120,1,,
NEC-2287-12,NEC-2287-09,2,223,103,133,120,1,,
NEC-2287-12,NEC-2287-10,2,226,106,137,120,1,,
NEC-2287-12,NEC-2287-11,2,226,106,137,120,1,,
NEC-2287-12,NEC-2287-13,2,244,124,160,120,1,,
NEC-2287-12,NEC-2287-B2,2,300,180,279,120,1,,
NEC-2287-12,NEC-2287-B36,2,217,97,171,120,1,,
NEC-2287-12,NEC-2287-B37,2,230,110,188,120,1,,
NEC-2287-13,70079,2,305,185,351,120,1,,
NEC-2287-13,70080,2,330,210,443,120,1,,
NEC-2287-13,74611,2,293,173,338,120,1,,
NEC-2287-13,74617,2,296,176,342,120,1,,
NEC-2287-13,84611,2,293,173,,120,2,,
NEC-2287-13,NEC-2287,2,194,74,96,120,1,,
NEC-2287-13,NEC-2287-01,2,255,135,175,120,1,,
NEC-2287-13,NEC-2287-02,2,249,129,167,120,1,,
NEC-2287-13,NEC-2287-03,2,249,129,167,120,1,,
NEC-2287-13,NEC-2287-04,2,242,122,158,120,1,,
NEC-2287-13,NEC-2287-05,2,242,122,158,120,1,,
NEC-2287-13,NEC-2287-06,2,240,120,155,120,1,,
NEC-2287-13,NEC-2287-07,2,240,120,155,120,1,,
NEC-2287-13,NEC-2287-08,2,223,103,133,120,1,,
NEC-2287-13,NEC-2287-09,2,223,103,133,120,1,,
NEC-2287-13,NEC-2287-10,2,226,106,137,120,1,,
NEC-2287-13,NEC-2287-11,2,226,106,137,120,1,,
NEC-2287-13,NEC-2287-12,2,244,124,160,120,1,,
NEC-2287-13,NEC-2287-B2,2,300,180,279,120,1,,
NEC-2287-13,NEC-2287-B36,2,217,97,171,120,1,,
NEC-2287-13,NEC-2287-B37,2,230,110,188,120,1,,
NEC-2287-B2,70079,2,285,225,448,60,1,,
NEC-2287-B2,70080,2,310,250,540,60,1,,
NEC-2287-B2,74611,2,333,213,435,120,1,,
NEC-2287-B2,74617,2,336,216,439,120,1,,
NEC-2287-B2,84611,2,333,213,,120,2,,
NEC-2287-B2,NEC-2287,2,409,109,187,300,1,,
NEC-2287-B2,NEC-2287-01,2,441,141,228,300,1,,
NEC-2287-B2,NEC-2287-02,2,434,134,219,300,1,,
NEC-2287-B2,NEC-2287-03,2,434,134,219,300,1,,
NEC-2287-B2,NEC-2287-04,2,427,127,211,300,1,,
NEC-2287-B2,NEC-2287-05,2,427,127,211,300,1,,
NEC-2287-B2,NEC-2287-06,2,423,123,205,300,1,,
NEC-2287-B2,NEC-2287-07,2,423,123,205,300,1,,
NEC-2287-B2,NEC-2287-08,2,459,159,252,300,1,,
NEC-2287-B2,NEC-2287-09,2,459,159,252,300,1,,
NEC-2287-B2,NEC-2287-10,2,463,163,256,300,1,,
NEC-2287-B2,NEC-2287-11,2,463,163,256,300,1,,
NEC-2287-B2,NEC-2287-12,2,480,180,279,300,1,,
NEC-2287-B2,NEC-2287-13,2,480,180,279,300,1,,
NEC-2287-B2,NEC-2287-B36,2,210,90,117,120,1,,
NEC-2287-B2,NEC-2287-B37,2,207,87,113,120,1,,
NEC-2287-B36,70079,2,201,141,340,60,1,,
NEC-2287-B36,70080,2,226,166,432,60,1,,
NEC-2287-B36,74611,2,249,129,327,120,1,,
NEC-2287-B36,74617,2,252,132,331,120,1,,
NEC-2287-B36,84611,2,249,129,,120,2,,
NEC-2287-B36,NEC-2287,2,326,26,79,300,1,,
NEC-2287-B36,NEC-2287-01,2,357,57,120,300,1,,
NEC-2287-B36,NEC-2287-02,2,350,50,111,300,1,,
NEC-2287-B36,NEC-2287-03,2,350,50,111,300,1,,
NEC-2287-B36,NEC-2287-04,2,344,44,102,300,1,,
NEC-2287-B36,NEC-2287-05,2,344,44,102,300,1,,
NEC-2287-B36,NEC-2287-06,2,339,39,97,300,1,,
NEC-2287-B36,NEC-2287-07,2,339,39,97,300,1,,
NEC-2287-B36,NEC-2287-08,2,376,76,144,300,1,,
NEC-2287-B36,NEC-2287-09,2,376,76,144,300,1,,
NEC-2287-B36,NEC-2287-10,2,379,79,148,300,1,,
NEC-2287-B36,NEC-2287-11,2,379,79,148,300,1,,
NEC-2287-B36,NEC-2287-12,2,397,97,171,300,1,,
NEC-2287-B36,NEC-2287-13,2,397,97,171,300,1,,
NEC-2287-B36,NEC-2287-B2,2,210,90,117,120,1,,
NEC-2287-B36,NEC-2287-B37,2,141,21,27,120,1,,
NEC-2287-B37,70079,2,214,154,357,60,1,,
NEC-2287-B37,70080,2,239,179,449,60,1,,
NEC-2287-B37,74611,2,262,142,344,120,1,,
NEC-2287-B37,74617,2,265,145,348,120,1,,
NEC-2287-B37,84611,2,262,142,,120,2,,
NEC-2287-B37,NEC-2287,2,339,39,96,300,1,,
NEC-2287-B37,NEC-2287-01,2,370,70,137,300,1,,
NEC-2287-B37,NEC-2287-02,2,363,63,128,300,1,,
NEC-2287-B37,NEC-2287-03,2,363,63,128,300,1,,
NEC-2287-B37,NEC-2287-04,2,357,57,120,300,1,,
NEC-2287-B37,NEC-2287-05,2,357,57,120,300,1,,
NEC-2287-B37,NEC-2287-06,2,353,53,114,300,1,,
NEC-2287-B37,NEC-2287-07,2,353,53,114,300,1,,
NEC-2287-B37,NEC-2287-08,2,389,89,161,300,1,,
NEC-2287-B37,NEC-2287-09,2,389,89,161,300,1,,
NEC-2287-B37,NEC-2287-10,2,392,92,165,300,1,,
NEC-2287-B37,NEC-2287-11,2,392,92,165,300,1,,
NEC-2287-B37,NEC-2287-12,2,410,110,188,300,1,,
NEC-2287-B37,NEC-2287-13,2,410,110,188,300,1,,
NEC-2287-B37,NEC-2287-B2,2,207,87,113,120,1,,
NEC-2287-B37,NEC-2287-B36,2,141,21,27,120,1,,
Oak Grove-01,70036,2,65,5,6,60,1,,
Oak Grove-01,9328,2,235,115,243,120,1,,
Oak Grove-01,Oak Grove-02,2,65,5,6,60,1,,
Oak Grove-01,WR-0053-S,2,358,118,,240,2,,
Oak Grove-02,70036,2,65,5,6,60,1,,
Oak Grove-02,9328,2,235,115,243,120,1,,
Oak Grove-02,Oak Grove-01,2,65,5,6,60,1,,
Oak Grove-02,WR-0053-S,2,358,118,,240,2,,
Union Square-01,70503,2,244,124,161,120,1,,
Union Square-01,70504,2,244,124,161,120,1,,
Union Square-01,Union Square-02,2,244,124,161,120,1,,
Union Square-02,70503,2,244,124,161,120,1,,
Union Square-02,70504,2,244,124,161,120,1,,
Union Square-02,Union Square-01,2,244,124,161,120,1,,
WML-0012-05,11384,2,263,143,233,120,1,,
WML-0012-05,176,2,306,186,289,120,1,,
WML-0012-05,23391,2,301,181,282,120,1,,
WML-0012-05,70014,2,301,181,315,120,1,,
WML-0012-05,70015,2,301,181,315,120,1,,
WML-0012-05,NEC-2276,2,272,152,244,120,1,,
WML-0012-05,NEC-2276-01,2,296,176,328,120,1,,
WML-0012-05,NEC-2276-02,2,297,177,353,120,1,,
WML-0012-05,NEC-2276-03,2,296,176,328,120,1,,
WML-0012-05,WML-0012-07,2,165,45,58,120,1,,
WML-0012-07,11384,2,263,143,233,120,1,,
WML-0012-07,176,2,306,186,289,120,1,,
WML-0012-07,23391,2,301,181,282,120,1,,
WML-0012-07,70014,2,301,181,315,120,1,,
WML-0012-07,70015,2,301,181,315,120,1,,
WML-0012-07,NEC-2276,2,272,152,244,120,1,,
WML-0012-07,NEC-2276-01,2,296,176,328,120,1,,
WML-0012-07,NEC-2276-02,2,297,177,353,120,1,,
WML-0012-07,NEC-2276-03,2,296,176,328,120,1,,
WML-0012-07,WML-0012-05,2,165,45,58,120,1,,
WR-0045-S,5072,2,189,69,146,120,1,,
WR-0045-S,5327,2,201,81,161,120,1,,
WR-0045-S,53270,2,192,72,149,120,1,,
WR-0045-S,70034,2,182,62,181,120,1,,
WR-0045-S,70035,2,182,62,181,120,1,,
WR-0053-S,70036,2,256,136,,120,2,,
WR-0053-S,9328,2,224,104,,120,2,,
WR-0053-S,Oak Grove-01,2,256,136,,120,2,,
WR-0053-S,Oak Grove-02,2,256,136,,120,2,,
river-B,38155,2,122,2,,120,2,,
river-B,70160,2,279,159,,120,2,,
river-B,70161,2,284,164,,120,2,,
70018,70019,3,,,,,,,
70019,70018,3,,,,,,,
70059,70060,3,,,,,,,
70060,70059,3,,,,,,,
70069,70070,3,,,,,,,
70070,70069,3,,,,,,,
70071,70072,3,,,,,,,
70072,70071,3,,,,,,,
70093,70094,3,,,,,,,
70154,70155,3,,,,,,,
70155,70154,3,,,,,,,
70158,70159,3,,,,,,,
70159,70158,3,,,,,,,
70241,70242,3,,,,,,,
70242,70241,3,,,,,,,
10000,10000,4,,,,,,75246796,75246797
10000,10000,4,,,,,,75246800,75246798
10000,10000,4,,,,,,75246802,75246799
10000,10000,4,,,,,,75246804,75246805
10000,10000,4,,,,,,75246803,75246807
10000,10000,4,,,,,,75246808,75246801
10000,10000,4,,,,,,75246834,75246833
10000,10000,4,,,,,,75246838,75246840
10000,10000,4,,,,,,75246806,75246810
10000,10000,4,,,,,,75246818,75246856
10000,10000,4,,,,,,75246824,75246822
10000,10000,4,,,,,,75246860,75246861
10000,10000,4,,,,,,75246825,75246823
10000,10000,4,,,,,,75246828,75246830
10000,10000,4,,,,,,75246831,75246827
10000,10000,4,,,,,,75246832,75246829
10000,10000,4,,,,,,75246835,75246836
10000,10000,4,,,,,,75246841,75246811
10000,10000,4,,,,,,75246839,75246842
10000,10000,4,,,,,,75246843,75246844
10000,10000,4,,,,,,75246813,75246837
10000,10000,4,,,,,,75246845,75246846
10000,10000,4,,,,,,75246814,75246815
10000,10000,4,,,,,,75246851,75246847
10000,10000,4,,,,,,75246812,75246819
10000,10000,4,,,,,,75246848,75246849
10000,10000,4,,,,,,75246817,75246854
10000,10000,4,,,,,,75246816,75246853
10000,10000,4,,,,,,75246821,75246852
10000,10000,4,,,,,,75246850,75246809
10000,10000,4,,,,,,75246820,75246857
10000,10000,4,,,,,,75256273,75256267
10000,10000,4,,,,,,75256275,75256269
10000,10000,4,,,,,,75256277,75256260
10000,10000,4,,,,,,75256271,75256262
10000,10000,4,,,,,,75256193,75255941
10000,10000,4,,,,,,75256197,75255946
10000,10000,4,,,,,,75256264,75256263
10000,10000,4,,,,,,75256270,75256265
10000,10000,4,,,,,,75256276,75256268
10000,10000,4,,,,,,75256274,75256261
10000,10000,4,,,,,,75256272,75256266
10000,10000,4,,,,,,75256278,75256282
10000,10000,4,,,,,,75256285,75256281
10000,10000,4,,,,,,75256198,75255947
10000,10000,4,,,,,,75256201,75255951
10000,10000,4,,,,,,75256203,75255948
10000,10000,4,,,,,,75256208,75255950
10000,10000,4,,,,,,75256284,75256283
10000,10000,4,,,,,,75256280,75256302
10000,10000,4,,,,,,75256296,75256303
10000,10000,4,,,,,,75256298,75256295
10000,10000,4,,,,,,75256304,75256299
10000,10000,4,,,,,,75256300,75256331
10000,10000,4,,,,,,75256328,75256324
10000,10000,4,,,,,,75256151,75255943
10000,10000,4,,,,,,75256167,75255949
10000,10000,4,,,,,,75256180,75255944
10000,10000,4,,,,,,75256181,75255942
10000,10000,4,,,,,,75450012,75450017
10000,10000,4,,,,,,75450020,75450018
10000,10000,4,,,,,,75450014,75450019
10000,10000,4,,,,,,75450016,75450021
10000,10000,4,,,,,,75450023,75450024
10000,10000,4,,,,,,75450022,75450026
10000,10000,4,,,,,,75450001,75450002
10000,10000,4,,,,,,75450095,75450097
10000,10000,4,,,,,,75450098,75450101
10000,10000,4,,,,,,75450100,75450087
10000,10000,4,,,,,,75450104,75450094
10000,10000,4,,,,,,75450103,75450092
10000,10000,4,,,,,,75450096,75450091
10000,10000,4,,,,,,75450006,75450000
10000,10000,4,,,,,,75450004,75450007
10000,10000,4,,,,,,75450212,75450206
10000,10000,4,,,,,,75450217,75450216
10000,10000,4,,,,,,75450208,75450215
10000,10000,4,,,,,,75450221,75450220
10000,10000,4,,,,,,75450205,75450199
10000,10000,4,,,,,,75450204,75450198
10000,10000,4,,,,,,75450209,75450203
10000,10000,4,,,,,,75450202,75450213
10000,10000,4,,,,,,75450219,75450207
10000,10000,4,,,,,,75450211,75450201
10000,10000,4,,,,,,75450210,75450200
10000,10000,4,,,,,,75450009,75450005
10000,10000,4,,,,,,75450003,75450011
10000,10000,4,,,,,,75450013,75450015
10000,10000,4,,,,,,75450010,75450008
10000,10000,4,,,,,,75450832,75450830
10000,10000,4,,,,,,76327442,76327443
10000,10000,4,,,,,,76327536,76327538
10000,10000,4,,,,,,76327539,76327542
10000,10000,4,,,,,,76327541,76327528
10000,10000,4,,,,,,76327545,76327535
10000,10000,4,,,,,,76327544,76327533
10000,10000,4,,,,,,76327537,76327532
10000,10000,4,,,,,,76327447,76327438
10000,10000,4,,,,,,76327445,76327448
10000,10000,4,,,,,,76327653,76327647
10000,10000,4,,,,,,76327658,76327657
10000,10000,4,,,,,,76327649,76327656
10000,10000,4,,,,,,76327663,76327662
10000,10000,4,,,,,,76327646,76327640
10000,10000,4,,,,,,76327645,76327639
10000,10000,4,,,,,,76327457,76327462
10000,10000,4,,,,,,76327464,76327465
10000,10000,4,,,,,,76327463,76327467
10000,10000,4,,,,,,76327650,76327644
10000,10000,4,,,,,,76327643,76327654
10000,10000,4,,,,,,76327661,76327648
10000,10000,4,,,,,,76327652,76327642
10000,10000,4,,,,,,76327651,76327641
10000,10000,4,,,,,,76327450,76327446
10000,10000,4,,,,,,76327444,76327452
10000,10000,4,,,,,,76327454,76327456
10000,10000,4,,,,,,76327451,76327449
10000,10000,4,,,,,,76328273,76328271
10000,10000,4,,,,,,76327453,76327458
10000,10000,4,,,,,,76327461,76327459
10000,10000,4,,,,,,76327455,76327460
10000,10000,4,,,,,,76334532,76334533
10000,10000,4,,,,,,76334536,76334534
10000,10000,4,,,,,,76334538,76334535
10000,10000,4,,,,,,76334540,76334541
10000,10000,4,,,,,,76334539,76334543
10000,10000,4,,,,,,76334544,76334537
10000,10000,4,,,,,,76334570,76334569
10000,10000,4,,,,,,76334574,76334577
10000,10000,4,,,,,,76334542,76334546
10000,10000,4,,,,,,76334578,76334547
10000,10000,4,,,,,,76334575,76334579
10000,10000,4,,,,,,76334576,76334580
10000,10000,4,,,,,,76334549,76334573
10000,10000,4,,,,,,76334581,76334582
10000,10000,4,,,,,,76334550,76334551
10000,10000,4,,,,,,76334587,76334583
10000,10000,4,,,,,,76334548,76334555
10000,10000,4,,,,,,76334560,76334558
10000,10000,4,,,,,,76334596,76334597
10000,10000,4,,,,,,76334561,76334559
10000,10000,4,,,,,,76334564,76334566
10000,10000,4,,,,,,76334567,76334563
10000,10000,4,,,,,,76334568,76334565
10000,10000,4,,,,,,76334571,76334572
10000,10000,4,,,,,,76334584,76334585
10000,10000,4,,,,,,76334553,76334590
10000,10000,4,,,,,,76334552,76334589
10000,10000,4,,,,,,76334557,76334588
10000,10000,4,,,,,,76334586,76334545
10000,10000,4,,,,,,76334556,76334593
10000,10000,4,,,,,,76334554,76334592
10000,10000,4,,,,,,76727912,76727906
10000,10000,4,,,,,,76727915,76727908
10000,10000,4,,,,,,76727917,76727898
10000,10000,4,,,,,,76727910,76727902
10000,10000,4,,,,,,76727735,76727485
10000,10000,4,,,,,,76727747,76727484
10000,10000,4,,,,,,76727751,76727490
10000,10000,4,,,,,,76727900,76727903
10000,10000,4,,,,,,76727909,76727904
10000,10000,4,,,,,,76727916,76727907
10000,10000,4,,,,,,76727721,76727493
10000,10000,4,,,,,,76727734,76727488
10000,10000,4,,,,,,76727913,76727901
10000,10000,4,,,,,,76727911,76727905
10000,10000,4,,,,,,76727920,76727954
10000,10000,4,,,,,,76727957,76727953
10000,10000,4,,,,,,76727956,76727955
10000,10000,4,,,,,,76727949,76728003
10000,10000,4,,,,,,76727995,76728004
10000,10000,4,,,,,,76727752,76727491
10000,10000,4,,,,,,76727755,76727495
10000,10000,4,,,,,,76727757,76727492
10000,10000,4,,,,,,76727763,76727494
10000,10000,4,,,,,,76727998,76727994
10000,10000,4,,,,,,76728007,76727999
10000,10000,4,,,,,,76728001,76728086
10000,10000,4,,,,,,76728083,76728076
10000,10000,4,,,,,,76727703,76727486
10000,10000,4,,,,,,76314764,76314758
10000,10000,4,,,,,,76314766,76314760
10000,10000,4,,,,,,76314768,76314751
10000,10000,4,,,,,,76314762,76314753
10000,10000,4,,,,,,76314684,76314432
10000,10000,4,,,,,,76314688,76314437
10000,10000,4,,,,,,76314755,76314754
10000,10000,4,,,,,,76314761,76314756
10000,10000,4,,,,,,76314767,76314759
10000,10000,4,,,,,,76314765,76314752
10000,10000,4,,,,,,76314763,76314757
10000,10000,4,,,,,,76314769,76314773
10000,10000,4,,,,,,76314776,76314772
10000,10000,4,,,,,,76314689,76314438
10000,10000,4,,,,,,76314692,76314442
10000,10000,4,,,,,,76314694,76314439
10000,10000,4,,,,,,76314699,76314441
10000,10000,4,,,,,,76314775,76314774
10000,10000,4,,,,,,76314771,76314793
10000,10000,4,,,,,,76314787,76314794
10000,10000,4,,,,,,76314789,76314786
10000,10000,4,,,,,,76314795,76314790
10000,10000,4,,,,,,76314791,76314822
10000,10000,4,,,,,,76314819,76314815
10000,10000,4,,,,,,76314642,76314434
10000,10000,4,,,,,,76314658,76314440
10000,10000,4,,,,,,76314671,76314435
10000,10000,4,,,,,,76314672,76314433
10000,10000,4,,,,,,76700610,76700604
10000,10000,4,,,,,,76700613,76700606
10000,10000,4,,,,,,76700615,76700593
10000,10000,4,,,,,,76700608,76700599
10000,10000,4,,,,,,76700442,76700178
10000,10000,4,,,,,,76700446,76700184
10000,10000,4,,,,,,76700601,76700600
10000,10000,4,,,,,,76700607,76700602
10000,10000,4,,,,,,76700614,76700605
10000,10000,4,,,,,,76700611,76700598
10000,10000,4,,,,,,76700609,76700603
10000,10000,4,,,,,,76700618,76700652
10000,10000,4,,,,,,76700655,76700651
10000,10000,4,,,,,,76700447,76700185
10000,10000,4,,,,,,76700450,76700189
10000,10000,4,,,,,,76700452,76700186
10000,10000,4,,,,,,76700457,76700188
10000,10000,4,,,,,,76700654,76700653
10000,10000,4,,,,,,76700647,76700699
10000,10000,4,,,,,,76700694,76700703
10000,10000,4,,,,,,76700697,76700693
10000,10000,4,,,,,,76700705,76700698
10000,10000,4,,,,,,76700701,76700789
10000,10000,4,,,,,,76700786,76700782
10000,10000,4,,,,,,76700398,76700180
10000,10000,4,,,,,,76700416,76700187
10000,10000,4,,,,,,76700429,76700182
10000,10000,4,,,,,,76700430,76700179
10000,10000,4,,,,,,76556059,76556060
10000,10000,4,,,,,,76556063,76556061
10000,10000,4,,,,,,76556065,76556062
10000,10000,4,,,,,,76556067,76556068
10000,10000,4,,,,,,76556066,76556070
10000,10000,4,,,,,,76556071,76556064
10000,10000,4,,,,,,76556097,76556096
10000,10000,4,,,,,,76556101,76556104
10000,10000,4,,,,,,76556069,76556073
10000,10000,4,,,,,,76556081,76556119
10000,10000,4,,,,,,76556087,76556085
10000,10000,4,,,,,,76556123,76556124
10000,10000,4,,,,,,76556088,76556086
10000,10000,4,,,,,,76556091,76556093
10000,10000,4,,,,,,76556094,76556090
10000,10000,4,,,,,,76556095,76556092
10000,10000,4,,,,,,76556098,76556099
10000,10000,4,,,,,,76556105,76556074
10000,10000,4,,,,,,76556102,76556106
10000,10000,4,,,,,,76556103,76556107
10000,10000,4,,,,,,76556076,76556100
10000,10000,4,,,,,,76556108,76556109
10000,10000,4,,,,,,76556077,76556078
10000,10000,4,,,,,,76556114,76556110
10000,10000,4,,,,,,76556075,76556082
10000,10000,4,,,,,,76556111,76556112
10000,10000,4,,,,,,76556080,76556117
10000,10000,4,,,,,,76556079,76556116
10000,10000,4,,,,,,76556084,76556115
10000,10000,4,,,,,,76556113,76556072
10000,10000,4,,,,,,76556083,76556120
10000,10000,4,,,,,,76573890,76573884
10000,10000,4,,,,,,76573893,76573886
10000,10000,4,,,,,,76573895,76573876
10000,10000,4,,,,,,76573888,76573880
10000,10000,4,,,,,,76573713,76573463
10000,10000,4,,,,,,76573725,76573462
10000,10000,4,,,,,,76573729,76573468
10000,10000,4,,,,,,76573878,76573881
10000,10000,4,,,,,,76573887,76573882
10000,10000,4,,,,,,76573894,76573885
10000,10000,4,,,,,,76573699,76573471
10000,10000,4,,,,,,76573712,76573466
10000,10000,4,,,,,,76573891,76573879
10000,10000,4,,,,,,76573889,76573883
10000,10000,4,,,,,,76573898,76573932
10000,10000,4,,,,,,76573935,76573931
10000,10000,4,,,,,,76573934,76573933
10000,10000,4,,,,,,76573927,76573981
10000,10000,4,,,,,,76573973,76573982
10000,10000,4,,,,,,76573730,76573469
10000,10000,4,,,,,,76573733,76573473
10000,10000,4,,,,,,76573735,76573470
10000,10000,4,,,,,,76573741,76573472
10000,10000,4,,,,,,76573976,76573972
10000,10000,4,,,,,,76573985,76573977
10000,10000,4,,,,,,76573979,76574064
10000,10000,4,,,,,,76574061,76574054
10000,10000,4,,,,,,76573681,76573464
10000,10000,4,,,,,,76677066,76677060
10000,10000,4,,,,,,76677069,76677062
10000,10000,4,,,,,,76677071,76677052
10000,10000,4,,,,,,76677064,76677056
10000,10000,4,,,,,,76676889,76676639
10000,10000,4,,,,,,76676901,76676638
10000,10000,4,,,,,,76676905,76676644
10000,10000,4,,,,,,76677054,76677057
10000,10000,4,,,,,,76677063,76677058
10000,10000,4,,,,,,76677070,76677061
10000,10000,4,,,,,,76676875,76676647
10000,10000,4,,,,,,76676888,76676642
10000,10000,4,,,,,,76677067,76677055
10000,10000,4,,,,,,76677065,76677059
10000,10000,4,,,,,,76677074,76677108
10000,10000,4,,,,,,76677111,76677107
10000,10000,4,,,,,,76677110,76677109
10000,10000,4,,,,,,76677103,76677157
10000,10000,4,,,,,,76677149,76677158
10000,10000,4,,,,,,76676906,76676645
10000,10000,4,,,,,,76676909,76676649
10000,10000,4,,,,,,76676911,76676646
10000,10000,4,,,,,,76676917,76676648
10000,10000,4,,,,,,76677152,76677148
10000,10000,4,,,,,,76677161,76677153
10000,10000,4,,,,,,76677155,76677240
10000,10000,4,,,,,,76677237,76677230
10000,10000,4,,,,,,76676857,76676640
10000,10000,4,,,,,,76541675,76541676
10000,10000,4,,,,,,76541769,76541771
10000,10000,4,,,,,,76541772,76541775
10000,10000,4,,,,,,76541774,76541761
10000,10000,4,,,,,,76541778,76541768
10000,10000,4,,,,,,76541777,76541766
10000,10000,4,,,,,,76541770,76541765
10000,10000,4,,,,,,76541681,76541671
10000,10000,4,,,,,,76541678,76541682
10000,10000,4,,,,,,76541886,76541880
10000,10000,4,,,,,,76541891,76541890
10000,10000,4,,,,,,76541882,76541889
10000,10000,4,,,,,,76541896,76541895
10000,10000,4,,,,,,76541879,76541873
10000,10000,4,,,,,,76541878,76541872
10000,10000,4,,,,,,76541690,76541695
10000,10000,4,,,,,,76541697,76541698
10000,10000,4,,,,,,76541696,76541700
10000,10000,4,,,,,,76541883,76541877
10000,10000,4,,,,,,76541876,76541887
10000,10000,4,,,,,,76541894,76541881
10000,10000,4,,,,,,76541885,76541875
10000,10000,4,,,,,,76541884,76541874
10000,10000,4,,,,,,76541680,76541679
10000,10000,4,,,,,,76541677,76541685
10000,10000,4,,,,,,76541687,76541689
10000,10000,4,,,,,,76541684,76541683
10000,10000,4,,,,,,76542506,76542504
10000,10000,4,,,,,,76541686,76541691
10000,10000,4,,,,,,76541694,76541692
10000,10000,4,,,,,,76541688,76541693
10000,10000,4,,,,,,76547149,76547150
10000,10000,4,,,,,,76547153,76547151
10000,10000,4,,,,,,76547155,76547152
10000,10000,4,,,,,,76547157,76547158
10000,10000,4,,,,,,76547156,76547160
10000,10000,4,,,,,,76547161,76547154
10000,10000,4,,,,,,76547187,76547186
10000,10000,4,,,,,,76547192,76547194
10000,10000,4,,,,,,76547159,76547163
10000,10000,4,,,,,,76547195,76547164
10000,10000,4,,,,,,76547193,76547196
10000,10000,4,,,,,,76547190,76547197
10000,10000,4,,,,,,76547166,76547191
10000,10000,4,,,,,,76547198,76547199
10000,10000,4,,,,,,76547167,76547168
10000,10000,4,,,,,,76547204,76547200
10000,10000,4,,,,,,76547165,76547172
10000,10000,4,,,,,,76547177,76547175
10000,10000,4,,,,,,76547213,76547214
10000,10000,4,,,,,,76547178,76547176
10000,10000,4,,,,,,76547181,76547183
10000,10000,4,,,,,,76547184,76547180
10000,10000,4,,,,,,76547185,76547182
10000,10000,4,,,,,,76547188,76547189
10000,10000,4,,,,,,76547201,76547202
10000,10000,4,,,,,,76547170,76547207
10000,10000,4,,,,,,76547169,76547206
10000,10000,4,,,,,,76547174,76547205
10000,10000,4,,,,,,76547203,76547162
10000,10000,4,,,,,,76547173,76547210
10000,10000,4,,,,,,76547171,76547209
10000,10000,4,,,,,,76317841,76317835
10000,10000,4,,,,,,76317843,76317837
10000,10000,4,,,,,,76317845,76317828
10000,10000,4,,,,,,76317839,76317830
10000,10000,4,,,,,,76317761,76317509
10000,10000,4,,,,,,76317765,76317514
10000,10000,4,,,,,,76317832,76317831
10000,10000,4,,,,,,76317838,76317833
10000,10000,4,,,,,,76317844,76317836
10000,10000,4,,,,,,76317842,76317829
10000,10000,4,,,,,,76317840,76317834
10000,10000,4,,,,,,76317846,76317850
10000,10000,4,,,,,,76317853,76317849
10000,10000,4,,,,,,76317766,76317515
10000,10000,4,,,,,,76317769,76317519
10000,10000,4,,,,,,76317771,76317516
10000,10000,4,,,,,,76317776,76317518
10000,10000,4,,,,,,76317852,76317851
10000,10000,4,,,,,,76317848,76317870
10000,10000,4,,,,,,76317864,76317871
10000,10000,4,,,,,,76317866,76317863
10000,10000,4,,,,,,76317872,76317867
10000,10000,4,,,,,,76317868,76317899
10000,10000,4,,,,,,76317896,76317892
10000,10000,4,,,,,,76317719,76317511
10000,10000,4,,,,,,76317735,76317517
10000,10000,4,,,,,,76317748,76317512
10000,10000,4,,,,,,76317749,76317510
10000,10000,4,,,,,,76535335,76535336
10000,10000,4,,,,,,76535429,76535431
10000,10000,4,,,,,,76535432,76535435
10000,10000,4,,,,,,76535434,76535421
10000,10000,4,,,,,,76535438,76535428
10000,10000,4,,,,,,76535437,76535426
10000,10000,4,,,,,,76535430,76535425
10000,10000,4,,,,,,76535340,76535331
10000,10000,4,,,,,,76535346,76535351
10000,10000,4,,,,,,76535354,76535352
10000,10000,4,,,,,,76535348,76535353
10000,10000,4,,,,,,76535350,76535355
10000,10000,4,,,,,,76535357,76535358
10000,10000,4,,,,,,76535356,76535360
10000,10000,4,,,,,,76535338,76535341
10000,10000,4,,,,,,76535546,76535540
10000,10000,4,,,,,,76535551,76535550
10000,10000,4,,,,,,76535542,76535549
10000,10000,4,,,,,,76535556,76535555
10000,10000,4,,,,,,76535539,76535533
10000,10000,4,,,,,,76535538,76535532
10000,10000,4,,,,,,76535543,76535537
10000,10000,4,,,,,,76535536,76535547
10000,10000,4,,,,,,76535554,76535541
10000,10000,4,,,,,,76535545,76535535
10000,10000,4,,,,,,76535544,76535534
10000,10000,4,,,,,,76535343,76535339
10000,10000,4,,,,,,76535337,76535345
10000,10000,4,,,,,,76535347,76535349
10000,10000,4,,,,,,76535344,76535342
10000,10000,4,,,,,,76536092,76536090
10000,10000,4,,,,,,75240572,75240577
10000,10000,4,,,,,,75240580,75240578
10000,10000,4,,,,,,75240574,75240579
10000,10000,4,,,,,,75240576,75240581
10000,10000,4,,,,,,75240583,75240584
10000,10000,4,,,,,,75240582,75240586
10000,10000,4,,,,,,75240561,75240562
10000,10000,4,,,,,,75240655,75240657
10000,10000,4,,,,,,75240658,75240661
10000,10000,4,,,,,,75240660,75240647
10000,10000,4,,,,,,75240664,75240654
10000,10000,4,,,,,,75240663,75240652
10000,10000,4,,,,,,75240656,75240651
10000,10000,4,,,,,,75240566,75240560
10000,10000,4,,,,,,75240564,75240567
10000,10000,4,,,,,,75240772,75240766
10000,10000,4,,,,,,75240777,75240776
10000,10000,4,,,,,,75240768,75240775
10000,10000,4,,,,,,75240781,75240780
10000,10000,4,,,,,,75240765,75240759
10000,10000,4,,,,,,75240764,75240758
10000,10000,4,,,,,,75240769,75240763
10000,10000,4,,,,,,75240762,75240773
10000,10000,4,,,,,,75240779,75240767
10000,10000,4,,,,,,75240771,75240761
10000,10000,4,,,,,,75240770,75240760
10000,10000,4,,,,,,75240569,75240565
10000,10000,4,,,,,,75240563,75240571
10000,10000,4,,,,,,75240573,75240575
10000,10000,4,,,,,,75240570,75240568
10000,10000,4,,,,,,75241392,75241390
10000,10000,4,,,,,,75205413,75205407
10000,10000,4,,,,,,75205416,75205409
10000,10000,4,,,,,,75205418,75205399
10000,10000,4,,,,,,75205411,75205402
10000,10000,4,,,,,,75205245,75204981
10000,10000,4,,,,,,75205249,75204987
10000,10000,4,,,,,,75205404,75205403
10000,10000,4,,,,,,75205410,75205405
10000,10000,4,,,,,,75205417,75205408
10000,10000,4,,,,,,75205414,75205401
10000,10000,4,,,,,,75205412,75205406
10000,10000,4,,,,,,75205421,75205455
10000,10000,4,,,,,,75205458,75205454
10000,10000,4,,,,,,75205250,75204988
10000,10000,4,,,,,,75205253,75204992
10000,10000,4,,,,,,75205255,75204989
10000,10000,4,,,,,,75205260,75204991
10000,10000,4,,,,,,75205457,75205456
10000,10000,4,,,,,,75205450,75205505
10000,10000,4,,,,,,75205497,75205506
10000,10000,4,,,,,,75205500,75205496
10000,10000,4,,,,,,75205508,75205501
10000,10000,4,,,,,,75205503,75205592
10000,10000,4,,,,,,75205589,75205585
10000,10000,4,,,,,,75205201,75204983
10000,10000,4,,,,,,75205219,75204990
10000,10000,4,,,,,,75205232,75204985
10000,10000,4,,,,,,75205233,75204982
10642,10642,4,,,,,,75775560_1,75775560_2
10642,10642,4,,,,,,75762700_1,75762700_2
10642,10642,4,,,,,,77031588_1,77031588_2
10642,10642,4,,,,,,77036180_1,77036180_2
10642,10642,4,,,,,,77075291_1,77075291_2
10642,10642,4,,,,,,75775527_1,75775527_2
10642,10642,4,,,,,,77031555_1,77031555_2
10642,10642,4,,,,,,75762667_1,75762667_2
10642,10642,4,,,,,,77036147_1,77036147_2
10642,10642,4,,,,,,77075258_1,77075258_2
10642,10642,4,,,,,,75775846_1,75775846_2
10642,10642,4,,,,,,75762986_1,75762986_2
10642,10642,4,,,,,,77031874_1,77031874_2
10642,10642,4,,,,,,77036466_1,77036466_2
10642,10642,4,,,,,,77075577_1,77075577_2
10642,10642,4,,,,,,75775910_1,75775910_2
10642,10642,4,,,,,,75763050_1,75763050_2
10642,10642,4,,,,,,77031938_1,77031938_2
10642,10642,4,,,,,,77036530_1,77036530_2
10642,10642,4,,,,,,77075641_1,77075641_2
10642,10642,4,,,,,,75774870_1,75774870_2
10642,10642,4,,,,,,75762011_1,75762011_2
10642,10642,4,,,,,,77030898_1,77030898_2
10642,10642,4,,,,,,77035490_1,77035490_2
10642,10642,4,,,,,,77074601_1,77074601_2
10642,10642,4,,,,,,75774873_1,75774873_2
10642,10642,4,,,,,,77030901_1,77030901_2
10642,10642,4,,,,,,75762014_1,75762014_2
10642,10642,4,,,,,,77035493_1,77035493_2
10642,10642,4,,,,,,77074604_1,77074604_2
10642,10642,4,,,,,,75774879_1,75774879_2
10642,10642,4,,,,,,75762020_1,75762020_2
10642,10642,4,,,,,,77030907_1,77030907_2
10642,10642,4,,,,,,77074610_1,77074610_2
10642,10642,4,,,,,,77035499_1,77035499_2
10642,10642,4,,,,,,75774876_1,75774876_2
10642,10642,4,,,,,,77074607_1,77074607_2
10642,10642,4,,,,,,75762017_1,75762017_2
10642,10642,4,,,,,,77035496_1,77035496_2
10642,10642,4,,,,,,77030904_1,77030904_2
10642,10642,4,,,,,,75774878_1,75774878_2
10642,10642,4,,,,,,75762019_1,75762019_2
10642,10642,4,,,,,,77030906_1,77030906_2
10642,10642,4,,,,,,77035498_1,77035498_2
10642,10642,4,,,,,,77074609_1,77074609_2
109821,109821,4,,,,,,77189140,77189145
109821,109821,4,,,,,,75881716,75881720
109821,109821,4,,,,,,76981082,76981087
109821,109821,4,,,,,,75779283,75779287
109853,109853,4,,,,,,77189091,77189089
109853,109853,4,,,,,,77189076,77189087
109853,109853,4,,,,,,77189055,77189061
109853,109853,4,,,,,,77189071,77189067
109853,109853,4,,,,,,77189073,77189092
109853,109853,4,,,,,,77189069,77189060
109853,109853,4,,,,,,77189077,77189094
109853,109853,4,,,,,,77189054,77189072
109853,109853,4,,,,,,77189051,77189086
109853,109853,4,,,,,,77189053,77189059
109853,109853,4,,,,,,77189095,77189075
109853,109853,4,,,,,,77189050,77189081
109853,109853,4,,,,,,77189088,77189058
109853,109853,4,,,,,,77189074,77189070
109853,109853,4,,,,,,77189093,77189063
109853,109853,4,,,,,,77189052,77189084
109853,109853,4,,,,,,77189079,77189057
109853,109853,4,,,,,,77189078,77189068
109853,109853,4,,,,,,77189080,77189064
109853,109853,4,,,,,,77189066,77189083
109853,109853,4,,,,,,77189065,77189056
109853,109853,4,,,,,,77189139,77189143
109853,109853,4,,,,,,77189082,77189096
109853,109853,4,,,,,,77189135,77189090
109853,109853,4,,,,,,77189138,77189097
109853,109853,4,,,,,,77189133,77189098
109853,109853,4,,,,,,77189137,77189099
109853,109853,4,,,,,,77189136,77189100
109853,109853,4,,,,,,77189134,77189101
109853,109853,4,,,,,,77189132,77189103
109853,109853,4,,,,,,77189131,77189104
109853,109853,4,,,,,,77189130,77189105
109853,109853,4,,,,,,77189126,77189108
109853,109853,4,,,,,,77189129,77189102
109853,109853,4,,,,,,77189128,77189109
109853,109853,4,,,,,,77189127,77189106
109853,109853,4,,,,,,77189125,77189111
109853,109853,4,,,,,,77189124,77189112
109853,109853,4,,,,,,77189123,77189110
109853,109853,4,,,,,,77189122,77189107
109853,109853,4,,,,,,77189118,77189113
109853,109853,4,,,,,,77189121,77189114
109853,109853,4,,,,,,77189120,77189115
109853,109853,4,,,,,,77189119,77189116
109853,109853,4,,,,,,77189117,77189142
109853,109853,4,,,,,,75777269,75777268
109853,109853,4,,,,,,75777275,75777277
109853,109853,4,,,,,,75777276,75777274
109853,109853,4,,,,,,75778980,75778979
109853,109853,4,,,,,,75778987,75778986
109853,109853,4,,,,,,75779001,75779002
109853,109853,4,,,,,,75777309,75777311
109853,109853,4,,,,,,75777310,75777308
109853,109853,4,,,,,,75778990,75778989
109853,109853,4,,,,,,75777295,75777296
109853,109853,4,,,,,,75778993,75778996
109853,109853,4,,,,,,75778974,75778973
109853,109853,4,,,,,,75778944,75778943
109853,109853,4,,,,,,75777304,75777305
109853,109853,4,,,,,,75777293,75777263
109853,109853,4,,,,,,75777294,75777291
109853,109853,4,,,,,,75778925,75778924
109853,109853,4,,,,,,75778923,75778922
109853,109853,4,,,,,,75778921,75778920
109853,109853,4,,,,,,75778919,75777315
109853,109853,4,,,,,,75778918,75777317
109853,109853,4,,,,,,75777316,75777312
109853,109853,4,,,,,,75777314,75777313
109853,109853,4,,,,,,75778927,75778926
109853,109853,4,,,,,,75779185,75779151
109853,109853,4,,,,,,75779161,75779140
109853,109853,4,,,,,,75779172,75779152
109853,109853,4,,,,,,75779162,75779137
109853,109853,4,,,,,,75779173,75779150
109853,109853,4,,,,,,75779164,75779141
109853,109853,4,,,,,,75779175,75779153
109853,109853,4,,,,,,75779165,75779142
109853,109853,4,,,,,,75779177,75779154
109853,109853,4,,,,,,75779163,75779143
109853,109853,4,,,,,,75779174,75779155
109853,109853,4,,,,,,75779166,75779144
109853,109853,4,,,,,,75779178,75779158
109853,109853,4,,,,,,75779167,75779145
109853,109853,4,,,,,,75779176,75779159
109853,109853,4,,,,,,75779168,75779146
109853,109853,4,,,,,,75779179,75779156
109853,109853,4,,,,,,75779169,75779148
109853,109853,4,,,,,,75779180,75779157
109853,109853,4,,,,,,75779170,75779149
109853,109853,4,,,,,,75779181,75779160
109853,109853,4,,,,,,75779171,75779147
109853,109853,4,,,,,,75881667,75881665
109853,109853,4,,,,,,75881652,75881663
109853,109853,4,,,,,,75881631,75881637
109853,109853,4,,,,,,75881647,75881643
109853,109853,4,,,,,,75881649,75881668
109853,109853,4,,,,,,75881645,75881636
109853,109853,4,,,,,,75881653,75881670
109853,109853,4,,,,,,75881630,75881648
109853,109853,4,,,,,,75881627,75881662
109853,109853,4,,,,,,75881629,75881635
109853,109853,4,,,,,,75881671,75881651
109853,109853,4,,,,,,75881626,75881657
109853,109853,4,,,,,,75881664,75881634
109853,109853,4,,,,,,75881650,75881646
109853,109853,4,,,,,,75881669,75881639
109853,109853,4,,,,,,75881628,75881660
109853,109853,4,,,,,,75881655,75881633
109853,109853,4,,,,,,75881654,75881644
109853,109853,4,,,,,,75881656,75881640
109853,109853,4,,,,,,75881642,75881659
109853,109853,4,,,,,,75881641,75881632
109853,109853,4,,,,,,75881715,75881719
109853,109853,4,,,,,,75881658,75881672
109853,109853,4,,,,,,75881711,75881666
109853,109853,4,,,,,,75881714,75881673
109853,109853,4,,,,,,75881709,75881674
109853,109853,4,,,,,,75881713,75881675
109853,109853,4,,,,,,75881712,75881676
109853,109853,4,,,,,,75881710,75881677
109853,109853,4,,,,,,75881708,75881679
109853,109853,4,,,,,,75881707,75881680
109853,109853,4,,,,,,75881706,75881681
109853,109853,4,,,,,,75881702,75881684
109853,109853,4,,,,,,75881705,75881678
109853,109853,4,,,,,,75881704,75881685
109853,109853,4,,,,,,75881703,75881682
109853,109853,4,,,,,,75881701,75881687
109853,109853,4,,,,,,75881700,75881688
109853,109853,4,,,,,,75881699,75881686
109853,109853,4,,,,,,75881698,75881683
109853,109853,4,,,,,,75881694,75881689
109853,109853,4,,,,,,75881697,75881690
109853,109853,4,,,,,,75881696,75881691
109853,109853,4,,,,,,75881695,75881692
109853,109853,4,,,,,,75881693,75881718
109853,109853,4,,,,,,76981033,76981031
109853,109853,4,,,,,,76981018,76981029
109853,109853,4,,,,,,76980997,76981003
109853,109853,4,,,,,,76981013,76981009
109853,109853,4,,,,,,76981015,76981034
109853,109853,4,,,,,,76981011,76981002
109853,109853,4,,,,,,76981019,76981036
109853,109853,4,,,,,,76980996,76981014
109853,109853,4,,,,,,76980993,76981028
109853,109853,4,,,,,,76980995,76981001
109853,109853,4,,,,,,76981037,76981017
109853,109853,4,,,,,,76980992,76981023
109853,109853,4,,,,,,76981030,76981000
109853,109853,4,,,,,,76981016,76981012
109853,109853,4,,,,,,76981035,76981005
109853,109853,4,,,,,,76980994,76981026
109853,109853,4,,,,,,76981021,76980999
109853,109853,4,,,,,,76981020,76981010
109853,109853,4,,,,,,76981022,76981006
109853,109853,4,,,,,,76981008,76981025
109853,109853,4,,,,,,76981007,76980998
109853,109853,4,,,,,,76981081,76981085
109853,109853,4,,,,,,76981024,76981038
109853,109853,4,,,,,,76981077,76981032
109853,109853,4,,,,,,76981080,76981039
109853,109853,4,,,,,,76981075,76981040
109853,109853,4,,,,,,76981079,76981041
109853,109853,4,,,,,,76981078,76981042
109853,109853,4,,,,,,76981076,76981043
109853,109853,4,,,,,,76981074,76981045
109853,109853,4,,,,,,76981073,76981046
109853,109853,4,,,,,,76981072,76981047
109853,109853,4,,,,,,76981068,76981050
109853,109853,4,,,,,,76981071,76981044
109853,109853,4,,,,,,76981070,76981051
109853,109853,4,,,,,,76981069,76981048
109853,109853,4,,,,,,76981067,76981053
109853,109853,4,,,,,,76981066,76981054
109853,109853,4,,,,,,76981065,76981052
109853,109853,4,,,,,,76981064,76981049
109853,109853,4,,,,,,76981060,76981055
109853,109853,4,,,,,,76981063,76981056
109853,109853,4,,,,,,76981062,76981057
109853,109853,4,,,,,,76981061,76981058
109853,109853,4,,,,,,76981059,76981084
109853,109853,4,,,,,,77171366,77171365
109853,109853,4,,,,,,77171372,77171374
109853,109853,4,,,,,,77171373,77171371
109853,109853,4,,,,,,77171477,77171476
109853,109853,4,,,,,,77171484,77171480
109853,109853,4,,,,,,77171498,77171499
109853,109853,4,,,,,,77171407,77171409
109853,109853,4,,,,,,77171408,77171405
109853,109853,4,,,,,,77171487,77171486
109853,109853,4,,,,,,77171392,77171393
109853,109853,4,,,,,,77171490,77171493
109853,109853,4,,,,,,77171471,77171470
109853,109853,4,,,,,,77171441,77171440
109853,109853,4,,,,,,77171401,77171402
109853,109853,4,,,,,,77171390,77171360
109853,109853,4,,,,,,77171391,77171388
109853,109853,4,,,,,,77171422,77171421
109853,109853,4,,,,,,77171420,77171419
109853,109853,4,,,,,,77171418,77171417
109853,109853,4,,,,,,77171416,77171412
109853,109853,4,,,,,,77171415,77171414
109853,109853,4,,,,,,77171413,77171406
109853,109853,4,,,,,,77171411,77171410
109853,109853,4,,,,,,77171424,77171423
109853,109853,4,,,,,,77189311,77189277
109853,109853,4,,,,,,77189287,77189263
109853,109853,4,,,,,,77189298,77189278
109853,109853,4,,,,,,77189288,77189264
109853,109853,4,,,,,,77189299,77189276
109853,109853,4,,,,,,77189290,77189267
109853,109853,4,,,,,,77189301,77189279
109853,109853,4,,,,,,77189291,77189268
109853,109853,4,,,,,,77189303,77189280
109853,109853,4,,,,,,77189289,77189269
109853,109853,4,,,,,,77189300,77189281
109853,109853,4,,,,,,77189292,77189270
109853,109853,4,,,,,,77189304,77189284
109853,109853,4,,,,,,77189293,77189271
109853,109853,4,,,,,,77189302,77189285
109853,109853,4,,,,,,77189294,77189272
109853,109853,4,,,,,,77189305,77189282
109853,109853,4,,,,,,77189295,77189274
109853,109853,4,,,,,,77189306,77189283
109853,109853,4,,,,,,77189296,77189275
109853,109853,4,,,,,,77189307,77189286
109853,109853,4,,,,,,77189297,77189273
109853,109853,4,,,,,,75779234,75779232
109853,109853,4,,,,,,75779219,75779230
109853,109853,4,,,,,,75779198,75779204
109853,109853,4,,,,,,75779214,75779210
109853,109853,4,,,,,,75779216,75779235
109853,109853,4,,,,,,75779212,75779203
109853,109853,4,,,,,,75779220,75779237
109853,109853,4,,,,,,75779197,75779215
109853,109853,4,,,,,,75779194,75779229
109853,109853,4,,,,,,75779196,75779202
109853,109853,4,,,,,,75779238,75779218
109853,109853,4,,,,,,75779193,75779224
109853,109853,4,,,,,,75779231,75779201
109853,109853,4,,,,,,75779217,75779213
109853,109853,4,,,,,,75779236,75779206
109853,109853,4,,,,,,75779195,75779227
109853,109853,4,,,,,,75779222,75779200
109853,109853,4,,,,,,75779221,75779211
109853,109853,4,,,,,,75779223,75779207
109853,109853,4,,,,,,75779209,75779226
109853,109853,4,,,,,,75779208,75779199
109853,109853,4,,,,,,75779282,75779286
109853,109853,4,,,,,,75779225,75779239
109853,109853,4,,,,,,75779278,75779233
109853,109853,4,,,,,,75779281,75779240
109853,109853,4,,,,,,75779276,75779241
109853,109853,4,,,,,,75779280,75779242
109853,109853,4,,,,,,75779279,75779243
109853,109853,4,,,,,,75779277,75779244
109853,109853,4,,,,,,75779275,75779246
109853,109853,4,,,,,,75779274,75779247
109853,109853,4,,,,,,75779273,75779248
109853,109853,4,,,,,,75779269,75779250
109853,109853,4,,,,,,75779272,75779245
109853,109853,4,,,,,,75779271,75779251
109853,109853,4,,,,,,75779270,75779249
109853,109853,4,,,,,,75779268,75779254
109853,109853,4,,,,,,75779267,75779255
109853,109853,4,,,,,,75779266,75779252
109853,109853,4,,,,,,75779265,75779253
109853,109853,4,,,,,,75779261,75779256
109853,109853,4,,,,,,75779264,75779257
109853,109853,4,,,,,,75779263,75779258
109853,109853,4,,,,,,75779262,75779259
109853,109853,4,,,,,,75779260,75779285
109853,109853,4,,,,,,77164096,77164062
109853,109853,4,,,,,,77164072,77164048
109853,109853,4,,,,,,77164083,77164063
109853,109853,4,,,,,,77164073,77164049
109853,109853,4,,,,,,77164084,77164061
109853,109853,4,,,,,,77164075,77164052
109853,109853,4,,,,,,77164086,77164064
109853,109853,4,,,,,,77164076,77164053
109853,109853,4,,,,,,77164088,77164065
109853,109853,4,,,,,,77164074,77164054
109853,109853,4,,,,,,77164085,77164066
109853,109853,4,,,,,,77164077,77164055
109853,109853,4,,,,,,77164089,77164069
109853,109853,4,,,,,,77164078,77164056
109853,109853,4,,,,,,77164087,77164070
109853,109853,4,,,,,,77164079,77164057
109853,109853,4,,,,,,77164090,77164067
109853,109853,4,,,,,,77164080,77164059
109853,109853,4,,,,,,77164091,77164068
109853,109853,4,,,,,,77164081,77164060
109853,109853,4,,,,,,77164092,77164071
109853,109853,4,,,,,,77164082,77164058
109898,109898,4,,,,,,75779184,75779183
109898,109898,4,,,,,,77189310,77189309
109898,109898,4,,,,,,77164095,77164094
113,113,4,,,,,,75181646,75181644
113,113,4,,,,,,75181643,75181647
113,113,4,,,,,,75180942,75180945
113,113,4,,,,,,75180934,75181023
113,113,4,,,,,,75181018,75181024
113,113,4,,,,,,75180937,75180936
113,113,4,,,,,,75181020,75181019
113,113,4,,,,,,75181025,75181022
113,113,4,,,,,,76303549,76303547
113,113,4,,,,,,76303546,76303550
113,113,4,,,,,,76303302,76303303
113,113,4,,,,,,76303299,76303359
113,113,4,,,,,,76303355,76303360
113,113,4,,,,,,76303301,76303300
113,113,4,,,,,,76303357,76303356
113,113,4,,,,,,76303361,76303358
113,113,4,,,,,,76570165,76570163
113,113,4,,,,,,76570162,76570166
113,113,4,,,,,,76569482,76569485
113,113,4,,,,,,76569474,76569559
113,113,4,,,,,,76569554,76569560
113,113,4,,,,,,76569477,76569476
113,113,4,,,,,,76569556,76569555
113,113,4,,,,,,76569562,76569558
114,114,4,,,,,,75180777,75180770
114,114,4,,,,,,75180818,75180776
114,114,4,,,,,,75180775,75180778
114,114,4,,,,,,75180816,75180779
114,114,4,,,,,,75180787,75180788
114,114,4,,,,,,75180781,75180786
114,114,4,,,,,,75181660,75181663
114,114,4,,,,,,75181666,75181658
114,114,4,,,,,,75181664,75181665
114,114,4,,,,,,76303191,76303184
114,114,4,,,,,,76303223,76303190
114,114,4,,,,,,76303189,76303192
114,114,4,,,,,,76303221,76303193
114,114,4,,,,,,76303197,76303198
114,114,4,,,,,,76303195,76303196
114,114,4,,,,,,76303556,76303557
114,114,4,,,,,,76303560,76303555
114,114,4,,,,,,76303558,76303559
114,114,4,,,,,,76569320,76569313
114,114,4,,,,,,76569360,76569319
114,114,4,,,,,,76569315,76569321
114,114,4,,,,,,76569358,76569322
114,114,4,,,,,,76569330,76569331
114,114,4,,,,,,76569324,76569329
114,114,4,,,,,,76570182,76570183
114,114,4,,,,,,76570178,76570181
11802,11802,4,,,,,,75255101,75255854
11802,11802,4,,,,,,75255128,75255860
11802,11802,4,,,,,,75255112,75255856
11802,11802,4,,,,,,75255120,75255863
11802,11802,4,,,,,,75255105,75255858
11802,11802,4,,,,,,75255113,75255857
11802,11802,4,,,,,,75255122,75255862
11802,11802,4,,,,,,75256314,75256317
11802,11802,4,,,,,,75256316,75256338
11802,11802,4,,,,,,75255094,75255859
11802,11802,4,,,,,,75255104,75255861
11802,11802,4,,,,,,75255116,75255864
11802,11802,4,,,,,,75255130,75255867
11802,11802,4,,,,,,75255133,75255868
11802,11802,4,,,,,,76726412,76727394
11802,11802,4,,,,,,76726385,76727389
11802,11802,4,,,,,,76726396,76727390
11802,11802,4,,,,,,76726404,76727397
11802,11802,4,,,,,,76726389,76727392
11802,11802,4,,,,,,76726397,76727391
11802,11802,4,,,,,,76726406,76727396
11802,11802,4,,,,,,76728020,76728023
11802,11802,4,,,,,,76728022,76728094
11802,11802,4,,,,,,76726378,76727393
11802,11802,4,,,,,,76726388,76727395
11802,11802,4,,,,,,76726400,76727398
11802,11802,4,,,,,,76726415,76727400
11802,11802,4,,,,,,76726414,76727401
11802,11802,4,,,,,,76313592,76314345
11802,11802,4,,,,,,76313619,76314351
11802,11802,4,,,,,,76313603,76314347
11802,11802,4,,,,,,76313611,76314354
11802,11802,4,,,,,,76313596,76314349
11802,11802,4,,,,,,76313604,76314348
11802,11802,4,,,,,,76313613,76314353
11802,11802,4,,,,,,76314805,76314808
11802,11802,4,,,,,,76314807,76314829
11802,11802,4,,,,,,76313585,76314350
11802,11802,4,,,,,,76313595,76314352
11802,11802,4,,,,,,76313607,76314355
11802,11802,4,,,,,,76313621,76314358
11802,11802,4,,,,,,76313624,76314359
11802,11802,4,,,,,,76698949,76700079
11802,11802,4,,,,,,76699076,76700085
11802,11802,4,,,,,,76698960,76700081
11802,11802,4,,,,,,76698968,76700088
11802,11802,4,,,,,,76698953,76700083
11802,11802,4,,,,,,76698961,76700082
11802,11802,4,,,,,,76698971,76700087
11802,11802,4,,,,,,76700721,76700724
11802,11802,4,,,,,,76700723,76700797
11802,11802,4,,,,,,76698942,76700084
11802,11802,4,,,,,,76698952,76700086
11802,11802,4,,,,,,76698964,76700089
11802,11802,4,,,,,,76699078,76700092
11802,11802,4,,,,,,76699081,76700093
11802,11802,4,,,,,,76572390,76573372
11802,11802,4,,,,,,76572363,76573367
11802,11802,4,,,,,,76572374,76573368
11802,11802,4,,,,,,76572382,76573375
11802,11802,4,,,,,,76572367,76573370
11802,11802,4,,,,,,76572375,76573369
11802,11802,4,,,,,,76572384,76573374
11802,11802,4,,,,,,76573998,76574001
11802,11802,4,,,,,,76574000,76574072
11802,11802,4,,,,,,76572356,76573371
11802,11802,4,,,,,,76572366,76573373
11802,11802,4,,,,,,76572378,76573376
11802,11802,4,,,,,,76572393,76573378
11802,11802,4,,,,,,76572392,76573379
11802,11802,4,,,,,,76675566,76676548
11802,11802,4,,,,,,76675539,76676543
11802,11802,4,,,,,,76675550,76676544
11802,11802,4,,,,,,76675558,76676551
11802,11802,4,,,,,,76675543,76676546
11802,11802,4,,,,,,76675551,76676545
11802,11802,4,,,,,,76675560,76676550
11802,11802,4,,,,,,76677174,76677177
11802,11802,4,,,,,,76677176,76677248
11802,11802,4,,,,,,76675532,76676547
11802,11802,4,,,,,,76675542,76676549
11802,11802,4,,,,,,76675554,76676552
11802,11802,4,,,,,,76675569,76676554
11802,11802,4,,,,,,76675568,76676555
11802,11802,4,,,,,,76316669,76317422
11802,11802,4,,,,,,76316696,76317428
11802,11802,4,,,,,,76316680,76317424
11802,11802,4,,,,,,76316688,76317431
11802,11802,4,,,,,,76316673,76317426
11802,11802,4,,,,,,76316681,76317425
11802,11802,4,,,,,,76316690,76317430
11802,11802,4,,,,,,76317882,76317885
11802,11802,4,,,,,,76317884,76317906
11802,11802,4,,,,,,76316662,76317427
11802,11802,4,,,,,,76316672,76317429
11802,11802,4,,,,,,76316684,76317432
11802,11802,4,,,,,,76316698,76317435
11802,11802,4,,,,,,76316701,76317436
11802,11802,4,,,,,,75203852,75204882
11802,11802,4,,,,,,75203879,75204888
11802,11802,4,,,,,,75203863,75204884
11802,11802,4,,,,,,75203871,75204891
11802,11802,4,,,,,,75203856,75204886
11802,11802,4,,,,,,75203864,75204885
11802,11802,4,,,,,,75203873,75204890
11802,11802,4,,,,,,75205524,75205527
11802,11802,4,,,,,,75205526,75205600
11802,11802,4,,,,,,75203845,75204887
11802,11802,4,,,,,,75203855,75204889
11802,11802,4,,,,,,75203867,75204892
11802,11802,4,,,,,,75203881,75204895
11802,11802,4,,,,,,75203884,75204896
13,13,4,,,,,,75180035_1,75180035_2
13,13,4,,,,,,76303013_1,76303013_2
1618,1618,4,,,,,,75727741,75727722
1618,1618,4,,,,,,75727745,75727744
1618,1618,4,,,,,,75727733,75727742
1618,1618,4,,,,,,75727748,75727746
1618,1618,4,,,,,,75727752,75727747
1618,1618,4,,,,,,75727757,75727756
1618,1618,4,,,,,,75727734,75727743
1618,1618,4,,,,,,75727755,75727754
1618,1618,4,,,,,,75727725,75727726
1618,1618,4,,,,,,75727723,75727728
1618,1618,4,,,,,,75727727,75727729
1618,1618,4,,,,,,75727724,75727731
1618,1618,4,,,,,,75727750,75727753
1618,1618,4,,,,,,75727749,75727751
1618,1618,4,,,,,,75727735,75727730
1618,1618,4,,,,,,75727732,75727737
1618,1618,4,,,,,,75774598,75774483
1618,1618,4,,,,,,75774507,75774470
1618,1618,4,,,,,,75774668,75774667
1618,1618,4,,,,,,75774589,75774496
1618,1618,4,,,,,,75774488,75774938
1618,1618,4,,,,,,75774937,75774500
1618,1618,4,,,,,,75774495,75774485
1618,1618,4,,,,,,75774942,75774480
1618,1618,4,,,,,,75774489,75774497
1618,1618,4,,,,,,75774484,75774932
1618,1618,4,,,,,,75774936,75774933
1618,1618,4,,,,,,75774594,75774492
1618,1618,4,,,,,,75774494,75774604
1618,1618,4,,,,,,75774486,75774499
1618,1618,4,,,,,,75774473,75774490
1618,1618,4,,,,,,75774475,75774502
1618,1618,4,,,,,,75774616,75774491
1618,1618,4,,,,,,75774476,75774498
1618,1618,4,,,,,,75774503,75774506
1618,1618,4,,,,,,75774726,75774728
1618,1618,4,,,,,,75774669,75774673
1618,1618,4,,,,,,75774671,75774618
1618,1618,4,,,,,,75774501,75774603
1618,1618,4,,,,,,75774505,75774605
1618,1618,4,,,,,,75870946,75870949
1618,1618,4,,,,,,75870944,75870950
1618,1618,4,,,,,,75870951,75870947
1618,1618,4,,,,,,75872121,75872126
1618,1618,4,,,,,,75872122,75872127
1618,1618,4,,,,,,75872123,75872128
1618,1618,4,,,,,,75872124,75872129
1618,1618,4,,,,,,75872125,75872112
1618,1618,4,,,,,,75870940,75871662
1618,1618,4,,,,,,75872137,75872111
1618,1618,4,,,,,,75871644,75870939
1618,1618,4,,,,,,75870942,75870943
1618,1618,4,,,,,,75870941,75870945
1618,1618,4,,,,,,75872132,75871116
1618,1618,4,,,,,,75871649,75871663
1618,1618,4,,,,,,75871647,75871665
1618,1618,4,,,,,,75871646,75870937
1618,1618,4,,,,,,75870938,75871114
1618,1618,4,,,,,,75871102,75872131
1618,1618,4,,,,,,76943566,76943561
1618,1618,4,,,,,,76943579,76943577
1618,1618,4,,,,,,76943576,76943575
1618,1618,4,,,,,,76943564,76943573
1618,1618,4,,,,,,76943572,76943553
1618,1618,4,,,,,,76943588,76943587
1618,1618,4,,,,,,76943581,76943584
1618,1618,4,,,,,,76943580,76943582
1618,1618,4,,,,,,76943583,76943578
1618,1618,4,,,,,,76943586,76943585
1618,1618,4,,,,,,76943565,76943574
1618,1618,4,,,,,,76943556,76943557
1618,1618,4,,,,,,76943554,76943559
1618,1618,4,,,,,,76943558,76943560
1618,1618,4,,,,,,76943555,76943562
1618,1618,4,,,,,,76943563,76943568
1618,1618,4,,,,,,77067577,77067540
1618,1618,4,,,,,,77067575,77067675
1618,1618,4,,,,,,77067796,77067798
1618,1618,4,,,,,,77067739,77067743
1618,1618,4,,,,,,77067741,77067688
1618,1618,4,,,,,,77067571,77067673
1618,1618,4,,,,,,77067573,77067576
1618,1618,4,,,,,,77067664,77067562
1618,1618,4,,,,,,77067543,77067560
1618,1618,4,,,,,,77067545,77067572
1618,1618,4,,,,,,77067686,77067561
1618,1618,4,,,,,,77067546,77067568
1618,1618,4,,,,,,77067668,77067553
1618,1618,4,,,,,,77067557,77067997
1618,1618,4,,,,,,77067999,77067550
1618,1618,4,,,,,,77067558,77067995
1618,1618,4,,,,,,77067994,77067570
1618,1618,4,,,,,,77067565,77067555
1618,1618,4,,,,,,77067559,77067567
1618,1618,4,,,,,,77067554,77067989
1618,1618,4,,,,,,77067993,77067990
1618,1618,4,,,,,,77067738,77067737
1618,1618,4,,,,,,77067659,77067566
1618,1618,4,,,,,,77067564,77067674
1618,1618,4,,,,,,77067556,77067569
1618,1618,4,,,,,,77035127,77035090
1618,1618,4,,,,,,77035288,77035287
1618,1618,4,,,,,,77035346,77035348
1618,1618,4,,,,,,77035289,77035293
1618,1618,4,,,,,,77035291,77035238
1618,1618,4,,,,,,77035121,77035223
1618,1618,4,,,,,,77035125,77035225
1618,1618,4,,,,,,77035093,77035110
1618,1618,4,,,,,,77035095,77035122
1618,1618,4,,,,,,77035236,77035111
1618,1618,4,,,,,,77035096,77035118
1618,1618,4,,,,,,77035108,77035558
1618,1618,4,,,,,,77035557,77035120
1618,1618,4,,,,,,77035115,77035105
1618,1618,4,,,,,,77035218,77035103
1618,1618,4,,,,,,77035107,77035560
1618,1618,4,,,,,,77035562,77035100
1618,1618,4,,,,,,77035109,77035117
1618,1618,4,,,,,,77035104,77035552
1618,1618,4,,,,,,77035556,77035553
1618,1618,4,,,,,,77035209,77035116
1618,1618,4,,,,,,77035123,77035126
1618,1618,4,,,,,,77035214,77035112
1618,1618,4,,,,,,77035114,77035224
1618,1618,4,,,,,,77035106,77035119
1618,1618,4,,,,,,77074238,77074201
1618,1618,4,,,,,,77074399,77074398
1618,1618,4,,,,,,77074457,77074459
1618,1618,4,,,,,,77074400,77074404
1618,1618,4,,,,,,77074402,77074349
1618,1618,4,,,,,,77074232,77074334
1618,1618,4,,,,,,77074236,77074336
1618,1618,4,,,,,,77074204,77074221
1618,1618,4,,,,,,77074206,77074233
1618,1618,4,,,,,,77074347,77074222
1618,1618,4,,,,,,77074207,77074229
1618,1618,4,,,,,,77074219,77074669
1618,1618,4,,,,,,77074668,77074231
1618,1618,4,,,,,,77074226,77074216
1618,1618,4,,,,,,77074329,77074214
1618,1618,4,,,,,,77074218,77074671
1618,1618,4,,,,,,77074673,77074211
1618,1618,4,,,,,,77074220,77074228
1618,1618,4,,,,,,77074215,77074663
1618,1618,4,,,,,,77074667,77074664
1618,1618,4,,,,,,77074320,77074227
1618,1618,4,,,,,,77074234,77074237
1618,1618,4,,,,,,77074325,77074223
1618,1618,4,,,,,,77074225,77074335
1618,1618,4,,,,,,77074217,77074230
1618,1618,4,,,,,,76953437,76953432
1618,1618,4,,,,,,76953450,76953448
1618,1618,4,,,,,,76953447,76953446
1618,1618,4,,,,,,76953435,76953444
1618,1618,4,,,,,,76953443,76953424
1618,1618,4,,,,,,76953459,76953458
1618,1618,4,,,,,,76953452,76953455
1618,1618,4,,,,,,76953451,76953453
1618,1618,4,,,,,,76953454,76953449
1618,1618,4,,,,,,76953457,76953456
1618,1618,4,,,,,,76953436,76953445
1618,1618,4,,,,,,76953427,76953428
1618,1618,4,,,,,,76953425,76953430
1618,1618,4,,,,,,76953429,76953431
1618,1618,4,,,,,,76953426,76953433
1618,1618,4,,,,,,76953434,76953439
1618,1618,4,,,,,,77061019,77060982
1618,1618,4,,,,,,77061017,77061117
1618,1618,4,,,,,,77061238,77061240
1618,1618,4,,,,,,77061181,77061185
1618,1618,4,,,,,,77061183,77061130
1618,1618,4,,,,,,77061013,77061115
1618,1618,4,,,,,,77061015,77061018
1618,1618,4,,,,,,77061106,77061004
1618,1618,4,,,,,,77060985,77061002
1618,1618,4,,,,,,77060987,77061014
1618,1618,4,,,,,,77061128,77061003
1618,1618,4,,,,,,77060988,77061010
1618,1618,4,,,,,,77061110,77060995
1618,1618,4,,,,,,77060999,77061439
1618,1618,4,,,,,,77061441,77060992
1618,1618,4,,,,,,77061000,77061437
1618,1618,4,,,,,,77061436,77061012
1618,1618,4,,,,,,77061007,77060997
1618,1618,4,,,,,,77061001,77061009
1618,1618,4,,,,,,77060996,77061431
1618,1618,4,,,,,,77061435,77061432
1618,1618,4,,,,,,77061180,77061179
1618,1618,4,,,,,,77061101,77061008
1618,1618,4,,,,,,77061006,77061116
1618,1618,4,,,,,,77060998,77061011
1618,1618,4,,,,,,77054587,77054550
1618,1618,4,,,,,,77054585,77054685
1618,1618,4,,,,,,77054806,77054808
1618,1618,4,,,,,,77054749,77054753
1618,1618,4,,,,,,77054751,77054698
1618,1618,4,,,,,,77054581,77054683
1618,1618,4,,,,,,77054583,77054586
1618,1618,4,,,,,,77054674,77054572
1618,1618,4,,,,,,77054553,77054570
1618,1618,4,,,,,,77054555,77054582
1618,1618,4,,,,,,77054696,77054571
1618,1618,4,,,,,,77054556,77054578
1618,1618,4,,,,,,77054678,77054563
1618,1618,4,,,,,,77054567,77055007
1618,1618,4,,,,,,77055009,77054560
1618,1618,4,,,,,,77054568,77055005
1618,1618,4,,,,,,77055004,77054580
1618,1618,4,,,,,,77054575,77054565
1618,1618,4,,,,,,77054569,77054577
1618,1618,4,,,,,,77054564,77054999
1618,1618,4,,,,,,77055003,77055000
1618,1618,4,,,,,,77054748,77054747
1618,1618,4,,,,,,77054669,77054576
1618,1618,4,,,,,,77054574,77054684
1618,1618,4,,,,,,77054566,77054579
1618,1618,4,,,,,,76951977,76951972
1618,1618,4,,,,,,76951990,76951988
1618,1618,4,,,,,,76951987,76951986
1618,1618,4,,,,,,76951975,76951984
1618,1618,4,,,,,,76951983,76951964
1618,1618,4,,,,,,76951999,76951998
1618,1618,4,,,,,,76951992,76951995
1618,1618,4,,,,,,76951991,76951993
1618,1618,4,,,,,,76951994,76951989
1618,1618,4,,,,,,76951997,76951996
1618,1618,4,,,,,,76951976,76951985
1618,1618,4,,,,,,76951967,76951968
1618,1618,4,,,,,,76951965,76951970
1618,1618,4,,,,,,76951969,76951971
1618,1618,4,,,,,,76951966,76951973
1618,1618,4,,,,,,76951974,76951979
1618,1618,4,,,,,,77030535,77030498
1618,1618,4,,,,,,77030696,77030695
1618,1618,4,,,,,,77030754,77030756
1618,1618,4,,,,,,77030697,77030701
1618,1618,4,,,,,,77030699,77030646
1618,1618,4,,,,,,77030529,77030631
1618,1618,4,,,,,,77030533,77030633
1618,1618,4,,,,,,77030501,77030518
1618,1618,4,,,,,,77030503,77030530
1618,1618,4,,,,,,77030644,77030519
1618,1618,4,,,,,,77030504,77030526
1618,1618,4,,,,,,77030516,77030966
1618,1618,4,,,,,,77030965,77030528
1618,1618,4,,,,,,77030523,77030513
1618,1618,4,,,,,,77030626,77030511
1618,1618,4,,,,,,77030515,77030968
1618,1618,4,,,,,,77030970,77030508
1618,1618,4,,,,,,77030517,77030525
1618,1618,4,,,,,,77030512,77030960
1618,1618,4,,,,,,77030964,77030961
1618,1618,4,,,,,,77030617,77030524
1618,1618,4,,,,,,77030531,77030534
1618,1618,4,,,,,,77030622,77030520
1618,1618,4,,,,,,77030522,77030632
1618,1618,4,,,,,,77030514,77030527
1618,1618,4,,,,,,76944465,76944466
1618,1618,4,,,,,,76944467,76944468
1618,1618,4,,,,,,76944491,76944492
1618,1618,4,,,,,,76944493,76944494
1618,1618,4,,,,,,76944457,76944458
1618,1618,4,,,,,,76944459,76944460
1618,1618,4,,,,,,76944461,76944462
1618,1618,4,,,,,,76944463,76944464
1618,1618,4,,,,,,76944481,76944482
1618,1618,4,,,,,,76944483,76944484
1618,1618,4,,,,,,76944485,76944486
1618,1618,4,,,,,,76944487,76944488
1618,1618,4,,,,,,76944489,76944490
1618,1618,4,,,,,,76944469,76944470
1618,1618,4,,,,,,76944471,76944472
1618,1618,4,,,,,,76944473,76944474
1618,1618,4,,,,,,76944475,76944476
1618,1618,4,,,,,,76944477,76944478
1618,1618,4,,,,,,76944479,76944480
1618,1618,4,,,,,,75856691,75856694
1618,1618,4,,,,,,75856689,75856695
1618,1618,4,,,,,,75856696,75856692
1618,1618,4,,,,,,75857866,75857871
1618,1618,4,,,,,,75857867,75857872
1618,1618,4,,,,,,75857868,75857873
1618,1618,4,,,,,,75857869,75857874
1618,1618,4,,,,,,75857870,75857857
1618,1618,4,,,,,,75856685,75857407
1618,1618,4,,,,,,75857882,75857856
1618,1618,4,,,,,,75857389,75856684
1618,1618,4,,,,,,75856687,75856688
1618,1618,4,,,,,,75856686,75856690
1618,1618,4,,,,,,75857877,75856861
1618,1618,4,,,,,,75857394,75857408
1618,1618,4,,,,,,75857392,75857410
1618,1618,4,,,,,,75857391,75856682
1618,1618,4,,,,,,75856683,75856859
1618,1618,4,,,,,,75856847,75857876
1618,1618,4,,,,,,75761739,75761624
1618,1618,4,,,,,,75761614,75761631
1618,1618,4,,,,,,75761616,75761643
1618,1618,4,,,,,,75761757,75761632
1618,1618,4,,,,,,75761617,75761639
1618,1618,4,,,,,,75761644,75761647
1618,1618,4,,,,,,75761867,75761869
1618,1618,4,,,,,,75761810,75761814
1618,1618,4,,,,,,75761812,75761759
1618,1618,4,,,,,,75761642,75761744
1618,1618,4,,,,,,75761646,75761746
1618,1618,4,,,,,,75761648,75761611
1618,1618,4,,,,,,75761809,75761808
1618,1618,4,,,,,,75761730,75761637
1618,1618,4,,,,,,75762083,75761621
1618,1618,4,,,,,,75761630,75761638
1618,1618,4,,,,,,75761625,75762073
1618,1618,4,,,,,,75762077,75762074
1618,1618,4,,,,,,75761735,75761633
1618,1618,4,,,,,,75761635,75761745
1618,1618,4,,,,,,75761627,75761640
1618,1618,4,,,,,,75761629,75762079
1618,1618,4,,,,,,75762078,75761641
1618,1618,4,,,,,,75761636,75761626
1618,1618,4,,,,,,77160698,77159989
1618,1618,4,,,,,,77159990,77160165
1618,1618,4,,,,,,77160154,77161182
1618,1618,4,,,,,,77161183,77160167
1618,1618,4,,,,,,77160697,77160714
1618,1618,4,,,,,,77160699,77160716
1618,1618,4,,,,,,77159995,77160001
1618,1618,4,,,,,,77159997,77160002
1618,1618,4,,,,,,77160003,77159999
1618,1618,4,,,,,,77161172,77161177
1618,1618,4,,,,,,77161173,77161178
1618,1618,4,,,,,,77161174,77161179
1618,1618,4,,,,,,77161175,77161180
1618,1618,4,,,,,,77161176,77161163
1618,1618,4,,,,,,77159992,77160713
1618,1618,4,,,,,,77161188,77161162
1618,1618,4,,,,,,77160695,77159991
1618,1618,4,,,,,,77159994,77159996
1618,1618,4,,,,,,77159993,77159998
17091,17091,4,,,,,,75641739,75641782
17091,17091,4,,,,,,75641721,75641819
17091,17091,4,,,,,,75641890,75641808
17091,17091,4,,,,,,75641820,75641710
17091,17091,4,,,,,,75641751,75641895
17091,17091,4,,,,,,75641790,75641896
17091,17091,4,,,,,,75641723,75641894
17091,17091,4,,,,,,75641749,75641745
17091,17091,4,,,,,,75641727,75641815
17091,17091,4,,,,,,75641793,75641719
17091,17091,4,,,,,,75641717,75641753
17091,17091,4,,,,,,75641722,75641711
17091,17091,4,,,,,,75641816,75641776
17091,17091,4,,,,,,75641784,75641740
17091,17091,4,,,,,,75641788,75641880
17091,17091,4,,,,,,75641805,75641817
17091,17091,4,,,,,,75641883,75641810
17091,17091,4,,,,,,75641733,75641730
17091,17091,4,,,,,,75641743,75641741
17091,17091,4,,,,,,75641761,75641763
17091,17091,4,,,,,,75641780,75641892
17091,17091,4,,,,,,75641758,75641737
17091,17091,4,,,,,,75641796,75641767
17091,17091,4,,,,,,75641775,75641752
17091,17091,4,,,,,,75641772,75641738
17091,17091,4,,,,,,75641746,75641803
17091,17091,4,,,,,,75641827,75641787
17091,17091,4,,,,,,75641773,75641812
17091,17091,4,,,,,,75641760,75641824
17091,17091,4,,,,,,75641718,75641779
17091,17091,4,,,,,,75641726,75641878
17091,17091,4,,,,,,75641720,75641764
17091,17091,4,,,,,,75641818,75641768
17091,17091,4,,,,,,75641795,75641792
17091,17091,4,,,,,,75641785,75641798
17091,17091,4,,,,,,75641786,75641799
17091,17091,4,,,,,,75641756,75641781
17091,17091,4,,,,,,75641801,75641797
17091,17091,4,,,,,,75641811,75641769
17091,17091,4,,,,,,75641842,75641860
17091,17091,4,,,,,,75641869,75641859
17091,17091,4,,,,,,75641777,75641802
17091,17091,4,,,,,,75641771,75641855
17091,17091,4,,,,,,75641844,75641845
17091,17091,4,,,,,,75641838,75641712
17091,17091,4,,,,,,75641886,75641877
17091,17091,4,,,,,,75641724,75641729
17091,17091,4,,,,,,75641834,75641826
17091,17091,4,,,,,,75641839,75641836
17091,17091,4,,,,,,75641835,75641833
17091,17091,4,,,,,,75641905,75641904
17091,17091,4,,,,,,75641902,75641897
17091,17091,4,,,,,,75641908,75641906
17091,17091,4,,,,,,75641911,75641912
17091,17091,4,,,,,,75641913,75641915
17091,17091,4,,,,,,75641917,75641918
17091,17091,4,,,,,,75641921,75641923
17091,17091,4,,,,,,75641926,75641928
17091,17091,4,,,,,,75641931,75641930
17091,17091,4,,,,,,75641933,75641935
17091,17091,4,,,,,,75641939,75641713
17091,17091,4,,,,,,75641851,75641852
17091,17091,4,,,,,,75641849,75641843
17091,17091,4,,,,,,75641714,75641887
17091,17091,4,,,,,,75641891,75641715
17091,17091,4,,,,,,75641870,75641871
17091,17091,4,,,,,,75641800,75641868
17091,17091,4,,,,,,75641857,75641867
17091,17091,4,,,,,,75641794,75641830
17091,17091,4,,,,,,75641898,75641901
17091,17091,4,,,,,,75641899,75641900
17091,17091,4,,,,,,75641903,75641907
17091,17091,4,,,,,,75641909,75641910
17091,17091,4,,,,,,75641914,75641916
17091,17091,4,,,,,,75641919,75641920
17091,17091,4,,,,,,75641925,75641922
17091,17091,4,,,,,,75641927,75641924
17091,17091,4,,,,,,75641929,75641934
17091,17091,4,,,,,,75641932,75641936
17091,17091,4,,,,,,75641938,75641881
17091,17091,4,,,,,,75641875,75641847
17091,17091,4,,,,,,75641841,75641848
17091,17091,4,,,,,,75641889,75641884
17091,17091,4,,,,,,75641893,75641837
17091,17091,4,,,,,,75641861,75641840
17091,17091,4,,,,,,75641858,75641865
17091,17091,4,,,,,,75641856,75641863
17091,17091,4,,,,,,75641854,75641876
17091,17091,4,,,,,,75641885,75641872
17091,17091,4,,,,,,75641825,75641831
17091,17091,4,,,,,,75641744,75641734
17091,17091,4,,,,,,75641882,75641770
17091,17091,4,,,,,,75641755,75641888
17091,17091,4,,,,,,75641725,75641742
17091,17091,4,,,,,,75641813,75641821
17091,17091,4,,,,,,75641806,75641750
17091,17091,4,,,,,,75641754,75641804
17091,17091,4,,,,,,75641874,75641747
17091,17091,4,,,,,,75641791,75641822
17091,17091,4,,,,,,75641762,75641736
17091,17091,4,,,,,,75641828,75641823
17091,17091,4,,,,,,75641783,75641789
17091,17091,4,,,,,,75641866,75641829
17091,17091,4,,,,,,75641853,75641832
17091,17091,4,,,,,,75641735,75641766
17091,17091,4,,,,,,75641728,75641716
17091,17091,4,,,,,,75641774,75641759
17091,17091,4,,,,,,75641778,75641809
17091,17091,4,,,,,,75641864,75641879
17091,17091,4,,,,,,75641862,75641850
17091,17091,4,,,,,,75641807,75641748
17091,17091,4,,,,,,75641732,75641731
17091,17091,4,,,,,,75641765,75641757
17091,17091,4,,,,,,75625597,75625598
17091,17091,4,,,,,,75625589,75625588
17091,17091,4,,,,,,75625585,75625584
17091,17091,4,,,,,,75625587,75625586
17091,17091,4,,,,,,75625559,75625571
17091,17091,4,,,,,,75625581,75625592
17091,17091,4,,,,,,75625566,75625580
17091,17091,4,,,,,,75625577,75625576
17091,17091,4,,,,,,75625575,75625557
17091,17091,4,,,,,,75625563,75625556
17091,17091,4,,,,,,75625565,75625579
17091,17091,4,,,,,,75625560,75625582
17091,17091,4,,,,,,75625562,75625564
17091,17091,4,,,,,,75625573,75625570
17091,17091,4,,,,,,75625574,75625572
17091,17091,4,,,,,,75625578,75625553
17091,17091,4,,,,,,75625558,75625561
17091,17091,4,,,,,,75625554,75625555
17091,17091,4,,,,,,75625552,75625567
17091,17091,4,,,,,,75625569,75625568
17091,17091,4,,,,,,75625453,75625455
17091,17091,4,,,,,,75625440,75625439
17091,17091,4,,,,,,75625461,75625458
17091,17091,4,,,,,,75625437,75625449
17091,17091,4,,,,,,75625438,75625434
17091,17091,4,,,,,,75625433,75625441
17091,17091,4,,,,,,75625443,75625451
17091,17091,4,,,,,,75625448,75625431
17091,17091,4,,,,,,75625492,75625489
17091,17091,4,,,,,,75625482,75625480
17091,17091,4,,,,,,75625481,75625474
17091,17091,4,,,,,,75625473,75625472
17091,17091,4,,,,,,75625466,75625463
17091,17091,4,,,,,,75625464,75625427
17091,17091,4,,,,,,75625429,75625428
17091,17091,4,,,,,,75625415,75625413
17091,17091,4,,,,,,75625414,75625405
17091,17091,4,,,,,,75625404,75625403
17091,17091,4,,,,,,75625412,75625385
17091,17091,4,,,,,,75625384,75625386
17091,17091,4,,,,,,75625387,75625392
17091,17091,4,,,,,,75625395,75625397
17091,17091,4,,,,,,75625393,75625398
17091,17091,4,,,,,,75625396,75625383
17091,17091,4,,,,,,75625394,75625399
17091,17091,4,,,,,,75625447,75625418
17091,17091,4,,,,,,75625419,75625422
17091,17091,4,,,,,,75625421,75625411
17091,17091,4,,,,,,75625409,75625410
17091,17091,4,,,,,,75625400,75625389
17091,17091,4,,,,,,75625391,75625371
17091,17091,4,,,,,,75625368,75625370
17091,17091,4,,,,,,75625375,75625380
17091,17091,4,,,,,,75625378,75625373
17091,17091,4,,,,,,75625374,75625377
17091,17091,4,,,,,,75625545,75625494
17091,17091,4,,,,,,75625493,75625490
17091,17091,4,,,,,,75625487,75625484
17091,17091,4,,,,,,75625483,75625478
17091,17091,4,,,,,,75625479,75625467
17091,17091,4,,,,,,75625470,75625469
17091,17091,4,,,,,,75625471,75625446
17091,17091,4,,,,,,75625442,75625423
17091,17091,4,,,,,,75625424,75625417
17091,17091,4,,,,,,75625538,75625495
17091,17091,4,,,,,,75625491,75625485
17091,17091,4,,,,,,75625488,75625486
17091,17091,4,,,,,,75625476,75625477
17091,17091,4,,,,,,75625475,75625465
17091,17091,4,,,,,,75625468,75625452
17091,17091,4,,,,,,75625456,75625460
17091,17091,4,,,,,,75625432,75625425
17091,17091,4,,,,,,75625420,75625426
17091,17091,4,,,,,,75625406,75625407
17091,17091,4,,,,,,75625408,75625401
17091,17091,4,,,,,,75625402,75625388
17091,17091,4,,,,,,75625390,75625372
17091,17091,4,,,,,,75625369,75625376
17091,17091,4,,,,,,75625379,75625381
17091,17091,4,,,,,,75625366,75625365
17091,17091,4,,,,,,75625364,75625352
17091,17091,4,,,,,,75625508,75625509
17091,17091,4,,,,,,75625507,75625515
17091,17091,4,,,,,,75625526,75625522
17091,17091,4,,,,,,75625531,75625528
17091,17091,4,,,,,,75625532,75625536
17091,17091,4,,,,,,75625505,75625512
17091,17091,4,,,,,,75625514,75625525
17091,17091,4,,,,,,75625504,75625497
17091,17091,4,,,,,,75625503,75625501
17091,17091,4,,,,,,75625436,75625430
17091,17091,4,,,,,,75625444,75625457
17091,17091,4,,,,,,75625454,75625462
17091,17091,4,,,,,,75625445,75625450
17091,17091,4,,,,,,75625500,75625517
17091,17091,4,,,,,,75625499,75625513
17091,17091,4,,,,,,75625510,75625498
17091,17091,4,,,,,,75625518,75625521
17091,17091,4,,,,,,75625730,75625732
17091,17091,4,,,,,,75625354,75625358
17091,17091,4,,,,,,75625357,75625360
17091,17091,4,,,,,,75625362,75625363
17091,17091,4,,,,,,75625353,75625351
17091,17091,4,,,,,,75625355,75625359
17091,17091,4,,,,,,75625356,75625361
17091,17091,4,,,,,,75625590,75625591
17091,17091,4,,,,,,75625595,75625593
17091,17091,4,,,,,,75625596,75625594
17091,17091,4,,,,,,75625744,75625728
17091,17091,4,,,,,,75625539,75625540
17091,17091,4,,,,,,75625535,75625541
17091,17091,4,,,,,,75625542,75625537
17091,17091,4,,,,,,75625511,75625520
17091,17091,4,,,,,,75625524,75625533
17091,17091,4,,,,,,75625544,75625543
17091,17091,4,,,,,,75625529,75625523
17091,17091,4,,,,,,75625530,75625527
17091,17091,4,,,,,,75625516,75625502
17091,17091,4,,,,,,75625534,75625506
17091,17091,4,,,,,,75632021,75632023
17091,17091,4,,,,,,75632024,75632025
17091,17091,4,,,,,,75632026,75632027
17091,17091,4,,,,,,75632028,75632029
17091,17091,4,,,,,,75632031,75632030
17091,17091,4,,,,,,75632032,75632034
17091,17091,4,,,,,,75632033,75632043
17091,17091,4,,,,,,75632053,75632056
17091,17091,4,,,,,,75632270,75632279
17091,17091,4,,,,,,75632219,75632222
17091,17091,4,,,,,,75632176,75632175
17091,17091,4,,,,,,75632074,75632079
17091,17091,4,,,,,,75632076,75632083
17091,17091,4,,,,,,75632088,75632090
17091,17091,4,,,,,,75632278,75632281
17091,17091,4,,,,,,75632240,75632236
17091,17091,4,,,,,,75632188,75632186
17091,17091,4,,,,,,75632112,75632113
17091,17091,4,,,,,,75632119,75632121
17091,17091,4,,,,,,75632126,75632127
17091,17091,4,,,,,,75632301,75632305
17091,17091,4,,,,,,75632249,75632250
17091,17091,4,,,,,,75632195,75632198
17091,17091,4,,,,,,75632038,75632046
17091,17091,4,,,,,,75632036,75632035
17091,17091,4,,,,,,75632042,75632049
17091,17091,4,,,,,,75632041,75632045
17091,17091,4,,,,,,75632044,75632040
17091,17091,4,,,,,,75632037,75632039
17091,17091,4,,,,,,75632047,75632048
17091,17091,4,,,,,,75632051,75632057
17091,17091,4,,,,,,75632058,75632062
17091,17091,4,,,,,,75632291,75632266
17091,17091,4,,,,,,75632230,75632231
17091,17091,4,,,,,,75632177,75632179
17091,17091,4,,,,,,75632077,75632082
17091,17091,4,,,,,,75632089,75632084
17091,17091,4,,,,,,75632097,75632094
17091,17091,4,,,,,,75632263,75632287
17091,17091,4,,,,,,75632241,75632242
17091,17091,4,,,,,,75632191,75632189
17091,17091,4,,,,,,75632120,75632123
17091,17091,4,,,,,,75632124,75632125
17091,17091,4,,,,,,75632131,75632132
17091,17091,4,,,,,,75632306,75632307
17091,17091,4,,,,,,75632252,75632256
17091,17091,4,,,,,,75632170,75632171
17091,17091,4,,,,,,75632169,75632167
17091,17091,4,,,,,,75632165,75632173
17091,17091,4,,,,,,75632157,75632159
17091,17091,4,,,,,,75632163,75632166
17091,17091,4,,,,,,75632162,75632158
17091,17091,4,,,,,,75632156,75632174
17091,17091,4,,,,,,75632055,75632054
17091,17091,4,,,,,,75632060,75632063
17091,17091,4,,,,,,75632064,75632068
17091,17091,4,,,,,,75632269,75632267
17091,17091,4,,,,,,75632233,75632234
17091,17091,4,,,,,,75632081,75632091
17091,17091,4,,,,,,75632087,75632086
17091,17091,4,,,,,,75632095,75632099
17091,17091,4,,,,,,75632102,75632101
17091,17091,4,,,,,,75632298,75632288
17091,17091,4,,,,,,75632246,75632247
17091,17091,4,,,,,,75632190,75632192
17091,17091,4,,,,,,75632128,75632129
17091,17091,4,,,,,,75632130,75632134
17091,17091,4,,,,,,75632136,75632139
17091,17091,4,,,,,,75632304,75632311
17091,17091,4,,,,,,75632309,75632310
17091,17091,4,,,,,,75632213,75632214
17091,17091,4,,,,,,75632221,75632227
17091,17091,4,,,,,,75632215,75632217
17091,17091,4,,,,,,75632216,75632224
17091,17091,4,,,,,,75632228,75632229
17091,17091,4,,,,,,75632218,75632225
17091,17091,4,,,,,,75632220,75632226
17091,17091,4,,,,,,75632160,75632172
17091,17091,4,,,,,,75632061,75632059
17091,17091,4,,,,,,75632065,75632069
17091,17091,4,,,,,,75632070,75632071
17091,17091,4,,,,,,75632277,75632276
17091,17091,4,,,,,,75632183,75632182
17091,17091,4,,,,,,75632085,75632092
17091,17091,4,,,,,,75632096,75632093
17091,17091,4,,,,,,75632104,75632105
17091,17091,4,,,,,,75632111,75632110
17091,17091,4,,,,,,75632275,75632268
17091,17091,4,,,,,,75632283,75632274
17091,17091,4,,,,,,75632264,75632297
17091,17091,4,,,,,,75632286,75632284
17091,17091,4,,,,,,75632294,75632296
17091,17091,4,,,,,,75632265,75632280
17091,17091,4,,,,,,75632271,75632282
17091,17091,4,,,,,,75632289,75632285
17091,17091,4,,,,,,75632223,75632232
17091,17091,4,,,,,,75632161,75632164
17091,17091,4,,,,,,75632066,75632067
17091,17091,4,,,,,,75632073,75632072
17091,17091,4,,,,,,75632075,75632080
17091,17091,4,,,,,,75632316,75632290
17091,17091,4,,,,,,75632235,75632237
17091,17091,4,,,,,,75632181,75632185
17091,17091,4,,,,,,75632107,75632106
17091,17091,4,,,,,,75632116,75632114
17091,17091,4,,,,,,75632145,75632146
17091,17091,4,,,,,,75632151,75632150
17091,17091,4,,,,,,75632303,75632302
17091,17091,4,,,,,,75632244,75632243
17091,17091,4,,,,,,75632193,75632194
17091,17091,4,,,,,,75632133,75632135
17091,17091,4,,,,,,75632140,75632137
17091,17091,4,,,,,,75632142,75632144
17091,17091,4,,,,,,75632239,75632238
17091,17091,4,,,,,,75632184,75632180
17091,17091,4,,,,,,75632098,75632100
17091,17091,4,,,,,,75632108,75632103
17091,17091,4,,,,,,75632109,75632115
17091,17091,4,,,,,,75632117,75632122
17091,17091,4,,,,,,75632300,75632299
17091,17091,4,,,,,,75632248,75632251
17091,17091,4,,,,,,75632196,75632197
17091,17091,4,,,,,,75632138,75632141
17091,17091,4,,,,,,75632143,75632147
17091,17091,4,,,,,,75632314,75632312
17091,17091,4,,,,,,75632313,75632315
17091,17091,4,,,,,,75632308,75632273
17091,17091,4,,,,,,75632205,75632203
17091,17091,4,,,,,,75632204,75632155
17091,17091,4,,,,,,75632187,75632178
17091,17091,4,,,,,,75632207,75632209
17091,17091,4,,,,,,75632320,75632319
17091,17091,4,,,,,,75632322,75632325
17091,17091,4,,,,,,75632201,75632199
17091,17091,4,,,,,,75632202,75632200
17091,17091,4,,,,,,75632152,75632149
17091,17091,4,,,,,,75632153,75632154
17091,17091,4,,,,,,75632206,75632208
17091,17091,4,,,,,,75632261,75632262
17091,17091,4,,,,,,75632321,75632317
17091,17091,4,,,,,,75632318,75632324
17091,17091,4,,,,,,75632257,75632254
17091,17091,4,,,,,,75632260,75632253
17091,17091,4,,,,,,75632255,75632258
17091,17091,4,,,,,,75632210,75632259
17091,17091,4,,,,,,75632245,75632212
17091,17091,4,,,,,,75648913,75648914
17091,17091,4,,,,,,75648685,75648664
17091,17091,4,,,,,,75648668,75648667
17091,17091,4,,,,,,75648666,75648663
17091,17091,4,,,,,,75648674,75648675
17091,17091,4,,,,,,75648683,75648690
17091,17091,4,,,,,,75648702,75648703
17091,17091,4,,,,,,75648713,75648718
17091,17091,4,,,,,,75648727,75648726
17091,17091,4,,,,,,75648733,75648741
17091,17091,4,,,,,,75648737,75648767
17091,17091,4,,,,,,75648772,75648771
17091,17091,4,,,,,,75648792,75648791
17091,17091,4,,,,,,75648802,75648800
17091,17091,4,,,,,,75648814,75648817
17091,17091,4,,,,,,75648825,75648827
17091,17091,4,,,,,,75648838,75648839
17091,17091,4,,,,,,75648854,75648856
17091,17091,4,,,,,,75648871,75648869
17091,17091,4,,,,,,75648652,75648653
17091,17091,4,,,,,,75648648,75648654
17091,17091,4,,,,,,75648659,75648660
17091,17091,4,,,,,,75648673,75648676
17091,17091,4,,,,,,75648679,75648700
17091,17091,4,,,,,,75648709,75648710
17091,17091,4,,,,,,75648716,75648717
17091,17091,4,,,,,,75648724,75648732
17091,17091,4,,,,,,75648736,75648746
17091,17091,4,,,,,,75648745,75648777
17091,17091,4,,,,,,75648776,75648747
17091,17091,4,,,,,,75648778,75648797
17091,17091,4,,,,,,75648790,75648798
17091,17091,4,,,,,,75648805,75648813
17091,17091,4,,,,,,75648823,75648830
17091,17091,4,,,,,,75648841,75648840
17091,17091,4,,,,,,75648851,75648850
17091,17091,4,,,,,,75648665,75648662
17091,17091,4,,,,,,75648644,75648645
17091,17091,4,,,,,,75648647,75648651
17091,17091,4,,,,,,75648656,75648658
17091,17091,4,,,,,,75648671,75648672
17091,17091,4,,,,,,75648686,75648699
17091,17091,4,,,,,,75648708,75648707
17091,17091,4,,,,,,75648715,75648711
17091,17091,4,,,,,,75648723,75648731
17091,17091,4,,,,,,75648730,75648735
17091,17091,4,,,,,,75648744,75648743
17091,17091,4,,,,,,75648774,75648773
17091,17091,4,,,,,,75648780,75648794
17091,17091,4,,,,,,75648793,75648803
17091,17091,4,,,,,,75648810,75648819
17091,17091,4,,,,,,75648829,75648832
17091,17091,4,,,,,,75648836,75648843
17091,17091,4,,,,,,75648860,75648855
17091,17091,4,,,,,,75648859,75648867
17091,17091,4,,,,,,75648866,75648865
17091,17091,4,,,,,,75648642,75648638
17091,17091,4,,,,,,75648650,75648646
17091,17091,4,,,,,,75648655,75648657
17091,17091,4,,,,,,75648661,75648670
17091,17091,4,,,,,,75648678,75648677
17091,17091,4,,,,,,75648698,75648706
17091,17091,4,,,,,,75648705,75648714
17091,17091,4,,,,,,75648720,75648722
17091,17091,4,,,,,,75648729,75648734
17091,17091,4,,,,,,75648740,75648739
17091,17091,4,,,,,,75648770,75648769
17091,17091,4,,,,,,75648783,75648787
17091,17091,4,,,,,,75648786,75648801
17091,17091,4,,,,,,75648807,75648816
17091,17091,4,,,,,,75648818,75648828
17091,17091,4,,,,,,75648831,75648842
17091,17091,4,,,,,,75648858,75648861
17091,17091,4,,,,,,75648768,75648784
17091,17091,4,,,,,,75648789,75648788
17091,17091,4,,,,,,75648808,75648809
17091,17091,4,,,,,,75648815,75648824
17091,17091,4,,,,,,75648835,75648837
17091,17091,4,,,,,,75648845,75648862
17091,17091,4,,,,,,75648857,75648853
17091,17091,4,,,,,,75648870,75648868
17091,17091,4,,,,,,75648756,75648751
17091,17091,4,,,,,,75648753,75648757
17091,17091,4,,,,,,75648754,75648758
17091,17091,4,,,,,,75648749,75648752
17091,17091,4,,,,,,75648748,75648762
17091,17091,4,,,,,,75648760,75648763
17091,17091,4,,,,,,75648761,75648759
17091,17091,4,,,,,,75648775,75648782
17091,17091,4,,,,,,75648795,75648796
17091,17091,4,,,,,,75648804,75648811
17091,17091,4,,,,,,75648820,75648821
17091,17091,4,,,,,,75648882,75648892
17091,17091,4,,,,,,75648891,75648889
17091,17091,4,,,,,,75648896,75648899
17091,17091,4,,,,,,75648875,75648876
17091,17091,4,,,,,,75648884,75648883
17091,17091,4,,,,,,75648893,75648894
17091,17091,4,,,,,,75648880,75648878
17091,17091,4,,,,,,75648885,75648886
17091,17091,4,,,,,,75648888,75648895
17091,17091,4,,,,,,75648695,75648682
17091,17091,4,,,,,,75648692,75648696
17091,17091,4,,,,,,75648688,75648689
17091,17091,4,,,,,,75648694,75648693
17091,17091,4,,,,,,75648684,75648691
17091,17091,4,,,,,,75648697,75648704
17091,17091,4,,,,,,75648701,75648712
17091,17091,4,,,,,,75648719,75648721
17091,17091,4,,,,,,75648728,75648725
17091,17091,4,,,,,,75648738,75648742
17091,17091,4,,,,,,75648766,75648765
17091,17091,4,,,,,,75648755,75648779
17091,17091,4,,,,,,75648785,75648781
17091,17091,4,,,,,,75648799,75648806
17091,17091,4,,,,,,75648822,75648812
17091,17091,4,,,,,,75648833,75648834
17091,17091,4,,,,,,75648844,75648852
17091,17091,4,,,,,,75648846,75648847
17091,17091,4,,,,,,75648864,75648863
17091,17091,4,,,,,,75648874,75648873
17091,17091,4,,,,,,75648872,75648879
17091,17091,4,,,,,,75648881,75648877
17091,17091,4,,,,,,75648890,75648887
17091,17091,4,,,,,,75648898,75648897
17091,17091,4,,,,,,75646524,75646525
17091,17091,4,,,,,,75646516,75646515
17091,17091,4,,,,,,75646512,75646511
17091,17091,4,,,,,,75646514,75646513
17091,17091,4,,,,,,75646486,75646501
17091,17091,4,,,,,,75646508,75646519
17091,17091,4,,,,,,75646493,75646507
17091,17091,4,,,,,,75646504,75646503
17091,17091,4,,,,,,75646502,75646484
17091,17091,4,,,,,,75646490,75646483
17091,17091,4,,,,,,75646492,75646506
17091,17091,4,,,,,,75646487,75646509
17091,17091,4,,,,,,75646489,75646491
17091,17091,4,,,,,,75646499,75646497
17091,17091,4,,,,,,75646500,75646498
17091,17091,4,,,,,,75646505,75646480
17091,17091,4,,,,,,75646485,75646488
17091,17091,4,,,,,,75646481,75646482
17091,17091,4,,,,,,75646479,75646494
17091,17091,4,,,,,,75646496,75646495
17091,17091,4,,,,,,75646380,75646382
17091,17091,4,,,,,,75646366,75646376
17091,17091,4,,,,,,75646388,75646385
17091,17091,4,,,,,,75646364,75646373
17091,17091,4,,,,,,75646365,75646361
17091,17091,4,,,,,,75646359,75646377
17091,17091,4,,,,,,75646368,75646375
17091,17091,4,,,,,,75646372,75646357
17091,17091,4,,,,,,75646416,75646423
17091,17091,4,,,,,,75646407,75646405
17091,17091,4,,,,,,75646406,75646401
17091,17091,4,,,,,,75646400,75646399
17091,17091,4,,,,,,75646392,75646390
17091,17091,4,,,,,,75646391,75646354
17091,17091,4,,,,,,75646356,75646355
17091,17091,4,,,,,,75646342,75646340
17091,17091,4,,,,,,75646341,75646334
17091,17091,4,,,,,,75646330,75646329
17091,17091,4,,,,,,75646332,75646311
17091,17091,4,,,,,,75646310,75646312
17091,17091,4,,,,,,75646313,75646318
17091,17091,4,,,,,,75646324,75646322
17091,17091,4,,,,,,75646319,75646323
17091,17091,4,,,,,,75646321,75646309
17091,17091,4,,,,,,75646320,75646325
17091,17091,4,,,,,,75646378,75646345
17091,17091,4,,,,,,75646346,75646349
17091,17091,4,,,,,,75646348,75646339
17091,17091,4,,,,,,75646337,75646338
17091,17091,4,,,,,,75646326,75646315
17091,17091,4,,,,,,75646317,75646297
17091,17091,4,,,,,,75646294,75646296
17091,17091,4,,,,,,75646301,75646306
17091,17091,4,,,,,,75646304,75646299
17091,17091,4,,,,,,75646300,75646303
17091,17091,4,,,,,,75646472,75646418
17091,17091,4,,,,,,75646417,75646414
17091,17091,4,,,,,,75646412,75646409
17091,17091,4,,,,,,75646408,75646422
17091,17091,4,,,,,,75646404,75646393
17091,17091,4,,,,,,75646397,75646396
17091,17091,4,,,,,,75646398,75646371
17091,17091,4,,,,,,75646367,75646350
17091,17091,4,,,,,,75646351,75646344
17091,17091,4,,,,,,75646464,75646419
17091,17091,4,,,,,,75646415,75646410
17091,17091,4,,,,,,75646413,75646411
17091,17091,4,,,,,,75646421,75646403
17091,17091,4,,,,,,75646402,75646395
17091,17091,4,,,,,,75646394,75646379
17091,17091,4,,,,,,75646383,75646387
17091,17091,4,,,,,,75646358,75646352
17091,17091,4,,,,,,75646347,75646353
17091,17091,4,,,,,,75646335,75646331
17091,17091,4,,,,,,75646336,75646327
17091,17091,4,,,,,,75646328,75646314
17091,17091,4,,,,,,75646316,75646298
17091,17091,4,,,,,,75646295,75646302
17091,17091,4,,,,,,75646305,75646307
17091,17091,4,,,,,,75646292,75646291
17091,17091,4,,,,,,75646290,75646278
17091,17091,4,,,,,,75646279,75646333
17091,17091,4,,,,,,75646517,75646518
17091,17091,4,,,,,,75646522,75646520
17091,17091,4,,,,,,75646523,75646521
17091,17091,4,,,,,,75646466,75646467
17091,17091,4,,,,,,75646465,75646468
17091,17091,4,,,,,,75646469,75646463
17091,17091,4,,,,,,75646438,75646447
17091,17091,4,,,,,,75646451,75646460
17091,17091,4,,,,,,75646471,75646470
17091,17091,4,,,,,,75646456,75646450
17091,17091,4,,,,,,75646457,75646454
17091,17091,4,,,,,,75646443,75646428
17091,17091,4,,,,,,75646461,75646433
17091,17091,4,,,,,,75646435,75646436
17091,17091,4,,,,,,75646434,75646442
17091,17091,4,,,,,,75646453,75646449
17091,17091,4,,,,,,75646458,75646455
17091,17091,4,,,,,,75646459,75646462
17091,17091,4,,,,,,75646432,75646439
17091,17091,4,,,,,,75646441,75646452
17091,17091,4,,,,,,75646431,75646424
17091,17091,4,,,,,,75646429,75646427
17091,17091,4,,,,,,75646280,75646284
17091,17091,4,,,,,,75646283,75646289
17091,17091,4,,,,,,75646287,75646288
17091,17091,4,,,,,,75646430,75646444
17091,17091,4,,,,,,75646426,75646440
17091,17091,4,,,,,,75646437,75646425
17091,17091,4,,,,,,75646445,75646448
17091,17091,4,,,,,,75646281,75646285
17091,17091,4,,,,,,75646282,75646286
17091,17091,4,,,,,,75646363,75646360
17091,17091,4,,,,,,75646369,75646384
17091,17091,4,,,,,,75646381,75646389
17091,17091,4,,,,,,75646370,75646374
17091,17091,4,,,,,,75627919,75627920
17091,17091,4,,,,,,75627916,75627907
17091,17091,4,,,,,,75627912,75627913
17091,17091,4,,,,,,75627847,75627849
17091,17091,4,,,,,,75627864,75627862
17091,17091,4,,,,,,75627854,75627868
17091,17091,4,,,,,,75627876,75627842
17091,17091,4,,,,,,75627832,75627826
17091,17091,4,,,,,,75627836,75627796
17091,17091,4,,,,,,75627798,75627810
17091,17091,4,,,,,,75627754,75627768
17091,17091,4,,,,,,75627769,75627723
17091,17091,4,,,,,,75627724,75627721
17091,17091,4,,,,,,75627725,75627713
17091,17091,4,,,,,,75627718,75627692
17091,17091,4,,,,,,75627694,75627700
17091,17091,4,,,,,,75627705,75627685
17091,17091,4,,,,,,75627687,75627671
17091,17091,4,,,,,,75627674,75627683
17091,17091,4,,,,,,75627667,75627668
17091,17091,4,,,,,,75627889,75627894
17091,17091,4,,,,,,75627900,75627890
17091,17091,4,,,,,,75627848,75627851
17091,17091,4,,,,,,75627859,75627860
17091,17091,4,,,,,,75627865,75627874
17091,17091,4,,,,,,75627882,75627840
17091,17091,4,,,,,,75627841,75627835
17091,17091,4,,,,,,75627829,75627805
17091,17091,4,,,,,,75627802,75627809
17091,17091,4,,,,,,75627757,75627772
17091,17091,4,,,,,,75627774,75627760
17091,17091,4,,,,,,75627722,75627733
17091,17091,4,,,,,,75627719,75627711
17091,17091,4,,,,,,75627714,75627690
17091,17091,4,,,,,,75627696,75627699
17091,17091,4,,,,,,75627706,75627681
17091,17091,4,,,,,,75627686,75627688
17091,17091,4,,,,,,75627908,75627901
17091,17091,4,,,,,,75627903,75627895
17091,17091,4,,,,,,75627899,75627904
17091,17091,4,,,,,,75627892,75627850
17091,17091,4,,,,,,75627856,75627866
17091,17091,4,,,,,,75627867,75627873
17091,17091,4,,,,,,75627879,75627878
17091,17091,4,,,,,,75627844,75627831
17091,17091,4,,,,,,75627828,75627797
17091,17091,4,,,,,,75627793,75627800
17091,17091,4,,,,,,75627812,75627758
17091,17091,4,,,,,,75627766,75627764
17091,17091,4,,,,,,75627729,75627731
17091,17091,4,,,,,,75627730,75627716
17091,17091,4,,,,,,75627715,75627691
17091,17091,4,,,,,,75627698,75627701
17091,17091,4,,,,,,75627704,75627703
17091,17091,4,,,,,,75627689,75627682
17091,17091,4,,,,,,75627672,75627675
17091,17091,4,,,,,,75627898,75627902
17091,17091,4,,,,,,75627893,75627891
17091,17091,4,,,,,,75627906,75627852
17091,17091,4,,,,,,75627853,75627863
17091,17091,4,,,,,,75627858,75627861
17091,17091,4,,,,,,75627877,75627881
17091,17091,4,,,,,,75627845,75627834
17091,17091,4,,,,,,75627830,75627833
17091,17091,4,,,,,,75627804,75627799
17091,17091,4,,,,,,75627808,75627756
17091,17091,4,,,,,,75627773,75627767
17091,17091,4,,,,,,75627770,75627746
17091,17091,4,,,,,,75627720,75627712
17091,17091,4,,,,,,75627717,75627695
17091,17091,4,,,,,,75627693,75627697
17091,17091,4,,,,,,75627707,75627702
17091,17091,4,,,,,,75627710,75627709
17091,17091,4,,,,,,75627765,75627775
17091,17091,4,,,,,,75627771,75627776
17091,17091,4,,,,,,75627778,75627777
17091,17091,4,,,,,,75627779,75627780
17091,17091,4,,,,,,75627781,75627782
17091,17091,4,,,,,,75627788,75627784
17091,17091,4,,,,,,75627783,75627786
17091,17091,4,,,,,,75627785,75627790
17091,17091,4,,,,,,75627885,75627884
17091,17091,4,,,,,,75627888,75627883
17091,17091,4,,,,,,75627887,75627846
17091,17091,4,,,,,,75627837,75627839
17091,17091,4,,,,,,75627838,75627813
17091,17091,4,,,,,,75627811,75627815
17091,17091,4,,,,,,75627814,75627807
17091,17091,4,,,,,,75627817,75627816
17091,17091,4,,,,,,75627819,75627818
17091,17091,4,,,,,,75627820,75627821
17091,17091,4,,,,,,75627824,75627823
17091,17091,4,,,,,,75627744,75627752
17091,17091,4,,,,,,75627749,75627750
17091,17091,4,,,,,,75627751,75627753
17091,17091,4,,,,,,75627640,75627641
17091,17091,4,,,,,,75627910,75627911
17091,17091,4,,,,,,75627914,75627918
17091,17091,4,,,,,,75627917,75627855
17091,17091,4,,,,,,75627871,75627870
17091,17091,4,,,,,,75627857,75627869
17091,17091,4,,,,,,75627872,75627880
17091,17091,4,,,,,,75627875,75627843
17091,17091,4,,,,,,75627827,75627825
17091,17091,4,,,,,,75627803,75627801
17091,17091,4,,,,,,75627806,75627755
17091,17091,4,,,,,,75627762,75627763
17091,17091,4,,,,,,75627761,75627727
17091,17091,4,,,,,,75627726,75627728
17091,17091,4,,,,,,75627732,75627734
17091,17091,4,,,,,,75627735,75627747
17091,17091,4,,,,,,75627736,75627737
17091,17091,4,,,,,,75627742,75627748
17091,17091,4,,,,,,75627741,75627740
17091,17091,4,,,,,,75627739,75627738
17091,17091,4,,,,,,75627743,75627745
17091,17091,4,,,,,,75627669,75627673
17091,17091,4,,,,,,75627676,75627677
17091,17091,4,,,,,,75627679,75627678
17091,17091,4,,,,,,75627680,75627684
17091,17091,4,,,,,,75627789,75627791
17091,17091,4,,,,,,75627794,75627792
17091,17091,4,,,,,,75627787,75627795
17091,17091,4,,,,,,75627659,75627666
17091,17091,4,,,,,,75627665,75627664
17091,17091,4,,,,,,75627663,75627662
17091,17091,4,,,,,,75627648,75627639
17091,17091,4,,,,,,76917764,76917758
17091,17091,4,,,,,,76917769,76917763
17091,17091,4,,,,,,76917754,76917786
17091,17091,4,,,,,,76917775,76917773
17091,17091,4,,,,,,76917783,76917785
17091,17091,4,,,,,,76917751,76917770
17091,17091,4,,,,,,76917760,76917772
17091,17091,4,,,,,,76917778,76917774
17091,17091,4,,,,,,76917712,76917722
17091,17091,4,,,,,,76917651,76917654
17091,17091,4,,,,,,76917556,76917557
17091,17091,4,,,,,,76917563,76917562
17091,17091,4,,,,,,76917565,76917571
17091,17091,4,,,,,,76917805,76917779
17091,17091,4,,,,,,76917724,76917726
17091,17091,4,,,,,,76917670,76917674
17091,17091,4,,,,,,76917597,76917596
17091,17091,4,,,,,,76917607,76917604
17091,17091,4,,,,,,76917511,76917514
17091,17091,4,,,,,,76917515,76917512
17091,17091,4,,,,,,76917516,76917517
17091,17091,4,,,,,,76917518,76917519
17091,17091,4,,,,,,76917521,76917520
17091,17091,4,,,,,,76917522,76917524
17091,17091,4,,,,,,76917523,76917534
17091,17091,4,,,,,,76917543,76917546
17091,17091,4,,,,,,76917756,76917768
17091,17091,4,,,,,,76917708,76917711
17091,17091,4,,,,,,76917665,76917664
17091,17091,4,,,,,,76917564,76917570
17091,17091,4,,,,,,76917566,76917574
17091,17091,4,,,,,,76917578,76917580
17091,17091,4,,,,,,76917767,76917771
17091,17091,4,,,,,,76917729,76917725
17091,17091,4,,,,,,76917678,76917675
17091,17091,4,,,,,,76917602,76917603
17091,17091,4,,,,,,76917609,76917612
17091,17091,4,,,,,,76917616,76917617
17091,17091,4,,,,,,76917791,76917795
17091,17091,4,,,,,,76917738,76917739
17091,17091,4,,,,,,76917685,76917687
17091,17091,4,,,,,,76917528,76917537
17091,17091,4,,,,,,76917526,76917525
17091,17091,4,,,,,,76917533,76917536
17091,17091,4,,,,,,76917532,76917535
17091,17091,4,,,,,,76917531,76917530
17091,17091,4,,,,,,76917527,76917529
17091,17091,4,,,,,,76917538,76917539
17091,17091,4,,,,,,76917541,76917547
17091,17091,4,,,,,,76917548,76917549
17091,17091,4,,,,,,76917780,76917755
17091,17091,4,,,,,,76917720,76917721
17091,17091,4,,,,,,76917666,76917668
17091,17091,4,,,,,,76917567,76917572
17091,17091,4,,,,,,76917579,76917575
17091,17091,4,,,,,,76917588,76917584
17091,17091,4,,,,,,76917753,76917776
17091,17091,4,,,,,,76917730,76917731
17091,17091,4,,,,,,76917680,76917677
17091,17091,4,,,,,,76917611,76917610
17091,17091,4,,,,,,76917614,76917615
17091,17091,4,,,,,,76917621,76917623
17091,17091,4,,,,,,76917796,76917793
17091,17091,4,,,,,,76917741,76917745
17091,17091,4,,,,,,76917792,76917788
17091,17091,4,,,,,,76917734,76917733
17091,17091,4,,,,,,76917683,76917684
17091,17091,4,,,,,,76917624,76917622
17091,17091,4,,,,,,76917630,76917627
17091,17091,4,,,,,,76917632,76917634
17091,17091,4,,,,,,76917660,76917661
17091,17091,4,,,,,,76917659,76917657
17091,17091,4,,,,,,76917655,76917662
17091,17091,4,,,,,,76917648,76917646
17091,17091,4,,,,,,76917653,76917656
17091,17091,4,,,,,,76917652,76917649
17091,17091,4,,,,,,76917647,76917663
17091,17091,4,,,,,,76917545,76917544
17091,17091,4,,,,,,76917551,76917553
17091,17091,4,,,,,,76917554,76917558
17091,17091,4,,,,,,76917759,76917757
17091,17091,4,,,,,,76917719,76917723
17091,17091,4,,,,,,76917568,76917581
17091,17091,4,,,,,,76917577,76917573
17091,17091,4,,,,,,76917585,76917586
17091,17091,4,,,,,,76917592,76917591
17091,17091,4,,,,,,76917787,76917777
17091,17091,4,,,,,,76917732,76917736
17091,17091,4,,,,,,76917679,76917681
17091,17091,4,,,,,,76917618,76917619
17091,17091,4,,,,,,76917620,76917625
17091,17091,4,,,,,,76917927,76917700
17091,17091,4,,,,,,76917702,76917703
17091,17091,4,,,,,,76917710,76917717
17091,17091,4,,,,,,76917704,76917706
17091,17091,4,,,,,,76917705,76917713
17091,17091,4,,,,,,76917714,76917718
17091,17091,4,,,,,,76917707,76917715
17091,17091,4,,,,,,76917709,76917716
17091,17091,4,,,,,,76917650,76917658
17091,17091,4,,,,,,76917552,76917550
17091,17091,4,,,,,,76917555,76917559
17091,17091,4,,,,,,76917560,76917561
17091,17091,4,,,,,,76917766,76917765
17091,17091,4,,,,,,76917672,76917671
17091,17091,4,,,,,,76917576,76917582
17091,17091,4,,,,,,76917587,76917583
17091,17091,4,,,,,,76917594,76917595
17091,17091,4,,,,,,76917601,76917600
17091,17091,4,,,,,,76917728,76917727
17091,17091,4,,,,,,76917673,76917669
17091,17091,4,,,,,,76917589,76917590
17091,17091,4,,,,,,76917598,76917593
17091,17091,4,,,,,,76917599,76917606
17091,17091,4,,,,,,76917608,76917613
17091,17091,4,,,,,,76917790,76917789
17091,17091,4,,,,,,76917737,76917740
17091,17091,4,,,,,,76917682,76917686
17091,17091,4,,,,,,76917628,76917631
17091,17091,4,,,,,,76917633,76917637
17091,17091,4,,,,,,76917626,76917629
17091,17091,4,,,,,,76917794,76917800
17091,17091,4,,,,,,76917798,76917799
17091,17091,4,,,,,,76917803,76917801
17091,17091,4,,,,,,76917802,76917804
17091,17091,4,,,,,,76917797,76917762
17091,17091,4,,,,,,76917690,76917688
17091,17091,4,,,,,,76917691,76917689
17091,17091,4,,,,,,76917694,76917692
17091,17091,4,,,,,,76917693,76917645
17091,17091,4,,,,,,76917676,76917667
17091,17091,4,,,,,,76917697,76917695
17091,17091,4,,,,,,76917746,76917743
17091,17091,4,,,,,,76917749,76917742
17091,17091,4,,,,,,76917744,76917747
17091,17091,4,,,,,,76917699,76917748
17091,17091,4,,,,,,76917735,76917701
17091,17091,4,,,,,,76917635,76917636
17091,17091,4,,,,,,76917642,76917640
17091,17091,4,,,,,,76917643,76917639
17091,17091,4,,,,,,76917644,76917641
17091,17091,4,,,,,,76917696,76917698
17091,17091,4,,,,,,76917750,76917752
17091,17091,4,,,,,,77130432,77130433
17091,17091,4,,,,,,77130428,77130425
17091,17091,4,,,,,,77130440,77130386
17091,17091,4,,,,,,77130387,77130397
17091,17091,4,,,,,,77130393,77130392
17091,17091,4,,,,,,77130412,77130415
17091,17091,4,,,,,,77130376,77130368
17091,17091,4,,,,,,77130365,77130367
17091,17091,4,,,,,,77130338,77130333
17091,17091,4,,,,,,77130343,77130287
17091,17091,4,,,,,,77130308,77130301
17091,17091,4,,,,,,77130304,77130280
17091,17091,4,,,,,,77130255,77130246
17091,17091,4,,,,,,77130251,77130229
17091,17091,4,,,,,,77130227,77130231
17091,17091,4,,,,,,77130241,77130237
17091,17091,4,,,,,,77130244,77130243
17091,17091,4,,,,,,77130442,77130436
17091,17091,4,,,,,,77130437,77130430
17091,17091,4,,,,,,77130434,77130438
17091,17091,4,,,,,,77130426,77130384
17091,17091,4,,,,,,77130390,77130401
17091,17091,4,,,,,,77130398,77130407
17091,17091,4,,,,,,77130414,77130413
17091,17091,4,,,,,,77130379,77130366
17091,17091,4,,,,,,77130362,77130328
17091,17091,4,,,,,,77130327,77130334
17091,17091,4,,,,,,77130346,77130292
17091,17091,4,,,,,,77130300,77130298
17091,17091,4,,,,,,77130263,77130265
17091,17091,4,,,,,,77130264,77130250
17091,17091,4,,,,,,77130249,77130226
17091,17091,4,,,,,,77130232,77130235
17091,17091,4,,,,,,77130239,77130238
17091,17091,4,,,,,,77130224,77130216
17091,17091,4,,,,,,77130206,77130209
17091,17091,4,,,,,,77130423,77130429
17091,17091,4,,,,,,77130435,77130424
17091,17091,4,,,,,,77130382,77130385
17091,17091,4,,,,,,77130394,77130395
17091,17091,4,,,,,,77130400,77130408
17091,17091,4,,,,,,77130416,77130374
17091,17091,4,,,,,,77130375,77130369
17091,17091,4,,,,,,77130364,77130339
17091,17091,4,,,,,,77130336,77130344
17091,17091,4,,,,,,77130291,77130307
17091,17091,4,,,,,,77130309,77130295
17091,17091,4,,,,,,77130256,77130267
17091,17091,4,,,,,,77130254,77130245
17091,17091,4,,,,,,77130248,77130225
17091,17091,4,,,,,,77130230,77130233
17091,17091,4,,,,,,77130240,77130215
17091,17091,4,,,,,,77130217,77130222
17091,17091,4,,,,,,77130453,77130454
17091,17091,4,,,,,,77130450,77130441
17091,17091,4,,,,,,77130447,77130448
17091,17091,4,,,,,,77130381,77130383
17091,17091,4,,,,,,77130399,77130396
17091,17091,4,,,,,,77130388,77130402
17091,17091,4,,,,,,77130410,77130377
17091,17091,4,,,,,,77130363,77130357
17091,17091,4,,,,,,77130370,77130331
17091,17091,4,,,,,,77130332,77130341
17091,17091,4,,,,,,77130289,77130302
17091,17091,4,,,,,,77130303,77130257
17091,17091,4,,,,,,77130259,77130252
17091,17091,4,,,,,,77130260,77130247
17091,17091,4,,,,,,77130253,77130223
17091,17091,4,,,,,,77130228,77130234
17091,17091,4,,,,,,77130236,77130220
17091,17091,4,,,,,,77130221,77130205
17091,17091,4,,,,,,77130208,77130218
17091,17091,4,,,,,,77130444,77130445
17091,17091,4,,,,,,77130449,77130452
17091,17091,4,,,,,,77130451,77130389
17091,17091,4,,,,,,77130405,77130404
17091,17091,4,,,,,,77130391,77130403
17091,17091,4,,,,,,77130406,77130411
17091,17091,4,,,,,,77130409,77130378
17091,17091,4,,,,,,77130361,77130360
17091,17091,4,,,,,,77130337,77130335
17091,17091,4,,,,,,77130340,77130290
17091,17091,4,,,,,,77130293,77130297
17091,17091,4,,,,,,77130296,77130258
17091,17091,4,,,,,,77130261,77130262
17091,17091,4,,,,,,77130266,77130268
17091,17091,4,,,,,,77130269,77130281
17091,17091,4,,,,,,77130270,77130272
17091,17091,4,,,,,,77130276,77130282
17091,17091,4,,,,,,77130275,77130271
17091,17091,4,,,,,,77130274,77130273
17091,17091,4,,,,,,77130277,77130279
17091,17091,4,,,,,,77130299,77130306
17091,17091,4,,,,,,77130305,77130310
17091,17091,4,,,,,,77130312,77130311
17091,17091,4,,,,,,77130313,77130314
17091,17091,4,,,,,,77130315,77130316
17091,17091,4,,,,,,77130323,77130318
17091,17091,4,,,,,,77130317,77130320
17091,17091,4,,,,,,77130319,77130325
17091,17091,4,,,,,,77130419,77130418
17091,17091,4,,,,,,77130422,77130417
17091,17091,4,,,,,,77130421,77130380
17091,17091,4,,,,,,77130371,77130373
17091,17091,4,,,,,,77130372,77130347
17091,17091,4,,,,,,77130345,77130349
17091,17091,4,,,,,,77130348,77130342
17091,17091,4,,,,,,77130351,77130350
17091,17091,4,,,,,,77130353,77130352
17091,17091,4,,,,,,77130354,77130355
17091,17091,4,,,,,,77130359,77130358
17091,17091,4,,,,,,77130201,77130207
17091,17091,4,,,,,,77130210,77130211
17091,17091,4,,,,,,77130213,77130212
17091,17091,4,,,,,,77130214,77130219
17091,17091,4,,,,,,77130202,77130203
17091,17091,4,,,,,,77130195,77130200
17091,17091,4,,,,,,77130199,77130198
17091,17091,4,,,,,,77130197,77130196
17091,17091,4,,,,,,77130193,77130187
17091,17091,4,,,,,,77130324,77130322
17091,17091,4,,,,,,77130329,77130326
17091,17091,4,,,,,,77130321,77130330
17091,17091,4,,,,,,77130278,77130286
17091,17091,4,,,,,,77130283,77130284
17091,17091,4,,,,,,77130285,77130288
17091,17091,4,,,,,,77130188,77130189
17091,17091,4,,,,,,77111229,77110935
17091,17091,4,,,,,,77111153,77111150
17091,17091,4,,,,,,77111086,77111088
17091,17091,4,,,,,,77111060,77111059
17091,17091,4,,,,,,77111033,77111027
17091,17091,4,,,,,,77110959,77110952
17091,17091,4,,,,,,77110961,77110958
17091,17091,4,,,,,,77110969,77110965
17091,17091,4,,,,,,77111223,77111219
17091,17091,4,,,,,,77111090,77111087
17091,17091,4,,,,,,77111089,77111085
17091,17091,4,,,,,,77111093,77111092
17091,17091,4,,,,,,77111094,77111095
17091,17091,4,,,,,,77111096,77111101
17091,17091,4,,,,,,77111097,77111098
17091,17091,4,,,,,,77111066,77111062
17091,17091,4,,,,,,77111133,77111135
17091,17091,4,,,,,,77111227,77110968
17091,17091,4,,,,,,77110938,77110936
17091,17091,4,,,,,,77111154,77111152
17091,17091,4,,,,,,77111100,77111091
17091,17091,4,,,,,,77111073,77111068
17091,17091,4,,,,,,77110987,77110992
17091,17091,4,,,,,,77110955,77110956
17091,17091,4,,,,,,77110967,77110964
17091,17091,4,,,,,,77110982,77110979
17091,17091,4,,,,,,77111158,77111160
17091,17091,4,,,,,,77111162,77111161
17091,17091,4,,,,,,77111157,77111163
17091,17091,4,,,,,,77111166,77111164
17091,17091,4,,,,,,77111167,77111168
17091,17091,4,,,,,,77111228,77110934
17091,17091,4,,,,,,77110939,77110953
17091,17091,4,,,,,,77110940,77110941
17091,17091,4,,,,,,77111156,77111155
17091,17091,4,,,,,,77111109,77111115
17091,17091,4,,,,,,77111076,77111074
17091,17091,4,,,,,,77110988,77110986
17091,17091,4,,,,,,77110949,77110957
17091,17091,4,,,,,,77110977,77110976
17091,17091,4,,,,,,77110984,77110983
17091,17091,4,,,,,,77110995,77110994
17091,17091,4,,,,,,77111000,77110990
17091,17091,4,,,,,,77111012,77111010
17091,17091,4,,,,,,77111004,77111014
17091,17091,4,,,,,,77111169,77111193
17091,17091,4,,,,,,77111102,77111099
17091,17091,4,,,,,,77111132,77111128
17091,17091,4,,,,,,77111140,77111139
17091,17091,4,,,,,,77111009,77110996
17091,17091,4,,,,,,77110943,77110970
17091,17091,4,,,,,,77110937,77110954
17091,17091,4,,,,,,77110948,77110947
17091,17091,4,,,,,,77111165,77111159
17091,17091,4,,,,,,77111134,77111137
17091,17091,4,,,,,,77111039,77111036
17091,17091,4,,,,,,77110989,77110985
17091,17091,4,,,,,,77110975,77110973
17091,17091,4,,,,,,77110981,77110980
17091,17091,4,,,,,,77111028,77111026
17091,17091,4,,,,,,77110991,77110999
17091,17091,4,,,,,,77111007,77111003
17091,17091,4,,,,,,77111002,77111051
17091,17091,4,,,,,,77111052,77111054
17091,17091,4,,,,,,77111170,77111173
17091,17091,4,,,,,,77111111,77111116
17091,17091,4,,,,,,77111145,77111136
17091,17091,4,,,,,,77111110,77111125
17091,17091,4,,,,,,77111005,77111013
17091,17091,4,,,,,,77111001,77111048
17091,17091,4,,,,,,77111057,77111053
17091,17091,4,,,,,,77111104,77111107
17091,17091,4,,,,,,77111177,77111174
17091,17091,4,,,,,,77111131,77111127
17091,17091,4,,,,,,77111040,77111038
17091,17091,4,,,,,,77111015,77111011
17091,17091,4,,,,,,77110972,77110971
17091,17091,4,,,,,,77110944,77110946
17091,17091,4,,,,,,77110962,77110960
17091,17091,4,,,,,,77111172,77111171
17091,17091,4,,,,,,77111147,77111141
17091,17091,4,,,,,,77111035,77111037
17091,17091,4,,,,,,77110998,77110993
17091,17091,4,,,,,,77110978,77110974
17091,17091,4,,,,,,77111022,77111020
17091,17091,4,,,,,,77111030,77111029
17091,17091,4,,,,,,77111032,77111031
17091,17091,4,,,,,,77111078,77111075
17091,17091,4,,,,,,77111056,77111058
17091,17091,4,,,,,,77111103,77111106
17091,17091,4,,,,,,77111113,77111112
17091,17091,4,,,,,,77111176,77111175
17091,17091,4,,,,,,77111008,77110997
17091,17091,4,,,,,,77111017,77111018
17091,17091,4,,,,,,77111025,77111021
17091,17091,4,,,,,,77111016,77111024
17091,17091,4,,,,,,77111069,77111071
17091,17091,4,,,,,,77111079,77111077
17091,17091,4,,,,,,77111108,77111105
17091,17091,4,,,,,,77111119,77111120
17091,17091,4,,,,,,77111122,77111117
17091,17091,4,,,,,,77111178,77111180
17091,17091,4,,,,,,77111082,77111081
17091,17091,4,,,,,,77111045,77111047
17091,17091,4,,,,,,77111023,77111019
17091,17091,4,,,,,,77110942,77110945
17091,17091,4,,,,,,77110950,77110951
17091,17091,4,,,,,,77110966,77110963
17091,17091,4,,,,,,77111184,77111149
17091,17091,4,,,,,,77111083,77111084
17091,17091,4,,,,,,77111042,77111043
17091,17091,4,,,,,,77111044,77111046
17091,17091,4,,,,,,77111050,77111049
17091,17091,4,,,,,,77111067,77111055
17091,17091,4,,,,,,77111061,77111063
17091,17091,4,,,,,,77111064,77111065
17091,17091,4,,,,,,77111070,77111072
17091,17091,4,,,,,,77111146,77111142
17091,17091,4,,,,,,77111121,77111114
17091,17091,4,,,,,,77111126,77111123
17091,17091,4,,,,,,77111130,77111181
17091,17091,4,,,,,,77111196,77111207
17091,17091,4,,,,,,77111210,77111202
17091,17091,4,,,,,,77111213,77111217
17091,17091,4,,,,,,77111118,77111124
17091,17091,4,,,,,,77111179,77111186
17091,17091,4,,,,,,77111194,77111188
17091,17091,4,,,,,,77111189,77111197
17091,17091,4,,,,,,77111218,77111215
17091,17091,4,,,,,,77111144,77111138
17091,17091,4,,,,,,77111206,77111208
17091,17091,4,,,,,,77111185,77111201
17091,17091,4,,,,,,77111195,77111199
17091,17091,4,,,,,,77111214,77111220
17091,17091,4,,,,,,77111129,77111143
17091,17091,4,,,,,,77111187,77111198
17091,17091,4,,,,,,77111183,77111190
17091,17091,4,,,,,,77111212,77111200
17091,17091,4,,,,,,77111222,77111221
17091,17091,4,,,,,,77111241,77111242
17091,17091,4,,,,,,77111191,77111204
17091,17091,4,,,,,,77111209,77111211
17091,17091,4,,,,,,77111205,77111192
17091,17091,4,,,,,,77111203,77111226
17091,17091,4,,,,,,77111240,77111245
17091,17091,4,,,,,,77140904,77140906
17091,17091,4,,,,,,77140900,77140880
17091,17091,4,,,,,,77140853,77140850
17091,17091,4,,,,,,77140852,77140847
17091,17091,4,,,,,,77140844,77140840
17091,17091,4,,,,,,77140842,77140838
17091,17091,4,,,,,,77140836,77140833
17091,17091,4,,,,,,77140832,77140831
17091,17091,4,,,,,,77140828,77140823
17091,17091,4,,,,,,77140826,77140825
17091,17091,4,,,,,,77140795,77140794
17091,17091,4,,,,,,77140797,77140767
17091,17091,4,,,,,,77140771,77140769
17091,17091,4,,,,,,77140773,77140777
17091,17091,4,,,,,,77140780,77140775
17091,17091,4,,,,,,77140776,77140790
17091,17091,4,,,,,,77140787,77140788
17091,17091,4,,,,,,77140910,77140907
17091,17091,4,,,,,,77140905,77140902
17091,17091,4,,,,,,77140881,77140882
17091,17091,4,,,,,,77140854,77140849
17091,17091,4,,,,,,77140848,77140846
17091,17091,4,,,,,,77140845,77140841
17091,17091,4,,,,,,77140843,77140839
17091,17091,4,,,,,,77140837,77140834
17091,17091,4,,,,,,77140835,77140830
17091,17091,4,,,,,,77140829,77140824
17091,17091,4,,,,,,77140827,77140821
17091,17091,4,,,,,,77140793,77140796
17091,17091,4,,,,,,77140799,77140770
17091,17091,4,,,,,,77140768,77140772
17091,17091,4,,,,,,77140774,77140781
17091,17091,4,,,,,,77140778,77140779
17091,17091,4,,,,,,77140782,77140791
17091,17091,4,,,,,,77140783,77140792
17091,17091,4,,,,,,77140786,77140784
17091,17091,4,,,,,,77140789,77140761
17091,17091,4,,,,,,77141008,77141005
17091,17091,4,,,,,,77141006,77141003
17091,17091,4,,,,,,77141004,77141009
17091,17091,4,,,,,,77141010,77141014
17091,17091,4,,,,,,77141011,77141015
17091,17091,4,,,,,,77141013,77141012
17091,17091,4,,,,,,77141018,77141019
17091,17091,4,,,,,,77141016,77141017
17091,17091,4,,,,,,77141020,77141022
17091,17091,4,,,,,,77141021,77140991
17091,17091,4,,,,,,77140988,77141023
17091,17091,4,,,,,,77140990,77140993
17091,17091,4,,,,,,77140992,77140989
17091,17091,4,,,,,,77140998,77140994
17091,17091,4,,,,,,77140995,77140999
17091,17091,4,,,,,,77141001,77141000
17091,17091,4,,,,,,77141002,77140997
17091,17091,4,,,,,,77140965,77140964
17091,17091,4,,,,,,77140976,77140971
17091,17091,4,,,,,,77140969,77140972
17091,17091,4,,,,,,77140970,77140968
17091,17091,4,,,,,,77140974,77140973
17091,17091,4,,,,,,77140978,77140975
17091,17091,4,,,,,,77140979,77140980
17091,17091,4,,,,,,77140985,77140982
17091,17091,4,,,,,,77140983,77140981
17091,17091,4,,,,,,77140984,77140987
17091,17091,4,,,,,,77140986,77140946
17091,17091,4,,,,,,77140942,77140939
17091,17091,4,,,,,,77140941,77140947
17091,17091,4,,,,,,77140940,77140943
17091,17091,4,,,,,,77140950,77140948
17091,17091,4,,,,,,77140949,77140944
17091,17091,4,,,,,,77140951,77140945
17091,17091,4,,,,,,77140953,77140954
17091,17091,4,,,,,,77140952,77140955
17091,17091,4,,,,,,77140909,77140908
17091,17091,4,,,,,,77140896,77140891
17091,17091,4,,,,,,77140885,77140883
17091,17091,4,,,,,,77140887,77140886
17091,17091,4,,,,,,77140884,77140888
17091,17091,4,,,,,,77140892,77140889
17091,17091,4,,,,,,77140890,77140895
17091,17091,4,,,,,,77140897,77140898
17091,17091,4,,,,,,77140894,77140893
17091,17091,4,,,,,,77140899,77140901
17091,17091,4,,,,,,77140856,77140855
17091,17091,4,,,,,,77140851,77140858
17091,17091,4,,,,,,77140860,77140859
17091,17091,4,,,,,,77140857,77140861
17091,17091,4,,,,,,77140864,77140863
17091,17091,4,,,,,,77140866,77140865
17091,17091,4,,,,,,77140862,77140871
17091,17091,4,,,,,,77140870,77140867
17091,17091,4,,,,,,77140869,77140868
17091,17091,4,,,,,,77140873,77140872
17091,17091,4,,,,,,77140801,77140798
17091,17091,4,,,,,,77140803,77140802
17091,17091,4,,,,,,77140805,77140804
17091,17091,4,,,,,,77140806,77140807
17091,17091,4,,,,,,77140808,77140809
17091,17091,4,,,,,,77140811,77140814
17091,17091,4,,,,,,77140813,77140810
17091,17091,4,,,,,,77140812,77140815
17091,17091,4,,,,,,77140926,77140916
17091,17091,4,,,,,,77140914,77140920
17091,17091,4,,,,,,77140921,77140919
17091,17091,4,,,,,,77140928,77140918
17091,17091,4,,,,,,77140927,77140924
17091,17091,4,,,,,,77140922,77140925
17091,17091,4,,,,,,77140923,77140917
17091,17091,4,,,,,,77140932,77140931
17091,17091,4,,,,,,77140929,77140930
17091,17091,4,,,,,,77140933,77140935
17091,17091,4,,,,,,77140937,77140934
17091,17091,4,,,,,,77140956,77140957
17091,17091,4,,,,,,77140960,77140958
17091,17091,4,,,,,,77140959,77140961
17091,17091,4,,,,,,77140962,77140963
17091,17091,4,,,,,,77140816,77140818
17091,17091,4,,,,,,77140819,77140817
17091,17091,4,,,,,,77140822,77140820
17091,17091,4,,,,,,77140762,77140763
17091,17091,4,,,,,,77140766,77140764
17091,17091,4,,,,,,77140765,77140760
17091,17091,4,,,,,,77140878,77140876
17091,17091,4,,,,,,77140875,77140879
17091,17091,4,,,,,,77140877,77140874
17091,17091,4,,,,,,77172759,77172732
17091,17091,4,,,,,,77172730,77172728
17091,17091,4,,,,,,77172726,77172722
17091,17091,4,,,,,,77172723,77172724
17091,17091,4,,,,,,77172717,77172712
17091,17091,4,,,,,,77172714,77172713
17091,17091,4,,,,,,77172709,77172710
17091,17091,4,,,,,,77172708,77172711
17091,17091,4,,,,,,77172705,77172706
17091,17091,4,,,,,,77172707,77172698
17091,17091,4,,,,,,77172704,77172702
17091,17091,4,,,,,,77172703,77172697
17091,17091,4,,,,,,77172692,77172690
17091,17091,4,,,,,,77172689,77172701
17091,17091,4,,,,,,77172699,77172700
17091,17091,4,,,,,,77172696,77172691
17091,17091,4,,,,,,77172694,77172693
17091,17091,4,,,,,,77172761,77172760
17091,17091,4,,,,,,77172757,77172731
17091,17091,4,,,,,,77172729,77172727
17091,17091,4,,,,,,77172725,77172718
17091,17091,4,,,,,,77172721,77172719
17091,17091,4,,,,,,77172720,77172716
17091,17091,4,,,,,,77172715,77172688
17091,17091,4,,,,,,77172687,77172686
17091,17091,4,,,,,,77172682,77172681
17091,17091,4,,,,,,77172683,77172685
17091,17091,4,,,,,,77172684,77172663
17091,17091,4,,,,,,77172680,77172660
17091,17091,4,,,,,,77172661,77172662
17091,17091,4,,,,,,77172656,77172657
17091,17091,4,,,,,,77172658,77172675
17091,17091,4,,,,,,77172677,77172676
17091,17091,4,,,,,,77172655,77172659
17091,17091,4,,,,,,77172678,77172670
17091,17091,4,,,,,,77172668,77172664
17091,17091,4,,,,,,77172920,77172922
17091,17091,4,,,,,,77172923,77172921
17091,17091,4,,,,,,77172914,77172909
17091,17091,4,,,,,,77172919,77172916
17091,17091,4,,,,,,77172915,77172917
17091,17091,4,,,,,,77172918,77172913
17091,17091,4,,,,,,77172912,77172911
17091,17091,4,,,,,,77172910,77172907
17091,17091,4,,,,,,77172908,77172906
17091,17091,4,,,,,,77172895,77172905
17091,17091,4,,,,,,77172904,77172896
17091,17091,4,,,,,,77172891,77172894
17091,17091,4,,,,,,77172890,77172892
17091,17091,4,,,,,,77172893,77172902
17091,17091,4,,,,,,77172903,77172901
17091,17091,4,,,,,,77172889,77172899
17091,17091,4,,,,,,77172897,77172898
17091,17091,4,,,,,,77172871,77172866
17091,17091,4,,,,,,77172868,77172869
17091,17091,4,,,,,,77172867,77172870
17091,17091,4,,,,,,77172883,77172879
17091,17091,4,,,,,,77172885,77172884
17091,17091,4,,,,,,77172880,77172886
17091,17091,4,,,,,,77172887,77172881
17091,17091,4,,,,,,77172878,77172877
17091,17091,4,,,,,,77172882,77172874
17091,17091,4,,,,,,77172875,77172876
17091,17091,4,,,,,,77172845,77172872
17091,17091,4,,,,,,77172873,77172840
17091,17091,4,,,,,,77172842,77172838
17091,17091,4,,,,,,77172843,77172839
17091,17091,4,,,,,,77172844,77172862
17091,17091,4,,,,,,77172861,77172863
17091,17091,4,,,,,,77172841,77172859
17091,17091,4,,,,,,77172860,77172856
17091,17091,4,,,,,,77172852,77172857
17091,17091,4,,,,,,77172795,77172797
17091,17091,4,,,,,,77172792,77172793
17091,17091,4,,,,,,77172798,77172804
17091,17091,4,,,,,,77172808,77172809
17091,17091,4,,,,,,77172802,77172805
17091,17091,4,,,,,,77172812,77172811
17091,17091,4,,,,,,77172810,77172803
17091,17091,4,,,,,,77172807,77172801
17091,17091,4,,,,,,77172806,77172800
17091,17091,4,,,,,,77172799,77172788
17091,17091,4,,,,,,77172785,77172786
17091,17091,4,,,,,,77172789,77172764
17091,17091,4,,,,,,77172765,77172763
17091,17091,4,,,,,,77172775,77172769
17091,17091,4,,,,,,77172770,77172782
17091,17091,4,,,,,,77172768,77172783
17091,17091,4,,,,,,77172766,77172784
17091,17091,4,,,,,,77172777,77172776
17091,17091,4,,,,,,77172772,77172779
17091,17091,4,,,,,,77172780,77172778
17091,17091,4,,,,,,77172733,77172736
17091,17091,4,,,,,,77172744,77172743
17091,17091,4,,,,,,77172738,77172750
17091,17091,4,,,,,,77172745,77172746
17091,17091,4,,,,,,77172742,77172749
17091,17091,4,,,,,,77172751,77172748
17091,17091,4,,,,,,77172747,77172739
17091,17091,4,,,,,,77172740,77172754
17091,17091,4,,,,,,77172832,77172834
17091,17091,4,,,,,,77172837,77172833
17091,17091,4,,,,,,77172836,77172830
17091,17091,4,,,,,,77172831,77172829
17091,17091,4,,,,,,77172828,77172820
17091,17091,4,,,,,,77172814,77172823
17091,17091,4,,,,,,77172822,77172821
17091,17091,4,,,,,,77172817,77172824
17091,17091,4,,,,,,77172825,77172818
17091,17091,4,,,,,,77172819,77172827
17091,17091,4,,,,,,77172815,77172816
17091,17091,4,,,,,,77172665,77172671
17091,17091,4,,,,,,77172672,77172666
17091,17091,4,,,,,,77172667,77172674
17091,17091,4,,,,,,77172669,77172673
17091,17091,4,,,,,,77172854,77172858
17091,17091,4,,,,,,77172849,77172855
17091,17091,4,,,,,,77172853,77172850
17091,17091,4,,,,,,77172851,77172848
17091,17091,4,,,,,,77172846,77172847
17091,17091,4,,,,,,77172752,77172737
17091,17091,4,,,,,,77172753,77172755
17091,17091,4,,,,,,77172741,77172756
17091,17091,4,,,,,,77172781,77172767
17091,17091,4,,,,,,77172771,77172773
17091,17091,4,,,,,,77172774,77172787
17091,17091,4,,,,,,77172791,77172790
17091,17091,4,,,,,,76938461,76938455
17091,17091,4,,,,,,76938466,76938460
17091,17091,4,,,,,,76938451,76938483
17091,17091,4,,,,,,76938473,76938470
17091,17091,4,,,,,,76938480,76938482
17091,17091,4,,,,,,76938448,76938467
17091,17091,4,,,,,,76938457,76938469
17091,17091,4,,,,,,76938475,76938472
17091,17091,4,,,,,,76938409,76938419
17091,17091,4,,,,,,76938347,76938350
17091,17091,4,,,,,,76938253,76938250
17091,17091,4,,,,,,76938259,76938258
17091,17091,4,,,,,,76938261,76938267
17091,17091,4,,,,,,76938502,76938476
17091,17091,4,,,,,,76938421,76938423
17091,17091,4,,,,,,76938367,76938371
17091,17091,4,,,,,,76938293,76938292
17091,17091,4,,,,,,76938303,76938300
17091,17091,4,,,,,,76938209,76938211
17091,17091,4,,,,,,76938212,76938206
17091,17091,4,,,,,,76938213,76938215
17091,17091,4,,,,,,76938216,76938217
17091,17091,4,,,,,,76938218,76938214
17091,17091,4,,,,,,76938219,76938221
17091,17091,4,,,,,,76938220,76938231
17091,17091,4,,,,,,76938239,76938242
17091,17091,4,,,,,,76938453,76938465
17091,17091,4,,,,,,76938405,76938408
17091,17091,4,,,,,,76938363,76938362
17091,17091,4,,,,,,76938260,76938266
17091,17091,4,,,,,,76938262,76938270
17091,17091,4,,,,,,76938274,76938276
17091,17091,4,,,,,,76938464,76938468
17091,17091,4,,,,,,76938426,76938422
17091,17091,4,,,,,,76938375,76938372
17091,17091,4,,,,,,76938298,76938299
17091,17091,4,,,,,,76938305,76938308
17091,17091,4,,,,,,76938312,76938313
17091,17091,4,,,,,,76938488,76938492
17091,17091,4,,,,,,76938436,76938437
17091,17091,4,,,,,,76938382,76938384
17091,17091,4,,,,,,76938387,76938385
17091,17091,4,,,,,,76938388,76938386
17091,17091,4,,,,,,76938225,76938234
17091,17091,4,,,,,,76938223,76938222
17091,17091,4,,,,,,76938230,76938233
17091,17091,4,,,,,,76938229,76938232
17091,17091,4,,,,,,76938228,76938227
17091,17091,4,,,,,,76938224,76938226
17091,17091,4,,,,,,76938235,76938236
17091,17091,4,,,,,,76938237,76938243
17091,17091,4,,,,,,76938244,76938245
17091,17091,4,,,,,,76938477,76938452
17091,17091,4,,,,,,76938417,76938418
17091,17091,4,,,,,,76938360,76938365
17091,17091,4,,,,,,76938263,76938268
17091,17091,4,,,,,,76938275,76938271
17091,17091,4,,,,,,76938284,76938280
17091,17091,4,,,,,,76938450,76938474
17091,17091,4,,,,,,76938427,76938428
17091,17091,4,,,,,,76938377,76938374
17091,17091,4,,,,,,76938307,76938306
17091,17091,4,,,,,,76938310,76938311
17091,17091,4,,,,,,76938317,76938319
17091,17091,4,,,,,,76938493,76938490
17091,17091,4,,,,,,76938438,76938442
17091,17091,4,,,,,,76938489,76938485
17091,17091,4,,,,,,76938431,76938430
17091,17091,4,,,,,,76938380,76938381
17091,17091,4,,,,,,76938320,76938318
17091,17091,4,,,,,,76938323,76938324
17091,17091,4,,,,,,76938328,76938330
17091,17091,4,,,,,,76938357,76938358
17091,17091,4,,,,,,76938356,76938353
17091,17091,4,,,,,,76938351,76938359
17091,17091,4,,,,,,76938344,76938342
17091,17091,4,,,,,,76938349,76938352
17091,17091,4,,,,,,76938348,76938345
17091,17091,4,,,,,,76938343,76938361
17091,17091,4,,,,,,76938241,76938240
17091,17091,4,,,,,,76938247,76938249
17091,17091,4,,,,,,76938251,76938254
17091,17091,4,,,,,,76938456,76938454
17091,17091,4,,,,,,76938416,76938420
17091,17091,4,,,,,,76938264,76938277
17091,17091,4,,,,,,76938273,76938269
17091,17091,4,,,,,,76938281,76938282
17091,17091,4,,,,,,76938289,76938288
17091,17091,4,,,,,,76938484,76938471
17091,17091,4,,,,,,76938429,76938433
17091,17091,4,,,,,,76938376,76938378
17091,17091,4,,,,,,76938314,76938315
17091,17091,4,,,,,,76938316,76938321
17091,17091,4,,,,,,76938322,76938326
17091,17091,4,,,,,,76938491,76938497
17091,17091,4,,,,,,76938577,76938398
17091,17091,4,,,,,,76938400,76938397
17091,17091,4,,,,,,76938407,76938414
17091,17091,4,,,,,,76938401,76938403
17091,17091,4,,,,,,76938402,76938410
17091,17091,4,,,,,,76938411,76938415
17091,17091,4,,,,,,76938404,76938412
17091,17091,4,,,,,,76938406,76938413
17091,17091,4,,,,,,76938346,76938355
17091,17091,4,,,,,,76938248,76938246
17091,17091,4,,,,,,76938252,76938255
17091,17091,4,,,,,,76938256,76938257
17091,17091,4,,,,,,76938463,76938462
17091,17091,4,,,,,,76938369,76938368
17091,17091,4,,,,,,76938272,76938278
17091,17091,4,,,,,,76938283,76938279
17091,17091,4,,,,,,76938290,76938291
17091,17091,4,,,,,,76938297,76938296
17091,17091,4,,,,,,76938425,76938424
17091,17091,4,,,,,,76938370,76938366
17091,17091,4,,,,,,76938285,76938286
17091,17091,4,,,,,,76938294,76938287
17091,17091,4,,,,,,76938295,76938302
17091,17091,4,,,,,,76938304,76938309
17091,17091,4,,,,,,76938487,76938486
17091,17091,4,,,,,,76938435,76938434
17091,17091,4,,,,,,76938379,76938383
17091,17091,4,,,,,,76938325,76938327
17091,17091,4,,,,,,76938329,76938333
17091,17091,4,,,,,,76938443,76938440
17091,17091,4,,,,,,76938446,76938439
17091,17091,4,,,,,,76938441,76938444
17091,17091,4,,,,,,76938396,76938445
17091,17091,4,,,,,,76938432,76938399
17091,17091,4,,,,,,76938495,76938496
17091,17091,4,,,,,,76938500,76938498
17091,17091,4,,,,,,76938499,76938501
17091,17091,4,,,,,,76938494,76938459
17091,17091,4,,,,,,76938331,76938332
17091,17091,4,,,,,,76938338,76938336
17091,17091,4,,,,,,76938339,76938335
17091,17091,4,,,,,,76938340,76938337
17091,17091,4,,,,,,76938393,76938395
17091,17091,4,,,,,,76938447,76938449
17091,17091,4,,,,,,76938391,76938389
17091,17091,4,,,,,,76938390,76938341
17091,17091,4,,,,,,76938373,76938364
17091,17091,4,,,,,,76938394,76938392
17091,17091,4,,,,,,77134132,77134128
17091,17091,4,,,,,,77134140,77134133
17091,17091,4,,,,,,77134145,77134147
17091,17091,4,,,,,,77134151,77134161
17091,17091,4,,,,,,77134169,77134167
17091,17091,4,,,,,,77134188,77134197
17091,17091,4,,,,,,77134196,77134205
17091,17091,4,,,,,,77134210,77134212
17091,17091,4,,,,,,77134219,77134224
17091,17091,4,,,,,,77134231,77134229
17091,17091,4,,,,,,77134260,77134259
17091,17091,4,,,,,,77134273,77134274
17091,17091,4,,,,,,77134277,77134291
17091,17091,4,,,,,,77134298,77134306
17091,17091,4,,,,,,77134308,77134318
17091,17091,4,,,,,,77134321,77134333
17091,17091,4,,,,,,77134348,77134351
17091,17091,4,,,,,,77134156,77134152
17091,17091,4,,,,,,77134135,77134136
17091,17091,4,,,,,,77134137,77134141
17091,17091,4,,,,,,77134146,77134148
17091,17091,4,,,,,,77134162,77134159
17091,17091,4,,,,,,77134176,77134189
17091,17091,4,,,,,,77134195,77134198
17091,17091,4,,,,,,77134206,77134201
17091,17091,4,,,,,,77134213,77134221
17091,17091,4,,,,,,77134220,77134225
17091,17091,4,,,,,,77134234,77134230
17091,17091,4,,,,,,77134261,77134264
17091,17091,4,,,,,,77134270,77134284
17091,17091,4,,,,,,77134283,77134293
17091,17091,4,,,,,,77134301,77134310
17091,17091,4,,,,,,77134319,77134322
17091,17091,4,,,,,,77134326,77134334
17091,17091,4,,,,,,77134350,77134346
17091,17091,4,,,,,,77134349,77134357
17091,17091,4,,,,,,77134356,77134355
17091,17091,4,,,,,,77134142,77134143
17091,17091,4,,,,,,77134138,77134144
17091,17091,4,,,,,,77134149,77134150
17091,17091,4,,,,,,77134163,77134166
17091,17091,4,,,,,,77134170,77134190
17091,17091,4,,,,,,77134199,77134200
17091,17091,4,,,,,,77134207,77134204
17091,17091,4,,,,,,77134214,77134222
17091,17091,4,,,,,,77134227,77134236
17091,17091,4,,,,,,77134235,77134268
17091,17091,4,,,,,,77134267,77134237
17091,17091,4,,,,,,77134265,77134287
17091,17091,4,,,,,,77134280,77134288
17091,17091,4,,,,,,77134295,77134300
17091,17091,4,,,,,,77134313,77134320
17091,17091,4,,,,,,77134332,77134330
17091,17091,4,,,,,,77134341,77134340
17091,17091,4,,,,,,77134392,77134393
17091,17091,4,,,,,,77134175,77134154
17091,17091,4,,,,,,77134155,77134158
17091,17091,4,,,,,,77134157,77134153
17091,17091,4,,,,,,77134164,77134165
17091,17091,4,,,,,,77134173,77134180
17091,17091,4,,,,,,77134193,77134194
17091,17091,4,,,,,,77134203,77134208
17091,17091,4,,,,,,77134217,77134216
17091,17091,4,,,,,,77134223,77134232
17091,17091,4,,,,,,77134226,77134257
17091,17091,4,,,,,,77134263,77134262
17091,17091,4,,,,,,77134282,77134281
17091,17091,4,,,,,,77134292,77134290
17091,17091,4,,,,,,77134304,77134307
17091,17091,4,,,,,,77134315,77134317
17091,17091,4,,,,,,77134328,77134329
17091,17091,4,,,,,,77134345,77134347
17091,17091,4,,,,,,77134361,77134359
17091,17091,4,,,,,,77134362,77134366
17091,17091,4,,,,,,77134185,77134172
17091,17091,4,,,,,,77134182,77134186
17091,17091,4,,,,,,77134178,77134179
17091,17091,4,,,,,,77134184,77134183
17091,17091,4,,,,,,77134174,77134181
17091,17091,4,,,,,,77134187,77134191
17091,17091,4,,,,,,77134192,77134202
17091,17091,4,,,,,,77134209,77134211
17091,17091,4,,,,,,77134218,77134215
17091,17091,4,,,,,,77134228,77134233
17091,17091,4,,,,,,77134256,77134255
17091,17091,4,,,,,,77134245,77134269
17091,17091,4,,,,,,77134276,77134271
17091,17091,4,,,,,,77134289,77134297
17091,17091,4,,,,,,77134309,77134303
17091,17091,4,,,,,,77134323,77134324
17091,17091,4,,,,,,77134331,77134342
17091,17091,4,,,,,,77134337,77134338
17091,17091,4,,,,,,77134354,77134353
17091,17091,4,,,,,,77134364,77134363
17091,17091,4,,,,,,77134258,77134275
17091,17091,4,,,,,,77134279,77134278
17091,17091,4,,,,,,77134299,77134296
17091,17091,4,,,,,,77134305,77134314
17091,17091,4,,,,,,77134325,77134327
17091,17091,4,,,,,,77134336,77134352
17091,17091,4,,,,,,77134344,77134343
17091,17091,4,,,,,,77134360,77134358
17091,17091,4,,,,,,77134246,77134242
17091,17091,4,,,,,,77134243,77134247
17091,17091,4,,,,,,77134244,77134248
17091,17091,4,,,,,,77134240,77134239
17091,17091,4,,,,,,77134238,77134252
17091,17091,4,,,,,,77134250,77134253
17091,17091,4,,,,,,77134251,77134249
17091,17091,4,,,,,,77134266,77134272
17091,17091,4,,,,,,77134285,77134286
17091,17091,4,,,,,,77134294,77134302
17091,17091,4,,,,,,77134311,77134312
17091,17091,4,,,,,,77134371,77134369
17091,17091,4,,,,,,77134375,77134376
17091,17091,4,,,,,,77134378,77134385
17091,17091,4,,,,,,77134365,77134367
17091,17091,4,,,,,,77134374,77134370
17091,17091,4,,,,,,77134383,77134384
17091,17091,4,,,,,,77134372,77134368
17091,17091,4,,,,,,77134381,77134377
17091,17091,4,,,,,,77134388,77134387
17091,17091,4,,,,,,77134373,77134379
17091,17091,4,,,,,,77134382,77134380
17091,17091,4,,,,,,77134386,77134389
17091,17091,4,,,,,,76924758,76924756
17091,17091,4,,,,,,76924762,76924759
17091,17091,4,,,,,,76924764,76924761
17091,17091,4,,,,,,76924763,76924760
17091,17091,4,,,,,,76924765,76924767
17091,17091,4,,,,,,76924768,76924769
17091,17091,4,,,,,,76924771,76924770
17091,17091,4,,,,,,76924773,76924772
17091,17091,4,,,,,,76924775,76924774
17091,17091,4,,,,,,76924777,76924776
17091,17091,4,,,,,,76924778,76924779
17091,17091,4,,,,,,76924786,76924784
17091,17091,4,,,,,,76924795,76924805
17091,17091,4,,,,,,76924804,76924808
17091,17091,4,,,,,,76924815,76924829
17091,17091,4,,,,,,76924818,76924832
17091,17091,4,,,,,,76924838,76924839
17091,17091,4,,,,,,76924888,76924879
17091,17091,4,,,,,,76924885,76924884
17091,17091,4,,,,,,76924887,76924880
17091,17091,4,,,,,,76924886,76924881
17091,17091,4,,,,,,76924893,76924882
17091,17091,4,,,,,,76924889,76924907
17091,17091,4,,,,,,76924908,76924906
17091,17091,4,,,,,,76924910,76924909
17091,17091,4,,,,,,76924911,76924914
17091,17091,4,,,,,,76924912,76924913
17091,17091,4,,,,,,76924916,76924915
17091,17091,4,,,,,,76924917,76924918
17091,17091,4,,,,,,76924919,76924921
17091,17091,4,,,,,,76924920,76924923
17091,17091,4,,,,,,76924922,76924925
17091,17091,4,,,,,,76924924,76924890
17091,17091,4,,,,,,76924891,76924894
17091,17091,4,,,,,,76924896,76924895
17091,17091,4,,,,,,76924892,76924900
17091,17091,4,,,,,,76924899,76924898
17091,17091,4,,,,,,76924667,76924672
17091,17091,4,,,,,,76924677,76924676
17091,17091,4,,,,,,76924670,76924678
17091,17091,4,,,,,,76924680,76924682
17091,17091,4,,,,,,76924687,76924688
17091,17091,4,,,,,,76924698,76924708
17091,17091,4,,,,,,76924709,76924715
17091,17091,4,,,,,,76924721,76924723
17091,17091,4,,,,,,76924728,76924734
17091,17091,4,,,,,,76924739,76924741
17091,17091,4,,,,,,76924746,76924747
17091,17091,4,,,,,,76924787,76924780
17091,17091,4,,,,,,76924792,76924800
17091,17091,4,,,,,,76924798,76924812
17091,17091,4,,,,,,76924824,76924823
17091,17091,4,,,,,,76924833,76924837
17091,17091,4,,,,,,76924841,76924843
17091,17091,4,,,,,,76924665,76924669
17091,17091,4,,,,,,76924668,76924671
17091,17091,4,,,,,,76924674,76924679
17091,17091,4,,,,,,76924675,76924673
17091,17091,4,,,,,,76924681,76924685
17091,17091,4,,,,,,76924686,76924702
17091,17091,4,,,,,,76924712,76924707
17091,17091,4,,,,,,76924714,76924716
17091,17091,4,,,,,,76924726,76924727
17091,17091,4,,,,,,76924731,76924733
17091,17091,4,,,,,,76924737,76924742
17091,17091,4,,,,,,76924752,76924751
17091,17091,4,,,,,,76924789,76924783
17091,17091,4,,,,,,76924799,76924802
17091,17091,4,,,,,,76924811,76924809
17091,17091,4,,,,,,76924825,76924827
17091,17091,4,,,,,,76924831,76924830
17091,17091,4,,,,,,76924840,76924845
17091,17091,4,,,,,,76924851,76924853
17091,17091,4,,,,,,76924701,76924691
17091,17091,4,,,,,,76924704,76924696
17091,17091,4,,,,,,76924694,76924695
17091,17091,4,,,,,,76924700,76924699
17091,17091,4,,,,,,76924693,76924697
17091,17091,4,,,,,,76924703,76924705
17091,17091,4,,,,,,76924711,76924713
17091,17091,4,,,,,,76924710,76924722
17091,17091,4,,,,,,76924725,76924724
17091,17091,4,,,,,,76924732,76924738
17091,17091,4,,,,,,76924744,76924745
17091,17091,4,,,,,,76924749,76924781
17091,17091,4,,,,,,76924782,76924793
17091,17091,4,,,,,,76924801,76924797
17091,17091,4,,,,,,76924816,76924810
17091,17091,4,,,,,,76924820,76924821
17091,17091,4,,,,,,76924835,76924836
17091,17091,4,,,,,,76924844,76924847
17091,17091,4,,,,,,76924852,76924854
17091,17091,4,,,,,,76924750,76924790
17091,17091,4,,,,,,76924785,76924794
17091,17091,4,,,,,,76924807,76924803
17091,17091,4,,,,,,76924813,76924828
17091,17091,4,,,,,,76924819,76924822
17091,17091,4,,,,,,76924834,76924842
17091,17091,4,,,,,,76924846,76924850
17091,17091,4,,,,,,76924855,76924858
17091,17091,4,,,,,,76924684,76924689
17091,17091,4,,,,,,76924690,76924706
17091,17091,4,,,,,,76924719,76924720
17091,17091,4,,,,,,76924718,76924717
17091,17091,4,,,,,,76924729,76924730
17091,17091,4,,,,,,76924736,76924735
17091,17091,4,,,,,,76924740,76924743
17091,17091,4,,,,,,76924753,76924754
17091,17091,4,,,,,,76924791,76924788
17091,17091,4,,,,,,76924796,76924806
17091,17091,4,,,,,,76924814,76924817
17091,17091,4,,,,,,76924857,76924859
17091,17091,4,,,,,,76924863,76924865
17091,17091,4,,,,,,76924869,76924873
17091,17091,4,,,,,,76924875,77081992
17091,17091,4,,,,,,76925242,76925232
17091,17091,4,,,,,,76924861,76924856
17091,17091,4,,,,,,76924864,76924868
17091,17091,4,,,,,,76924870,76924872
17091,17091,4,,,,,,76924877,77081993
17091,17091,4,,,,,,76925269,76925265
17091,17091,4,,,,,,76924860,76924862
17091,17091,4,,,,,,76924866,76924867
17091,17091,4,,,,,,76924871,77081991
17091,17091,4,,,,,,76924903,76924901
17091,17091,4,,,,,,76924897,76924902
17091,17091,4,,,,,,76924904,77081994
17091,17091,4,,,,,,75634319,75634315
17091,17091,4,,,,,,75634318,75634314
17091,17091,4,,,,,,75634311,75634310
17091,17091,4,,,,,,75634301,75634309
17091,17091,4,,,,,,75634300,75634307
17091,17091,4,,,,,,75634304,75634299
17091,17091,4,,,,,,75634308,75634303
17091,17091,4,,,,,,75634302,75634306
17091,17091,4,,,,,,75634293,75634297
17091,17091,4,,,,,,75634294,75634296
17091,17091,4,,,,,,75634305,75634298
17091,17091,4,,,,,,75634292,75634295
17091,17091,4,,,,,,75634288,75634289
17091,17091,4,,,,,,75634279,75634287
17091,17091,4,,,,,,75634282,75634284
17091,17091,4,,,,,,75634280,75634281
17091,17091,4,,,,,,75634278,75634277
17091,17091,4,,,,,,75634258,75634256
17091,17091,4,,,,,,75634251,75634248
17091,17091,4,,,,,,75634247,75634243
17091,17091,4,,,,,,75634246,75634242
17091,17091,4,,,,,,75634240,75634239
17091,17091,4,,,,,,75634245,75634238
17091,17091,4,,,,,,75634241,75634244
17091,17091,4,,,,,,75634236,75634231
17091,17091,4,,,,,,75634230,75634234
17091,17091,4,,,,,,75634237,75634235
17091,17091,4,,,,,,75634233,75634232
17091,17091,4,,,,,,75634252,75634255
17091,17091,4,,,,,,75634253,75634254
17091,17091,4,,,,,,75634249,75634250
17091,17091,4,,,,,,75634260,75634266
17091,17091,4,,,,,,75634268,75634275
17091,17091,4,,,,,,75634276,75634312
17091,17091,4,,,,,,75634334,75634332
17091,17091,4,,,,,,75634324,75634333
17091,17091,4,,,,,,75634329,75634353
17091,17091,4,,,,,,75634352,75634354
17091,17091,4,,,,,,75634218,75634215
17091,17091,4,,,,,,75634217,75634212
17091,17091,4,,,,,,75634210,75634211
17091,17091,4,,,,,,75634209,75634201
17091,17091,4,,,,,,75634202,75634208
17091,17091,4,,,,,,75634205,75634204
17091,17091,4,,,,,,75634203,75634206
17091,17091,4,,,,,,75634207,75634199
17091,17091,4,,,,,,75634200,75634198
17091,17091,4,,,,,,75634196,75634191
17091,17091,4,,,,,,75634194,75634192
17091,17091,4,,,,,,75634190,75634188
17091,17091,4,,,,,,75634183,75634184
17091,17091,4,,,,,,75634219,75634221
17091,17091,4,,,,,,75634226,75634229
17091,17091,4,,,,,,75634262,75634261
17091,17091,4,,,,,,75634269,75634270
17091,17091,4,,,,,,75634285,75634283
17091,17091,4,,,,,,75634328,75634322
17091,17091,4,,,,,,75634331,75634321
17091,17091,4,,,,,,75634341,75634339
17091,17091,4,,,,,,75634340,75634344
17091,17091,4,,,,,,75634189,75634187
17091,17091,4,,,,,,75634220,75634222
17091,17091,4,,,,,,75634225,75634227
17091,17091,4,,,,,,75634265,75634264
17091,17091,4,,,,,,75634274,75634273
17091,17091,4,,,,,,75634290,75634291
17091,17091,4,,,,,,75634338,75634337
17091,17091,4,,,,,,75634336,75634335
17091,17091,4,,,,,,75634372,75634371
17091,17091,4,,,,,,75634376,75634373
17091,17091,4,,,,,,75634162,75634158
17091,17091,4,,,,,,75634159,75634161
17091,17091,4,,,,,,75634163,75634174
17091,17091,4,,,,,,75634168,75634166
17091,17091,4,,,,,,75634165,75634164
17091,17091,4,,,,,,75634167,75634169
17091,17091,4,,,,,,75634176,75634175
17091,17091,4,,,,,,75634170,75634171
17091,17091,4,,,,,,75634172,75634173
17091,17091,4,,,,,,75634177,75634178
17091,17091,4,,,,,,75634182,75634180
17091,17091,4,,,,,,75634181,75634179
17091,17091,4,,,,,,75634193,75634197
17091,17091,4,,,,,,75634186,75634185
17091,17091,4,,,,,,75634223,75634224
17091,17091,4,,,,,,75634228,75634259
17091,17091,4,,,,,,75634263,75634267
17091,17091,4,,,,,,75634272,75634271
17091,17091,4,,,,,,75634286,75634323
17091,17091,4,,,,,,75634325,75634326
17091,17091,4,,,,,,75634327,75634330
17091,17091,4,,,,,,75634351,75634356
17091,17091,4,,,,,,75634361,75634370
17091,17091,4,,,,,,75634362,75634366
17091,17091,4,,,,,,75634355,75634364
17091,17091,4,,,,,,75634367,75634368
17091,17091,4,,,,,,75634388,75634387
17091,17091,4,,,,,,75634369,75634363
17091,17091,4,,,,,,75634350,75634365
17091,17091,4,,,,,,75634360,75634357
17091,17091,4,,,,,,75634358,75634359
17091,17091,4,,,,,,75634383,75634390
17091,17091,4,,,,,,75634392,75634389
17091,17091,4,,,,,,75634379,75634381
17091,17091,4,,,,,,75634384,75634375
17091,17091,4,,,,,,75634380,75634377
17091,17091,4,,,,,,75634374,75634378
17091,17091,4,,,,,,75634394,75634393
17091,17091,4,,,,,,75634348,75634349
17091,17091,4,,,,,,75634347,75634343
17091,17091,4,,,,,,75634345,75634346
17091,17091,4,,,,,,75634342,75634382
17091,17091,4,,,,,,75634385,75634386
17091,17091,4,,,,,,75634397,75634396
17091,17091,4,,,,,,77137556,77137262
17091,17091,4,,,,,,77137480,77137477
17091,17091,4,,,,,,77137412,77137414
17091,17091,4,,,,,,77137388,77137387
17091,17091,4,,,,,,77137360,77137354
17091,17091,4,,,,,,77137286,77137282
17091,17091,4,,,,,,77137288,77137285
17091,17091,4,,,,,,77137296,77137295
17091,17091,4,,,,,,77137550,77137546
17091,17091,4,,,,,,77137420,77137413
17091,17091,4,,,,,,77137416,77137415
17091,17091,4,,,,,,77137419,77137418
17091,17091,4,,,,,,77137422,77137424
17091,17091,4,,,,,,77137426,77137425
17091,17091,4,,,,,,77137423,77137427
17091,17091,4,,,,,,77137393,77137386
17091,17091,4,,,,,,77137459,77137464
17091,17091,4,,,,,,77137554,77137294
17091,17091,4,,,,,,77137264,77137263
17091,17091,4,,,,,,77137481,77137479
17091,17091,4,,,,,,77137421,77137417
17091,17091,4,,,,,,77137400,77137395
17091,17091,4,,,,,,77137315,77137317
17091,17091,4,,,,,,77137280,77137283
17091,17091,4,,,,,,77137293,77137291
17091,17091,4,,,,,,77137308,77137309
17091,17091,4,,,,,,77137485,77137486
17091,17091,4,,,,,,77137488,77137487
17091,17091,4,,,,,,77137484,77137490
17091,17091,4,,,,,,77137492,77137494
17091,17091,4,,,,,,77137493,77137495
17091,17091,4,,,,,,77137555,77137261
17091,17091,4,,,,,,77137265,77137269
17091,17091,4,,,,,,77137266,77137268
17091,17091,4,,,,,,77137483,77137482
17091,17091,4,,,,,,77137436,77137442
17091,17091,4,,,,,,77137403,77137401
17091,17091,4,,,,,,77137312,77137314
17091,17091,4,,,,,,77137275,77137284
17091,17091,4,,,,,,77137303,77137302
17091,17091,4,,,,,,77137311,77137310
17091,17091,4,,,,,,77137322,77137320
17091,17091,4,,,,,,77137327,77137319
17091,17091,4,,,,,,77137338,77137337
17091,17091,4,,,,,,77137331,77137340
17091,17091,4,,,,,,77137497,77137501
17091,17091,4,,,,,,77137428,77137429
17091,17091,4,,,,,,77137461,77137454
17091,17091,4,,,,,,77137470,77137469
17091,17091,4,,,,,,77137336,77137323
17091,17091,4,,,,,,77137270,77137297
17091,17091,4,,,,,,77137267,77137271
17091,17091,4,,,,,,77137278,77137277
17091,17091,4,,,,,,77137491,77137489
17091,17091,4,,,,,,77137463,77137467
17091,17091,4,,,,,,77137366,77137363
17091,17091,4,,,,,,77137316,77137313
17091,17091,4,,,,,,77137301,77137300
17091,17091,4,,,,,,77137307,77137306
17091,17091,4,,,,,,77137358,77137353
17091,17091,4,,,,,,77137321,77137326
17091,17091,4,,,,,,77137334,77137330
17091,17091,4,,,,,,77137329,77137377
17091,17091,4,,,,,,77137379,77137380
17091,17091,4,,,,,,77137498,77137500
17091,17091,4,,,,,,77137438,77137443
17091,17091,4,,,,,,77137465,77137466
17091,17091,4,,,,,,77137437,77137451
17091,17091,4,,,,,,77137332,77137339
17091,17091,4,,,,,,77137328,77137378
17091,17091,4,,,,,,77137384,77137383
17091,17091,4,,,,,,77137431,77137434
17091,17091,4,,,,,,77137505,77137502
17091,17091,4,,,,,,77137460,77137458
17091,17091,4,,,,,,77137367,77137365
17091,17091,4,,,,,,77137342,77137341
17091,17091,4,,,,,,77137299,77137298
17091,17091,4,,,,,,77137272,77137276
17091,17091,4,,,,,,77137289,77137287
17091,17091,4,,,,,,77137496,77137499
17091,17091,4,,,,,,77137474,77137471
17091,17091,4,,,,,,77137362,77137364
17091,17091,4,,,,,,77137325,77137318
17091,17091,4,,,,,,77137305,77137304
17091,17091,4,,,,,,77137350,77137347
17091,17091,4,,,,,,77137356,77137355
17091,17091,4,,,,,,77137359,77137357
17091,17091,4,,,,,,77137405,77137402
17091,17091,4,,,,,,77137382,77137385
17091,17091,4,,,,,,77137335,77137324
17091,17091,4,,,,,,77137343,77137344
17091,17091,4,,,,,,77137349,77137348
17091,17091,4,,,,,,77137346,77137352
17091,17091,4,,,,,,77137396,77137398
17091,17091,4,,,,,,77137406,77137404
17091,17091,4,,,,,,77137435,77137432
17091,17091,4,,,,,,77137446,77137447
17091,17091,4,,,,,,77137452,77137444
17091,17091,4,,,,,,77137506,77137508
17091,17091,4,,,,,,77137409,77137408
17091,17091,4,,,,,,77137372,77137374
17091,17091,4,,,,,,77137351,77137345
17091,17091,4,,,,,,77137273,77137274
17091,17091,4,,,,,,77137279,77137281
17091,17091,4,,,,,,77137292,77137290
17091,17091,4,,,,,,77137513,77137476
17091,17091,4,,,,,,77137410,77137411
17091,17091,4,,,,,,77137369,77137370
17091,17091,4,,,,,,77137371,77137373
17091,17091,4,,,,,,77137376,77137375
17091,17091,4,,,,,,77137394,77137381
17091,17091,4,,,,,,77137389,77137390
17091,17091,4,,,,,,77137391,77137392
17091,17091,4,,,,,,77137397,77137399
17091,17091,4,,,,,,77137473,77137472
17091,17091,4,,,,,,77137448,77137441
17091,17091,4,,,,,,77137430,77137433
17091,17091,4,,,,,,77137440,77137439
17091,17091,4,,,,,,77137504,77137503
17091,17091,4,,,,,,77137453,77137449
17091,17091,4,,,,,,77137457,77137509
17091,17091,4,,,,,,77137526,77137535
17091,17091,4,,,,,,77137537,77137528
17091,17091,4,,,,,,77137540,77137544
17091,17091,4,,,,,,77137445,77137450
17091,17091,4,,,,,,77137507,77137515
17091,17091,4,,,,,,77137511,77137517
17091,17091,4,,,,,,77137518,77137523
17091,17091,4,,,,,,77137545,77137542
17091,17091,4,,,,,,77137462,77137468
17091,17091,4,,,,,,77137534,77137532
17091,17091,4,,,,,,77137514,77137527
17091,17091,4,,,,,,77137519,77137525
17091,17091,4,,,,,,77137541,77137547
17091,17091,4,,,,,,77137455,77137456
17091,17091,4,,,,,,77137516,77137524
17091,17091,4,,,,,,77137512,77137520
17091,17091,4,,,,,,77137539,77137530
17091,17091,4,,,,,,77137549,77137548
17091,17091,4,,,,,,77137521,77137531
17091,17091,4,,,,,,77137536,77137538
17091,17091,4,,,,,,77137533,77137522
17091,17091,4,,,,,,77137529,77137553
17861,17861,4,,,,,,75179356_1,75179356_2
17861,17861,4,,,,,,76302852_1,76302852_2
1805,1805,4,,,,,,75255083,75255320
1805,1805,4,,,,,,75255086,75255322
1805,1805,4,,,,,,75249469,75255313
1805,1805,4,,,,,,75249472,75255319
1805,1805,4,,,,,,75249479,75255316
1805,1805,4,,,,,,75249473,75255309
1805,1805,4,,,,,,75249474,75255314
1805,1805,4,,,,,,75249480,75255318
1805,1805,4,,,,,,75249467,75255312
1805,1805,4,,,,,,75249475,75255315
1805,1805,4,,,,,,75249477,75255317
1805,1805,4,,,,,,75255090,75255323
1805,1805,4,,,,,,75255092,75255321
1805,1805,4,,,,,,76726367,76726605
1805,1805,4,,,,,,76726370,76726609
1805,1805,4,,,,,,76726353,76726597
1805,1805,4,,,,,,76726356,76726604
1805,1805,4,,,,,,76726363,76726601
1805,1805,4,,,,,,76726357,76726594
1805,1805,4,,,,,,76726358,76726598
1805,1805,4,,,,,,76726364,76726603
1805,1805,4,,,,,,76726351,76726596
1805,1805,4,,,,,,76726359,76726599
1805,1805,4,,,,,,76726361,76726602
1805,1805,4,,,,,,76726374,76726611
1805,1805,4,,,,,,76726376,76726607
1805,1805,4,,,,,,76313574,76313811
1805,1805,4,,,,,,76313577,76313813
1805,1805,4,,,,,,76313560,76313804
1805,1805,4,,,,,,76313563,76313810
1805,1805,4,,,,,,76313570,76313807
1805,1805,4,,,,,,76313564,76313800
1805,1805,4,,,,,,76313565,76313805
1805,1805,4,,,,,,76313571,76313809
1805,1805,4,,,,,,76313558,76313803
1805,1805,4,,,,,,76313566,76313806
1805,1805,4,,,,,,76313568,76313808
1805,1805,4,,,,,,76313581,76313814
1805,1805,4,,,,,,76313583,76313812
1805,1805,4,,,,,,76698931,76699270
1805,1805,4,,,,,,76698934,76699274
1805,1805,4,,,,,,76698917,76699262
1805,1805,4,,,,,,76698920,76699269
1805,1805,4,,,,,,76698927,76699266
1805,1805,4,,,,,,76698921,76699258
1805,1805,4,,,,,,76698922,76699263
1805,1805,4,,,,,,76698928,76699268
1805,1805,4,,,,,,76698915,76699261
1805,1805,4,,,,,,76698923,76699264
1805,1805,4,,,,,,76698925,76699267
1805,1805,4,,,,,,76698938,76699276
1805,1805,4,,,,,,76698940,76699272
1805,1805,4,,,,,,76572345,76572583
1805,1805,4,,,,,,76572348,76572587
1805,1805,4,,,,,,76572331,76572575
1805,1805,4,,,,,,76572334,76572582
1805,1805,4,,,,,,76572341,76572579
1805,1805,4,,,,,,76572335,76572572
1805,1805,4,,,,,,76572336,76572576
1805,1805,4,,,,,,76572342,76572581
1805,1805,4,,,,,,76572329,76572574
1805,1805,4,,,,,,76572337,76572577
1805,1805,4,,,,,,76572339,76572580
1805,1805,4,,,,,,76572352,76572589
1805,1805,4,,,,,,76572354,76572585
1805,1805,4,,,,,,76673050,76675759
1805,1805,4,,,,,,76675524,76675763
1805,1805,4,,,,,,76673036,76675751
1805,1805,4,,,,,,76673039,76675758
1805,1805,4,,,,,,76673046,76675755
1805,1805,4,,,,,,76673040,76675748
1805,1805,4,,,,,,76673041,76675752
1805,1805,4,,,,,,76673047,76675757
1805,1805,4,,,,,,76673034,76675750
1805,1805,4,,,,,,76673042,76675753
1805,1805,4,,,,,,76673044,76675756
1805,1805,4,,,,,,76675528,76675765
1805,1805,4,,,,,,76675530,76675761
1805,1805,4,,,,,,76316651,76316888
1805,1805,4,,,,,,76316654,76316890
1805,1805,4,,,,,,76316637,76316881
1805,1805,4,,,,,,76316640,76316887
1805,1805,4,,,,,,76316647,76316884
1805,1805,4,,,,,,76316641,76316877
1805,1805,4,,,,,,76316642,76316882
1805,1805,4,,,,,,76316648,76316886
1805,1805,4,,,,,,76316635,76316880
1805,1805,4,,,,,,76316643,76316883
1805,1805,4,,,,,,76316645,76316885
1805,1805,4,,,,,,76316658,76316891
1805,1805,4,,,,,,76316660,76316889
1805,1805,4,,,,,,75203834,75204073
1805,1805,4,,,,,,75203837,75204077
1805,1805,4,,,,,,75203820,75204065
1805,1805,4,,,,,,75203823,75204072
1805,1805,4,,,,,,75203830,75204069
1805,1805,4,,,,,,75203824,75204061
1805,1805,4,,,,,,75203825,75204066
1805,1805,4,,,,,,75203831,75204071
1805,1805,4,,,,,,75203818,75204064
1805,1805,4,,,,,,75203826,75204067
1805,1805,4,,,,,,75203828,75204070
1805,1805,4,,,,,,75203841,75204079
1805,1805,4,,,,,,75203843,75204075
18974,18974,4,,,,,,75775215,75775210
18974,18974,4,,,,,,75775213,75775208
18974,18974,4,,,,,,75775212,75775211
18974,18974,4,,,,,,75775209,75775207
18974,18974,4,,,,,,75775222,75775237
18974,18974,4,,,,,,75775214,75775229
18974,18974,4,,,,,,75775232,75775238
18974,18974,4,,,,,,75775234,75775233
18974,18974,4,,,,,,75775225,75774882
18974,18974,4,,,,,,75775239,75775224
18974,18974,4,,,,,,75775228,75775206
18974,18974,4,,,,,,75775230,75775235
18974,18974,4,,,,,,75775236,75775231
18974,18974,4,,,,,,75871482,75871853
18974,18974,4,,,,,,75871290,75871291
18974,18974,4,,,,,,75871276,75871274
18974,18974,4,,,,,,75871278,75871275
18974,18974,4,,,,,,75871279,75871272
18974,18974,4,,,,,,75870834,75870835
18974,18974,4,,,,,,75870836,75870833
18974,18974,4,,,,,,75870837,75870838
18974,18974,4,,,,,,75871101,75871098
18974,18974,4,,,,,,75871277,75871280
18974,18974,4,,,,,,75871281,75871283
18974,18974,4,,,,,,75871284,75871285
18974,18974,4,,,,,,75871282,75870830
18974,18974,4,,,,,,75870831,75870832
18974,18974,4,,,,,,77068271,77068286
18974,18974,4,,,,,,77068263,77068278
18974,18974,4,,,,,,77068281,77068287
18974,18974,4,,,,,,77068283,77068282
18974,18974,4,,,,,,77068274,77067940
18974,18974,4,,,,,,77068288,77068273
18974,18974,4,,,,,,77068277,77068255
18974,18974,4,,,,,,77068279,77068284
18974,18974,4,,,,,,77068285,77068280
18974,18974,4,,,,,,77068264,77068259
18974,18974,4,,,,,,77068262,77068257
18974,18974,4,,,,,,77068261,77068260
18974,18974,4,,,,,,77068258,77068256
18974,18974,4,,,,,,77035835,77035830
18974,18974,4,,,,,,77035833,77035828
18974,18974,4,,,,,,77035832,77035831
18974,18974,4,,,,,,77035829,77035827
18974,18974,4,,,,,,77035842,77035857
18974,18974,4,,,,,,77035834,77035849
18974,18974,4,,,,,,77035852,77035858
18974,18974,4,,,,,,77035854,77035853
18974,18974,4,,,,,,77035845,77035502
18974,18974,4,,,,,,77035859,77035844
18974,18974,4,,,,,,77035848,77035826
18974,18974,4,,,,,,77035850,77035855
18974,18974,4,,,,,,77035856,77035851
18974,18974,4,,,,,,77074946,77074941
18974,18974,4,,,,,,77074944,77074939
18974,18974,4,,,,,,77074943,77074942
18974,18974,4,,,,,,77074940,77074938
18974,18974,4,,,,,,77074953,77074968
18974,18974,4,,,,,,77074945,77074960
18974,18974,4,,,,,,77074963,77074969
18974,18974,4,,,,,,77074965,77074964
18974,18974,4,,,,,,77074956,77074613
18974,18974,4,,,,,,77074970,77074955
18974,18974,4,,,,,,77074959,77074937
18974,18974,4,,,,,,77074961,77074966
18974,18974,4,,,,,,77074967,77074962
18974,18974,4,,,,,,77061713,77061728
18974,18974,4,,,,,,77061705,77061720
18974,18974,4,,,,,,77061723,77061729
18974,18974,4,,,,,,77061725,77061724
18974,18974,4,,,,,,77061716,77061382
18974,18974,4,,,,,,77061730,77061715
18974,18974,4,,,,,,77061719,77061697
18974,18974,4,,,,,,77061721,77061726
18974,18974,4,,,,,,77061727,77061722
18974,18974,4,,,,,,77061706,77061701
18974,18974,4,,,,,,77061704,77061699
18974,18974,4,,,,,,77061703,77061702
18974,18974,4,,,,,,77061700,77061698
18974,18974,4,,,,,,77055281,77055296
18974,18974,4,,,,,,77055273,77055288
18974,18974,4,,,,,,77055291,77055297
18974,18974,4,,,,,,77055293,77055292
18974,18974,4,,,,,,77055284,77054950
18974,18974,4,,,,,,77055298,77055283
18974,18974,4,,,,,,77055287,77055265
18974,18974,4,,,,,,77055289,77055294
18974,18974,4,,,,,,77055295,77055290
18974,18974,4,,,,,,77055274,77055269
18974,18974,4,,,,,,77055272,77055267
18974,18974,4,,,,,,77055271,77055270
18974,18974,4,,,,,,77055268,77055266
18974,18974,4,,,,,,77031243,77031238
18974,18974,4,,,,,,77031241,77031236
18974,18974,4,,,,,,77031240,77031239
18974,18974,4,,,,,,77031237,77031235
18974,18974,4,,,,,,77031250,77031265
18974,18974,4,,,,,,77031242,77031257
18974,18974,4,,,,,,77031260,77031266
18974,18974,4,,,,,,77031262,77031261
18974,18974,4,,,,,,77031253,77030910
18974,18974,4,,,,,,77031267,77031252
18974,18974,4,,,,,,77031256,77031234
18974,18974,4,,,,,,77031258,77031263
18974,18974,4,,,,,,77031264,77031259
18974,18974,4,,,,,,76944363,76944364
18974,18974,4,,,,,,76944365,76944366
18974,18974,4,,,,,,76944367,76944368
18974,18974,4,,,,,,76944369,76944370
18974,18974,4,,,,,,76944381,76944382
18974,18974,4,,,,,,76944383,76944384
18974,18974,4,,,,,,76944385,76944386
18974,18974,4,,,,,,76944387,76944388
18974,18974,4,,,,,,76944389,76944390
18974,18974,4,,,,,,76944371,76944372
18974,18974,4,,,,,,76944373,76944374
18974,18974,4,,,,,,76944375,76944376
18974,18974,4,,,,,,76944377,76944378
18974,18974,4,,,,,,76944379,76944380
18974,18974,4,,,,,,75857227,75857598
18974,18974,4,,,,,,75857035,75857036
18974,18974,4,,,,,,75857021,75857019
18974,18974,4,,,,,,75857023,75857020
18974,18974,4,,,,,,75857024,75857017
18974,18974,4,,,,,,75856579,75856580
18974,18974,4,,,,,,75856581,75856578
18974,18974,4,,,,,,75856582,75856583
18974,18974,4,,,,,,75856846,75856843
18974,18974,4,,,,,,75857022,75857025
18974,18974,4,,,,,,75857026,75857028
18974,18974,4,,,,,,75857029,75857030
18974,18974,4,,,,,,75857027,75856575
18974,18974,4,,,,,,75856576,75856577
18974,18974,4,,,,,,75762355,75762350
18974,18974,4,,,,,,75762353,75762348
18974,18974,4,,,,,,75762352,75762351
18974,18974,4,,,,,,75762349,75762347
18974,18974,4,,,,,,75762362,75762377
18974,18974,4,,,,,,75762354,75762369
18974,18974,4,,,,,,75762372,75762378
18974,18974,4,,,,,,75762374,75762373
18974,18974,4,,,,,,75762365,75762023
18974,18974,4,,,,,,75762379,75762364
18974,18974,4,,,,,,75762368,75762346
18974,18974,4,,,,,,75762370,75762375
18974,18974,4,,,,,,75762376,75762371
18974,18974,4,,,,,,77160533,77160904
18974,18974,4,,,,,,77160341,77160342
18974,18974,4,,,,,,77160328,77160325
18974,18974,4,,,,,,77160330,77160326
18974,18974,4,,,,,,77160327,77160323
18974,18974,4,,,,,,77159886,77159887
18974,18974,4,,,,,,77159888,77159885
18974,18974,4,,,,,,77159889,77159890
18974,18974,4,,,,,,77160153,77160150
18974,18974,4,,,,,,77160329,77160331
18974,18974,4,,,,,,77160332,77160334
18974,18974,4,,,,,,77160335,77160336
18974,18974,4,,,,,,77160333,77159882
18974,18974,4,,,,,,77159883,77159884
18975,18975,4,,,,,,75775226,75775227
18975,18975,4,,,,,,75775221,75775216
18975,18975,4,,,,,,75775223,75775217
18975,18975,4,,,,,,75775220,75775218
18975,18975,4,,,,,,75775219,75775195
18975,18975,4,,,,,,75775205,75775204
18975,18975,4,,,,,,75775203,75775202
18975,18975,4,,,,,,75775201,75775200
18975,18975,4,,,,,,75775196,75775199
18975,18975,4,,,,,,75775198,75775197
18975,18975,4,,,,,,77068275,77068276
18975,18975,4,,,,,,77068270,77068265
18975,18975,4,,,,,,77068272,77068266
18975,18975,4,,,,,,77068269,77068267
18975,18975,4,,,,,,77068268,77068244
18975,18975,4,,,,,,77068254,77068253
18975,18975,4,,,,,,77068252,77068251
18975,18975,4,,,,,,77068250,77068249
18975,18975,4,,,,,,77068245,77068248
18975,18975,4,,,,,,77068247,77068246
18975,18975,4,,,,,,77035846,77035847
18975,18975,4,,,,,,77035841,77035836
18975,18975,4,,,,,,77035843,77035837
18975,18975,4,,,,,,77035840,77035838
18975,18975,4,,,,,,77035839,77035815
18975,18975,4,,,,,,77035825,77035824
18975,18975,4,,,,,,77035823,77035822
18975,18975,4,,,,,,77035821,77035820
18975,18975,4,,,,,,77035816,77035819
18975,18975,4,,,,,,77035818,77035817
18975,18975,4,,,,,,77074957,77074958
18975,18975,4,,,,,,77074952,77074947
18975,18975,4,,,,,,77074954,77074948
18975,18975,4,,,,,,77074951,77074949
18975,18975,4,,,,,,77074950,77074926
18975,18975,4,,,,,,77074936,77074935
18975,18975,4,,,,,,77074934,77074933
18975,18975,4,,,,,,77074932,77074931
18975,18975,4,,,,,,77074927,77074930
18975,18975,4,,,,,,77074929,77074928
18975,18975,4,,,,,,77061717,77061718
18975,18975,4,,,,,,77061712,77061707
18975,18975,4,,,,,,77061714,77061708
18975,18975,4,,,,,,77061711,77061709
18975,18975,4,,,,,,77061710,77061686
18975,18975,4,,,,,,77061696,77061695
18975,18975,4,,,,,,77061694,77061693
18975,18975,4,,,,,,77061692,77061691
18975,18975,4,,,,,,77061687,77061690
18975,18975,4,,,,,,77061689,77061688
18975,18975,4,,,,,,77055285,77055286
18975,18975,4,,,,,,77055280,77055275
18975,18975,4,,,,,,77055282,77055276
18975,18975,4,,,,,,77055279,77055277
18975,18975,4,,,,,,77055278,77055254
18975,18975,4,,,,,,77055264,77055263
18975,18975,4,,,,,,77055262,77055261
18975,18975,4,,,,,,77055260,77055259
18975,18975,4,,,,,,77055255,77055258
18975,18975,4,,,,,,77055257,77055256
18975,18975,4,,,,,,77031254,77031255
18975,18975,4,,,,,,77031249,77031244
18975,18975,4,,,,,,77031251,77031245
18975,18975,4,,,,,,77031248,77031246
18975,18975,4,,,,,,77031247,77031223
18975,18975,4,,,,,,77031233,77031232
18975,18975,4,,,,,,77031231,77031230
18975,18975,4,,,,,,77031229,77031228
18975,18975,4,,,,,,77031224,77031227
18975,18975,4,,,,,,77031226,77031225
18975,18975,4,,,,,,75762366,75762367
18975,18975,4,,,,,,75762361,75762356
18975,18975,4,,,,,,75762363,75762357
18975,18975,4,,,,,,75762360,75762358
18975,18975,4,,,,,,75762359,75762335
18975,18975,4,,,,,,75762345,75762344
18975,18975,4,,,,,,75762343,75762342
18975,18975,4,,,,,,75762341,75762340
18975,18975,4,,,,,,75762336,75762339
18975,18975,4,,,,,,75762338,75762337
1926,1926,4,,,,,,75181214,75181254
1926,1926,4,,,,,,75181292,75181307
1926,1926,4,,,,,,75181322,75181389
1926,1926,4,,,,,,75181429,75181380
1926,1926,4,,,,,,75181320,75181384
1926,1926,4,,,,,,75247425,75247423
1926,1926,4,,,,,,75247419,75247420
1926,1926,4,,,,,,75247421,75247414
1926,1926,4,,,,,,75247416,75247418
1926,1926,4,,,,,,75247417,75247407
1926,1926,4,,,,,,75247413,75247411
1926,1926,4,,,,,,75247408,75247415
1926,1926,4,,,,,,75450699,75450693
1926,1926,4,,,,,,75450686,75450691
1926,1926,4,,,,,,75450688,75450695
1926,1926,4,,,,,,75450690,75450694
1926,1926,4,,,,,,75450689,75450692
1926,1926,4,,,,,,75450684,75450685
1926,1926,4,,,,,,76303480,76303484
1926,1926,4,,,,,,76303497,76303500
1926,1926,4,,,,,,76303506,76303516
1926,1926,4,,,,,,76303522,76303513
1926,1926,4,,,,,,76303505,76303515
1926,1926,4,,,,,,76569746,76569783
1926,1926,4,,,,,,76569851,76569920
1926,1926,4,,,,,,76569849,76569915
1926,1926,4,,,,,,76569955,76569906
1926,1926,4,,,,,,76569820,76569835
1926,1926,4,,,,,,76328128,76328138
1926,1926,4,,,,,,76328127,76328132
1926,1926,4,,,,,,76328129,76328136
1926,1926,4,,,,,,76328131,76328135
1926,1926,4,,,,,,76328130,76328133
1926,1926,4,,,,,,76328140,76328134
1926,1926,4,,,,,,76335161,76335159
1926,1926,4,,,,,,76335155,76335156
1926,1926,4,,,,,,76335157,76335150
1926,1926,4,,,,,,76335152,76335154
1926,1926,4,,,,,,76335153,76335143
1926,1926,4,,,,,,76335145,76335148
1926,1926,4,,,,,,76335144,76335151
1926,1926,4,,,,,,76556687,76556685
1926,1926,4,,,,,,76556681,76556682
1926,1926,4,,,,,,76556683,76556676
1926,1926,4,,,,,,76556678,76556680
1926,1926,4,,,,,,76556679,76556669
1926,1926,4,,,,,,76556675,76556673
1926,1926,4,,,,,,76556670,76556677
1926,1926,4,,,,,,76542361,76542371
1926,1926,4,,,,,,76542360,76542365
1926,1926,4,,,,,,76542362,76542369
1926,1926,4,,,,,,76542364,76542368
1926,1926,4,,,,,,76542373,76542367
1926,1926,4,,,,,,76542363,76542366
1926,1926,4,,,,,,76547778,76547776
1926,1926,4,,,,,,76547773,76547774
1926,1926,4,,,,,,76547775,76547767
1926,1926,4,,,,,,76547769,76547771
1926,1926,4,,,,,,76547770,76547760
1926,1926,4,,,,,,76547762,76547765
1926,1926,4,,,,,,76547761,76547768
1926,1926,4,,,,,,76535949,76535952
1926,1926,4,,,,,,76535944,76535945
1926,1926,4,,,,,,76535947,76535957
1926,1926,4,,,,,,76535946,76535951
1926,1926,4,,,,,,76535948,76535955
1926,1926,4,,,,,,76535950,76535954
1926,1926,4,,,,,,76535959,76535953
1926,1926,4,,,,,,75241259,75241253
1926,1926,4,,,,,,75241246,75241251
1926,1926,4,,,,,,75241248,75241255
1926,1926,4,,,,,,75241250,75241254
1926,1926,4,,,,,,75241249,75241252
1926,1926,4,,,,,,75241244,75241245
19661,19661,4,,,,,,75180303,75179543
19661,19661,4,,,,,,75180924,75180920
19661,19661,4,,,,,,75180919,75180922
19661,19661,4,,,,,,75181001,75181006
19661,19661,4,,,,,,75181003,75181007
19661,19661,4,,,,,,75181463,75181465
19661,19661,4,,,,,,75180918,75180921
19661,19661,4,,,,,,75180923,75181004
19661,19661,4,,,,,,75181002,75181005
19661,19661,4,,,,,,75180307,75179549
19661,19661,4,,,,,,75180304,75179546
19661,19661,4,,,,,,75180305,75179553
19661,19661,4,,,,,,75180306,75179554
19661,19661,4,,,,,,75180314,75179548
19661,19661,4,,,,,,75180998,75181075
19661,19661,4,,,,,,75181074,75181076
19661,19661,4,,,,,,75246862,75246855
19661,19661,4,,,,,,75246859,75246864
19661,19661,4,,,,,,75246865,75246866
19661,19661,4,,,,,,75246863,75246867
19661,19661,4,,,,,,75246868,75246869
19661,19661,4,,,,,,75246871,75246873
19661,19661,4,,,,,,75246870,75246875
19661,19661,4,,,,,,75246901,75246903
19661,19661,4,,,,,,75246905,75246899
19661,19661,4,,,,,,75246908,75246904
19661,19661,4,,,,,,75246900,75246907
19661,19661,4,,,,,,75246902,75246906
19661,19661,4,,,,,,75246876,75246877
19661,19661,4,,,,,,75246878,75246879
19661,19661,4,,,,,,75246880,75246872
19661,19661,4,,,,,,75255848,75255326
19661,19661,4,,,,,,75255849,75255327
19661,19661,4,,,,,,75255850,75255325
19661,19661,4,,,,,,75255846,75255328
19661,19661,4,,,,,,75449989,75449956
19661,19661,4,,,,,,75449951,75449920
19661,19661,4,,,,,,75449993,75449954
19661,19661,4,,,,,,75449910,75449914
19661,19661,4,,,,,,75449908,75449915
19661,19661,4,,,,,,75449994,75449978
19661,19661,4,,,,,,75449912,75449911
19661,19661,4,,,,,,75449996,75449990
19661,19661,4,,,,,,75449995,75449948
19661,19661,4,,,,,,75449917,75449916
19661,19661,4,,,,,,75449918,75449921
19661,19661,4,,,,,,75449913,75449991
19661,19661,4,,,,,,75449959,75449992
19661,19661,4,,,,,,75449961,75449988
19661,19661,4,,,,,,75449962,75449965
19661,19661,4,,,,,,75449983,75449966
19661,19661,4,,,,,,75449980,75449970
19661,19661,4,,,,,,75449986,75449967
19661,19661,4,,,,,,75449998,75449979
19661,19661,4,,,,,,75449976,75449985
19661,19661,4,,,,,,75449955,75449987
19661,19661,4,,,,,,75449953,75449952
19661,19661,4,,,,,,75449964,75449974
19661,19661,4,,,,,,75449973,75449972
19661,19661,4,,,,,,75449968,75449960
19661,19661,4,,,,,,75449950,75449958
19661,19661,4,,,,,,75449981,75449963
19661,19661,4,,,,,,75449982,75449984
19661,19661,4,,,,,,75449969,75449971
19661,19661,4,,,,,,75449975,75449977
19661,19661,4,,,,,,75449999,75449957
19661,19661,4,,,,,,76303115,76302877
19661,19661,4,,,,,,76303296,76303292
19661,19661,4,,,,,,76303291,76303294
19661,19661,4,,,,,,76303341,76303346
19661,19661,4,,,,,,76303343,76303347
19661,19661,4,,,,,,76303529,76303530
19661,19661,4,,,,,,76303290,76303293
19661,19661,4,,,,,,76303295,76303344
19661,19661,4,,,,,,76303342,76303345
19661,19661,4,,,,,,76303119,76302881
19661,19661,4,,,,,,76303116,76302879
19661,19661,4,,,,,,76303117,76302882
19661,19661,4,,,,,,76303118,76302883
19661,19661,4,,,,,,76303126,76302880
19661,19661,4,,,,,,76303338,76303389
19661,19661,4,,,,,,76303388,76303390
19661,19661,4,,,,,,76568858,76568116
19661,19661,4,,,,,,76569464,76569460
19661,19661,4,,,,,,76569456,76569462
19661,19661,4,,,,,,76569537,76569542
19661,19661,4,,,,,,76569539,76569543
19661,19661,4,,,,,,76569989,76569991
19661,19661,4,,,,,,76569459,76569461
19661,19661,4,,,,,,76569463,76569540
19661,19661,4,,,,,,76569538,76569541
19661,19661,4,,,,,,76568862,76568121
19661,19661,4,,,,,,76568859,76568118
19661,19661,4,,,,,,76568860,76568125
19661,19661,4,,,,,,76568861,76568126
19661,19661,4,,,,,,76568868,76568120
19661,19661,4,,,,,,76569534,76569611
19661,19661,4,,,,,,76569610,76569612
19661,19661,4,,,,,,76327392,76327361
19661,19661,4,,,,,,76327434,76327395
19661,19661,4,,,,,,76327351,76327355
19661,19661,4,,,,,,76327349,76327356
19661,19661,4,,,,,,76327430,76327397
19661,19661,4,,,,,,76327409,76327402
19661,19661,4,,,,,,76327427,76327408
19661,19661,4,,,,,,76327353,76327352
19661,19661,4,,,,,,76327437,76327431
19661,19661,4,,,,,,76327436,76327389
19661,19661,4,,,,,,76327358,76327357
19661,19661,4,,,,,,76327359,76327362
19661,19661,4,,,,,,76327354,76327432
19661,19661,4,,,,,,76327401,76327433
19661,19661,4,,,,,,76327403,76327429
19661,19661,4,,,,,,76327400,76327406
19661,19661,4,,,,,,76327424,76327407
19661,19661,4,,,,,,76327421,76327411
19661,19661,4,,,,,,76327410,76327412
19661,19661,4,,,,,,76327416,76327418
19661,19661,4,,,,,,76327441,76327398
19661,19661,4,,,,,,76327435,76327419
19661,19661,4,,,,,,76327440,76327420
19661,19661,4,,,,,,76327417,76327426
19661,19661,4,,,,,,76327396,76327428
19661,19661,4,,,,,,76327391,76327399
19661,19661,4,,,,,,76327422,76327404
19661,19661,4,,,,,,76327423,76327425
19661,19661,4,,,,,,76327394,76327393
19661,19661,4,,,,,,76327405,76327415
19661,19661,4,,,,,,76327414,76327413
19661,19661,4,,,,,,76334598,76334591
19661,19661,4,,,,,,76334595,76334600
19661,19661,4,,,,,,76334601,76334602
19661,19661,4,,,,,,76334599,76334603
19661,19661,4,,,,,,76334604,76334605
19661,19661,4,,,,,,76334607,76334609
19661,19661,4,,,,,,76334606,76334611
19661,19661,4,,,,,,76334637,76334639
19661,19661,4,,,,,,76334641,76334635
19661,19661,4,,,,,,76334644,76334640
19661,19661,4,,,,,,76334636,76334643
19661,19661,4,,,,,,76334638,76334642
19661,19661,4,,,,,,76334612,76334613
19661,19661,4,,,,,,76334615,76334616
19661,19661,4,,,,,,76334617,76334608
19661,19661,4,,,,,,76727386,76726637
19661,19661,4,,,,,,76727387,76726638
19661,19661,4,,,,,,76727388,76726634
19661,19661,4,,,,,,76727384,76726639
19661,19661,4,,,,,,76314339,76313817
19661,19661,4,,,,,,76314340,76313818
19661,19661,4,,,,,,76314341,76313816
19661,19661,4,,,,,,76314337,76313819
19661,19661,4,,,,,,76700073,76699304
19661,19661,4,,,,,,76700074,76699305
19661,19661,4,,,,,,76700075,76699301
19661,19661,4,,,,,,76700069,76699306
19661,19661,4,,,,,,76556142,76556143
19661,19661,4,,,,,,76556144,76556135
19661,19661,4,,,,,,76556125,76556118
19661,19661,4,,,,,,76556122,76556127
19661,19661,4,,,,,,76556128,76556129
19661,19661,4,,,,,,76556126,76556130
19661,19661,4,,,,,,76556168,76556162
19661,19661,4,,,,,,76556131,76556132
19661,19661,4,,,,,,76556134,76556136
19661,19661,4,,,,,,76556133,76556138
19661,19661,4,,,,,,76556164,76556166
19661,19661,4,,,,,,76556171,76556167
19661,19661,4,,,,,,76556163,76556170
19661,19661,4,,,,,,76556165,76556169
19661,19661,4,,,,,,76556139,76556140
19661,19661,4,,,,,,76573364,76572615
19661,19661,4,,,,,,76573365,76572616
19661,19661,4,,,,,,76573366,76572612
19661,19661,4,,,,,,76573362,76572617
19661,19661,4,,,,,,76676540,76675791
19661,19661,4,,,,,,76676541,76675792
19661,19661,4,,,,,,76676542,76675788
19661,19661,4,,,,,,76676538,76675793
19661,19661,4,,,,,,76541625,76541594
19661,19661,4,,,,,,76541667,76541628
19661,19661,4,,,,,,76541584,76541588
19661,19661,4,,,,,,76541582,76541589
19661,19661,4,,,,,,76541663,76541630
19661,19661,4,,,,,,76541642,76541635
19661,19661,4,,,,,,76541660,76541641
19661,19661,4,,,,,,76541586,76541585
19661,19661,4,,,,,,76541670,76541664
19661,19661,4,,,,,,76541669,76541622
19661,19661,4,,,,,,76541591,76541590
19661,19661,4,,,,,,76541592,76541595
19661,19661,4,,,,,,76541587,76541665
19661,19661,4,,,,,,76541634,76541666
19661,19661,4,,,,,,76541636,76541662
19661,19661,4,,,,,,76541633,76541639
19661,19661,4,,,,,,76541657,76541640
19661,19661,4,,,,,,76541654,76541645
19661,19661,4,,,,,,76541644,76541646
19661,19661,4,,,,,,76541649,76541651
19661,19661,4,,,,,,76541674,76541631
19661,19661,4,,,,,,76541668,76541652
19661,19661,4,,,,,,76541673,76541653
19661,19661,4,,,,,,76541650,76541659
19661,19661,4,,,,,,76541629,76541661
19661,19661,4,,,,,,76541624,76541632
19661,19661,4,,,,,,76541655,76541637
19661,19661,4,,,,,,76541656,76541658
19661,19661,4,,,,,,76541627,76541626
19661,19661,4,,,,,,76541638,76541648
19661,19661,4,,,,,,76541647,76541643
19661,19661,4,,,,,,76547215,76547208
19661,19661,4,,,,,,76547212,76547217
19661,19661,4,,,,,,76547218,76547219
19661,19661,4,,,,,,76547216,76547220
19661,19661,4,,,,,,76547221,76547222
19661,19661,4,,,,,,76547224,76547226
19661,19661,4,,,,,,76547223,76547229
19661,19661,4,,,,,,76547254,76547256
19661,19661,4,,,,,,76547258,76547252
19661,19661,4,,,,,,76547261,76547257
19661,19661,4,,,,,,76547253,76547260
19661,19661,4,,,,,,76547255,76547259
19661,19661,4,,,,,,76547230,76547231
19661,19661,4,,,,,,76547232,76547233
19661,19661,4,,,,,,76547234,76547225
19661,19661,4,,,,,,76317416,76316894
19661,19661,4,,,,,,76317417,76316895
19661,19661,4,,,,,,76317418,76316893
19661,19661,4,,,,,,76317414,76316896
19661,19661,4,,,,,,76535327,76535288
19661,19661,4,,,,,,76535285,76535254
19661,19661,4,,,,,,76535316,76535318
19661,19661,4,,,,,,76535252,76535255
19661,19661,4,,,,,,76535317,76535300
19661,19661,4,,,,,,76535303,76535305
19661,19661,4,,,,,,76535309,76535311
19661,19661,4,,,,,,76535244,76535248
19661,19661,4,,,,,,76535242,76535249
19661,19661,4,,,,,,76535247,76535325
19661,19661,4,,,,,,76535294,76535326
19661,19661,4,,,,,,76535246,76535245
19661,19661,4,,,,,,76535330,76535324
19661,19661,4,,,,,,76535329,76535282
19661,19661,4,,,,,,76535251,76535250
19661,19661,4,,,,,,76535314,76535304
19661,19661,4,,,,,,76535320,76535301
19661,19661,4,,,,,,76535323,76535290
19661,19661,4,,,,,,76535296,76535322
19661,19661,4,,,,,,76535293,76535299
19661,19661,4,,,,,,76535333,76535313
19661,19661,4,,,,,,76535334,76535291
19661,19661,4,,,,,,76535328,76535312
19661,19661,4,,,,,,76535310,76535319
19661,19661,4,,,,,,76535289,76535321
19661,19661,4,,,,,,76535287,76535286
19661,19661,4,,,,,,76535302,76535295
19661,19661,4,,,,,,76535284,76535292
19661,19661,4,,,,,,76535315,76535297
19661,19661,4,,,,,,76535298,76535308
19661,19661,4,,,,,,76535307,76535306
19661,19661,4,,,,,,75240549,75240516
19661,19661,4,,,,,,75240511,75240480
19661,19661,4,,,,,,75240553,75240514
19661,19661,4,,,,,,75240470,75240474
19661,19661,4,,,,,,75240468,75240475
19661,19661,4,,,,,,75240554,75240538
19661,19661,4,,,,,,75240472,75240471
19661,19661,4,,,,,,75240556,75240550
19661,19661,4,,,,,,75240555,75240508
19661,19661,4,,,,,,75240477,75240476
19661,19661,4,,,,,,75240478,75240481
19661,19661,4,,,,,,75240473,75240551
19661,19661,4,,,,,,75240519,75240552
19661,19661,4,,,,,,75240521,75240548
19661,19661,4,,,,,,75240522,75240525
19661,19661,4,,,,,,75240543,75240526
19661,19661,4,,,,,,75240540,75240530
19661,19661,4,,,,,,75240546,75240527
19661,19661,4,,,,,,75240558,75240539
19661,19661,4,,,,,,75240536,75240545
19661,19661,4,,,,,,75240515,75240547
19661,19661,4,,,,,,75240513,75240512
19661,19661,4,,,,,,75240524,75240534
19661,19661,4,,,,,,75240533,75240532
19661,19661,4,,,,,,75240528,75240520
19661,19661,4,,,,,,75240510,75240518
19661,19661,4,,,,,,75240541,75240523
19661,19661,4,,,,,,75240542,75240544
19661,19661,4,,,,,,75240529,75240531
19661,19661,4,,,,,,75240535,75240537
19661,19661,4,,,,,,75240559,75240517
19661,19661,4,,,,,,75204876,75204107
19661,19661,4,,,,,,75204877,75204108
19661,19661,4,,,,,,75204878,75204104
19661,19661,4,,,,,,75204872,75204109
19821,19821,4,,,,,,75180293,75179521
19821,19821,4,,,,,,75180813,75180819
19821,19821,4,,,,,,75180300,75179519
19821,19821,4,,,,,,75180290,75179523
19821,19821,4,,,,,,75180289,75179511
19821,19821,4,,,,,,75180294,75179524
19821,19821,4,,,,,,75181491,75181481
19821,19821,4,,,,,,75181476,75181456
19821,19821,4,,,,,,75181449,75181434
19821,19821,4,,,,,,75181435,75181448
19821,19821,4,,,,,,75180298,75179517
19821,19821,4,,,,,,75180302,75179530
19821,19821,4,,,,,,76303105,76302856
19821,19821,4,,,,,,76303219,76303224
19821,19821,4,,,,,,76303112,76302855
19821,19821,4,,,,,,76303104,76302857
19821,19821,4,,,,,,76303103,76302853
19821,19821,4,,,,,,76303106,76302858
19821,19821,4,,,,,,76303533,76303532
19821,19821,4,,,,,,76303531,76303528
19821,19821,4,,,,,,76303527,76303523
19821,19821,4,,,,,,76303524,76303526
19821,19821,4,,,,,,76303110,76302854
19821,19821,4,,,,,,76303114,76302864
19821,19821,4,,,,,,76568848,76568095
19821,19821,4,,,,,,76569355,76569361
19821,19821,4,,,,,,76568856,76568093
19821,19821,4,,,,,,76568845,76568097
19821,19821,4,,,,,,76568844,76568085
19821,19821,4,,,,,,76568849,76568098
19821,19821,4,,,,,,76570018,76570007
19821,19821,4,,,,,,76570002,76569983
19821,19821,4,,,,,,76569975,76569960
19821,19821,4,,,,,,76569961,76569974
19821,19821,4,,,,,,76568854,76568091
19821,19821,4,,,,,,76568857,76568104
2003,2003,4,,,,,,75774877_1,75774877_2
2003,2003,4,,,,,,75762018_1,75762018_2
2003,2003,4,,,,,,77035497_1,77035497_2
2003,2003,4,,,,,,77074608_1,77074608_2
2003,2003,4,,,,,,77030905_1,77030905_2
2003,2003,4,,,,,,75774875_1,75774875_2
2003,2003,4,,,,,,77030903_1,77030903_2
2003,2003,4,,,,,,75762016_1,75762016_2
2003,2003,4,,,,,,77035495_1,77035495_2
2003,2003,4,,,,,,77074606_1,77074606_2
210,210,4,,,,,,75180770,75180818
210,210,4,,,,,,75180776,75180775
210,210,4,,,,,,75180779,75180787
210,210,4,,,,,,75180788,75180781
210,210,4,,,,,,75181663,75181666
210,210,4,,,,,,75181658,75181664
210,210,4,,,,,,76303184,76303223
210,210,4,,,,,,76303190,76303189
210,210,4,,,,,,76303193,76303197
210,210,4,,,,,,76303198,76303195
210,210,4,,,,,,76303557,76303560
210,210,4,,,,,,76303555,76303558
210,210,4,,,,,,76569313,76569360
210,210,4,,,,,,76569319,76569315
210,210,4,,,,,,76569322,76569330
210,210,4,,,,,,76569331,76569324
210,210,4,,,,,,76570176,76570182
210,210,4,,,,,,76570181,76570184
29253,29253,4,,,,,,75603559,75603593
29253,29253,4,,,,,,75603558,75603592
29253,29253,4,,,,,,75603557,75603591
29253,29253,4,,,,,,75603560,75603594
29253,29253,4,,,,,,75603570,75603597
29253,29253,4,,,,,,75603573,75603600
29253,29253,4,,,,,,75603550,75603580
29253,29253,4,,,,,,75603567,75603584
29253,29253,4,,,,,,75603554,75603576
29253,29253,4,,,,,,75603565,75603582
29253,29253,4,,,,,,75603568,75603595
29253,29253,4,,,,,,75603571,75603598
29253,29253,4,,,,,,75603549,75603578
29253,29253,4,,,,,,75603566,75603583
29253,29253,4,,,,,,75603551,75603586
29253,29253,4,,,,,,75603555,75603589
29253,29253,4,,,,,,75603547,75603587
29253,29253,4,,,,,,75603556,75603590
29253,29253,4,,,,,,75603564,75603581
29253,29253,4,,,,,,75603553,75603585
29253,29253,4,,,,,,75603552,75603588
29253,29253,4,,,,,,75588651,75588659
29253,29253,4,,,,,,75589082,75588653
29253,29253,4,,,,,,75588650,75589081
29253,29253,4,,,,,,75588656,75588652
29253,29253,4,,,,,,75588660,75588657
29253,29253,4,,,,,,75588654,75588661
29253,29253,4,,,,,,75588655,75588662
29253,29253,4,,,,,,75606779,75606806
29253,29253,4,,,,,,75606782,75606809
29253,29253,4,,,,,,75606771,75606812
29253,29253,4,,,,,,75606773,75606814
29253,29253,4,,,,,,75606784,75606811
29253,29253,4,,,,,,75606772,75606813
29253,29253,4,,,,,,75606756,75606785
29253,29253,4,,,,,,75754110,75754079
29253,29253,4,,,,,,75754068,75754065
29253,29253,4,,,,,,75754069,75754070
29253,29253,4,,,,,,75754107,75754117
29253,29253,4,,,,,,75754118,75754061
29253,29253,4,,,,,,75753668,75753624
29253,29253,4,,,,,,75754074,75754063
29253,29253,4,,,,,,75754062,75754113
29253,29253,4,,,,,,75754116,75754056
29253,29253,4,,,,,,75754075,75754087
29253,29253,4,,,,,,75754066,75754059
29253,29253,4,,,,,,75754064,75754058
29253,29253,4,,,,,,75754060,75754115
29253,29253,4,,,,,,75754057,75754053
29253,29253,4,,,,,,75754055,75754054
29253,29253,4,,,,,,75754082,75754130
29253,29253,4,,,,,,76398187,76398214
29253,29253,4,,,,,,76398186,76398213
29253,29253,4,,,,,,76398185,76398212
29253,29253,4,,,,,,76398188,76398215
29253,29253,4,,,,,,76398194,76398217
29253,29253,4,,,,,,76398196,76398219
29253,29253,4,,,,,,76398178,76398201
29253,29253,4,,,,,,76398192,76398205
29253,29253,4,,,,,,76398182,76398197
29253,29253,4,,,,,,76398190,76398203
29253,29253,4,,,,,,76398193,76398216
29253,29253,4,,,,,,76398195,76398218
29253,29253,4,,,,,,76398177,76398199
29253,29253,4,,,,,,76398191,76398204
29253,29253,4,,,,,,76398179,76398207
29253,29253,4,,,,,,76398183,76398210
29253,29253,4,,,,,,76398176,76398208
29253,29253,4,,,,,,76398184,76398211
29253,29253,4,,,,,,76398189,76398202
29253,29253,4,,,,,,76398181,76398206
29253,29253,4,,,,,,76398180,76398209
29253,29253,4,,,,,,76396681,76396708
29253,29253,4,,,,,,76396680,76396707
29253,29253,4,,,,,,76396679,76396706
29253,29253,4,,,,,,76396682,76396709
29253,29253,4,,,,,,76396688,76396711
29253,29253,4,,,,,,76396690,76396713
29253,29253,4,,,,,,76396672,76396695
29253,29253,4,,,,,,76396686,76396699
29253,29253,4,,,,,,76396676,76396691
29253,29253,4,,,,,,76396684,76396697
29253,29253,4,,,,,,76396687,76396710
29253,29253,4,,,,,,76396689,76396712
29253,29253,4,,,,,,76396671,76396693
29253,29253,4,,,,,,76396685,76396698
29253,29253,4,,,,,,76396673,76396701
29253,29253,4,,,,,,76396677,76396704
29253,29253,4,,,,,,76396670,76396702
29253,29253,4,,,,,,76396678,76396705
29253,29253,4,,,,,,76396683,76396696
29253,29253,4,,,,,,76396675,76396700
29253,29253,4,,,,,,76396674,76396703
29253,29253,4,,,,,,76352996,76352965
29253,29253,4,,,,,,76352943,76352939
29253,29253,4,,,,,,76352941,76352940
29253,29253,4,,,,,,76352993,76353003
29253,29253,4,,,,,,76352961,76352973
29253,29253,4,,,,,,76352950,76352944
29253,29253,4,,,,,,76352946,76353001
29253,29253,4,,,,,,76352952,76352945
29253,29253,4,,,,,,76353004,76352947
29253,29253,4,,,,,,76352554,76352510
29253,29253,4,,,,,,76353002,76352942
29253,29253,4,,,,,,76352948,76352999
29253,29253,4,,,,,,76352960,76352949
29253,29253,4,,,,,,76352954,76352951
29253,29253,4,,,,,,76352955,76352956
29253,29253,4,,,,,,76352968,76353016
29253,29253,4,,,,,,76354829,76354837
29253,29253,4,,,,,,76355260,76354831
29253,29253,4,,,,,,76354828,76355259
29253,29253,4,,,,,,76354834,76354830
29253,29253,4,,,,,,76354838,76354835
29253,29253,4,,,,,,76354832,76354839
29253,29253,4,,,,,,76354833,76354840
29253,29253,4,,,,,,76389763,76389767
29253,29253,4,,,,,,76389764,76389768
29253,29253,4,,,,,,76389760,76389770
29253,29253,4,,,,,,76389762,76389772
29253,29253,4,,,,,,76389765,76389769
29253,29253,4,,,,,,76389761,76389771
29253,29253,4,,,,,,76389758,76389766
29253,29253,4,,,,,,76366037,76366041
29253,29253,4,,,,,,76366038,76366042
29253,29253,4,,,,,,76366034,76366044
29253,29253,4,,,,,,76366036,76366046
29253,29253,4,,,,,,76366039,76366043
29253,29253,4,,,,,,76366035,76366045
29253,29253,4,,,,,,76366032,76366040
29253,29253,4,,,,,,76380767,76380771
29253,29253,4,,,,,,76380768,76380772
29253,29253,4,,,,,,76380764,76380774
29253,29253,4,,,,,,76380766,76380776
29253,29253,4,,,,,,76380769,76380773
29253,29253,4,,,,,,76380765,76380775
29253,29253,4,,,,,,76380762,76380770
29253,29253,4,,,,,,76392468,76392464
29253,29253,4,,,,,,76392894,76392465
29253,29253,4,,,,,,76391361,76392893
29253,29253,4,,,,,,76392466,76392473
29253,29253,4,,,,,,76392467,76392474
29253,29253,4,,,,,,76392472,76392469
29253,29253,4,,,,,,76391362,76392471
29253,29253,4,,,,,,76368210,76368214
29253,29253,4,,,,,,76368211,76368215
29253,29253,4,,,,,,76368207,76368217
29253,29253,4,,,,,,76368209,76368219
29253,29253,4,,,,,,76368212,76368216
29253,29253,4,,,,,,76368208,76368218
29253,29253,4,,,,,,76368205,76368213
29253,29253,4,,,,,,76361699,76361703
29253,29253,4,,,,,,76361700,76361704
29253,29253,4,,,,,,76361696,76361706
29253,29253,4,,,,,,76361698,76361708
29253,29253,4,,,,,,76361701,76361705
29253,29253,4,,,,,,76361697,76361707
29253,29253,4,,,,,,76361694,76361702
29253,29253,4,,,,,,76382886,76382855
29253,29253,4,,,,,,76382894,76382837
29253,29253,4,,,,,,76382883,76382893
29253,29253,4,,,,,,76382850,76382839
29253,29253,4,,,,,,76382844,76382841
29253,29253,4,,,,,,76382845,76382846
29253,29253,4,,,,,,76382842,76382835
29253,29253,4,,,,,,76382833,76382829
29253,29253,4,,,,,,76382831,76382830
29253,29253,4,,,,,,76382444,76382400
29253,29253,4,,,,,,76382851,76382863
29253,29253,4,,,,,,76382838,76382889
29253,29253,4,,,,,,76382840,76382834
29253,29253,4,,,,,,76382836,76382891
29253,29253,4,,,,,,76382892,76382832
29253,29253,4,,,,,,76382858,76382906
29253,29253,4,,,,,,76384375,76384371
29253,29253,4,,,,,,76384801,76384372
29253,29253,4,,,,,,76384369,76384800
29253,29253,4,,,,,,76384373,76384380
29253,29253,4,,,,,,76384374,76384381
29253,29253,4,,,,,,76384379,76384376
29253,29253,4,,,,,,76384370,76384378
29253,29253,4,,,,,,76363868,76363872
29253,29253,4,,,,,,76363869,76363873
29253,29253,4,,,,,,76363865,76363875
29253,29253,4,,,,,,76363867,76363877
29253,29253,4,,,,,,76363870,76363874
29253,29253,4,,,,,,76363866,76363876
29253,29253,4,,,,,,76363863,76363871
29253,29253,4,,,,,,76377867,76377823
29253,29253,4,,,,,,76378263,76378261
29253,29253,4,,,,,,76378302,76378311
29253,29253,4,,,,,,76378312,76378257
29253,29253,4,,,,,,76378269,76378259
29253,29253,4,,,,,,76378304,76378274
29253,29253,4,,,,,,76378277,76378322
29253,29253,4,,,,,,76378262,76378255
29253,29253,4,,,,,,76378253,76378249
29253,29253,4,,,,,,76378251,76378250
29253,29253,4,,,,,,76378264,76378265
29253,29253,4,,,,,,76378270,76378282
29253,29253,4,,,,,,76378258,76378307
29253,29253,4,,,,,,76378310,76378252
29253,29253,4,,,,,,76378260,76378254
29253,29253,4,,,,,,76378256,76378309
29253,29253,4,,,,,,75584982,75584951
29253,29253,4,,,,,,75584929,75584925
29253,29253,4,,,,,,75584927,75584926
29253,29253,4,,,,,,75584979,75584989
29253,29253,4,,,,,,75584947,75584959
29253,29253,4,,,,,,75584936,75584930
29253,29253,4,,,,,,75584932,75584987
29253,29253,4,,,,,,75584938,75584931
29253,29253,4,,,,,,75584990,75584933
29253,29253,4,,,,,,75584540,75584496
29253,29253,4,,,,,,75584988,75584928
29253,29253,4,,,,,,75584934,75584985
29253,29253,4,,,,,,75584946,75584935
29253,29253,4,,,,,,75584940,75584937
29253,29253,4,,,,,,75584941,75584942
29253,29253,4,,,,,,75584954,75585002
29253,29253,4,,,,,,75609662,75609666
29253,29253,4,,,,,,75609663,75609667
29253,29253,4,,,,,,75609659,75609669
29253,29253,4,,,,,,75609661,75609671
29253,29253,4,,,,,,75609664,75609668
29253,29253,4,,,,,,75609660,75609670
29253,29253,4,,,,,,75609657,75609665
30250,30250,4,,,,,,75642570,75642567
30250,30250,4,,,,,,75642569,75642557
30250,30250,4,,,,,,75642568,75642563
30250,30250,4,,,,,,75642565,75642562
30250,30250,4,,,,,,75642559,75642558
30250,30250,4,,,,,,75642560,75642564
30250,30250,4,,,,,,75642561,75642631
30250,30250,4,,,,,,75642628,75642630
30250,30250,4,,,,,,75642629,75642626
30250,30250,4,,,,,,75642632,75642624
30250,30250,4,,,,,,75642625,75642623
30250,30250,4,,,,,,75642627,75642609
30250,30250,4,,,,,,75642620,75642618
30250,30250,4,,,,,,75642622,75642612
30250,30250,4,,,,,,75642621,75642610
30250,30250,4,,,,,,75642611,75642608
30250,30250,4,,,,,,75642619,75642606
30250,30250,4,,,,,,75642613,75642615
30250,30250,4,,,,,,75642614,75642607
30250,30250,4,,,,,,75642616,75642583
30250,30250,4,,,,,,75642617,75642605
30250,30250,4,,,,,,75642581,75642591
30250,30250,4,,,,,,75642590,75642593
30250,30250,4,,,,,,75642595,75642594
30250,30250,4,,,,,,75642584,75642599
30250,30250,4,,,,,,75642586,75642597
30250,30250,4,,,,,,75642604,75642603
30250,30250,4,,,,,,75642580,75642582
30250,30250,4,,,,,,75642596,75642601
30250,30250,4,,,,,,75642588,75642598
30250,30250,4,,,,,,75642589,75642600
30250,30250,4,,,,,,75642345,75642136
30250,30250,4,,,,,,75642138,75642159
30250,30250,4,,,,,,75642145,75642168
30250,30250,4,,,,,,75642143,75642147
30250,30250,4,,,,,,75642137,75642131
30250,30250,4,,,,,,75642148,75642176
30250,30250,4,,,,,,75642144,75642133
30250,30250,4,,,,,,75642150,75642149
30250,30250,4,,,,,,75642132,75642638
30250,30250,4,,,,,,75642160,75642635
30250,30250,4,,,,,,75642636,75642640
30250,30250,4,,,,,,75642637,75642634
30250,30250,4,,,,,,75642633,75642497
30250,30250,4,,,,,,75642555,75642498
30250,30250,4,,,,,,75642639,75642352
30250,30250,4,,,,,,75642556,75642346
30250,30250,4,,,,,,75642351,75642344
30250,30250,4,,,,,,75642163,75642164
30250,30250,4,,,,,,75642350,75642170
30250,30250,4,,,,,,75642348,75642130
30250,30250,4,,,,,,75642347,75642158
30250,30250,4,,,,,,75642134,75642172
30250,30250,4,,,,,,75642161,75642175
30250,30250,4,,,,,,75642155,75642152
30250,30250,4,,,,,,75642171,75642173
30250,30250,4,,,,,,75642500,75642140
30250,30250,4,,,,,,75642162,75642146
30250,30250,4,,,,,,75642154,75642156
30250,30250,4,,,,,,75642153,75642166
30250,30250,4,,,,,,75642135,75642167
30250,30250,4,,,,,,75642343,75642157
30250,30250,4,,,,,,75642342,75642139
30250,30250,4,,,,,,75642499,75642142
30250,30250,4,,,,,,75642341,75642174
30250,30250,4,,,,,,75642495,75642151
30250,30250,4,,,,,,75642349,75642169
30250,30250,4,,,,,,75642496,75642141
30250,30250,4,,,,,,75642585,75642587
30250,30250,4,,,,,,75642592,75642573
30250,30250,4,,,,,,75642575,75642578
30250,30250,4,,,,,,75642602,75642579
30250,30250,4,,,,,,75642572,75642577
30250,30250,4,,,,,,75642574,75642576
30250,30250,4,,,,,,75624806,75624789
30250,30250,4,,,,,,75624747,75624658
30250,30250,4,,,,,,75624749,75624798
30250,30250,4,,,,,,75624796,75624704
30250,30250,4,,,,,,75624655,75624879
30250,30250,4,,,,,,75624890,75624653
30250,30250,4,,,,,,75624867,75624837
30250,30250,4,,,,,,75624703,75624733
30250,30250,4,,,,,,75624830,75624714
30250,30250,4,,,,,,75624665,75624656
30250,30250,4,,,,,,75624880,75624871
30250,30250,4,,,,,,75624892,75624652
30250,30250,4,,,,,,75624885,75624683
30250,30250,4,,,,,,75624849,75624833
30250,30250,4,,,,,,75624776,75624868
30250,30250,4,,,,,,75624866,75624856
30250,30250,4,,,,,,75624738,75624661
30250,30250,4,,,,,,75624684,75624663
30250,30250,4,,,,,,75624823,75624804
30250,30250,4,,,,,,75624851,75624808
30250,30250,4,,,,,,75624716,75624734
30250,30250,4,,,,,,75624824,75624708
30250,30250,4,,,,,,75624730,75624711
30250,30250,4,,,,,,75624787,75624746
30250,30250,4,,,,,,75624888,75624889
30250,30250,4,,,,,,75624732,75624701
30250,30250,4,,,,,,75624657,75624680
30250,30250,4,,,,,,75624829,75624848
30250,30250,4,,,,,,75624793,75624801
30250,30250,4,,,,,,75624832,75624853
30250,30250,4,,,,,,75624822,75624845
30250,30250,4,,,,,,75624862,75624847
30250,30250,4,,,,,,75624881,75624809
30250,30250,4,,,,,,75624800,75624828
30250,30250,4,,,,,,75624752,75624874
30250,30250,4,,,,,,75624836,75624750
30250,30250,4,,,,,,75624895,75624831
30250,30250,4,,,,,,75624896,75624815
30250,30250,4,,,,,,75624834,75624876
30250,30250,4,,,,,,75624790,75624791
30250,30250,4,,,,,,75624855,75624857
30250,30250,4,,,,,,75624875,75624872
30250,30250,4,,,,,,75624883,75624893
30250,30250,4,,,,,,75624873,75624884
30250,30250,4,,,,,,75624894,75624740
30250,30250,4,,,,,,75624771,75624741
30250,30250,4,,,,,,75624779,75624850
30250,30250,4,,,,,,75624817,75624777
30250,30250,4,,,,,,75624852,75624897
30250,30250,4,,,,,,75624769,75624756
30250,30250,4,,,,,,75624770,75624882
30250,30250,4,,,,,,75624854,75624751
30250,30250,4,,,,,,75624755,75624865
30250,30250,4,,,,,,75624768,75624846
30250,30250,4,,,,,,75624690,75624842
30250,30250,4,,,,,,75624792,75624841
30250,30250,4,,,,,,75624840,75624785
30250,30250,4,,,,,,75624805,75624699
30250,30250,4,,,,,,75624735,75624748
30250,30250,4,,,,,,75624736,75624745
30250,30250,4,,,,,,75624782,75624767
30250,30250,4,,,,,,75624819,75624705
30250,30250,4,,,,,,75624728,75624715
30250,30250,4,,,,,,75625266,75624668
30250,30250,4,,,,,,75624674,75624676
30250,30250,4,,,,,,75624679,75625259
30250,30250,4,,,,,,75624797,75624803
30250,30250,4,,,,,,75624675,75624788
30250,30250,4,,,,,,75624685,75624707
30250,30250,4,,,,,,75624681,75624731
30250,30250,4,,,,,,75624659,75624660
30250,30250,4,,,,,,75624662,75624689
30250,30250,4,,,,,,75624666,75624702
30250,30250,4,,,,,,75624664,75624891
30250,30250,4,,,,,,75624816,75625128
30250,30250,4,,,,,,75624670,75624669
30250,30250,4,,,,,,75624794,75624795
30250,30250,4,,,,,,75624859,75624877
30250,30250,4,,,,,,75624861,75625193
30250,30250,4,,,,,,75624863,75624858
30250,30250,4,,,,,,75624818,75624691
30250,30250,4,,,,,,75624827,75624807
30250,30250,4,,,,,,75624864,75624869
30250,30250,4,,,,,,75624870,75624760
30250,30250,4,,,,,,75624753,75624780
30250,30250,4,,,,,,75624762,75624802
30250,30250,4,,,,,,75624821,75624843
30250,30250,4,,,,,,75624781,75624773
30250,30250,4,,,,,,75624784,75624757
30250,30250,4,,,,,,75624764,75624763
30250,30250,4,,,,,,75624765,75624772
30250,30250,4,,,,,,75624754,75624766
30250,30250,4,,,,,,75624759,75624761
30250,30250,4,,,,,,75624786,75624887
30250,30250,4,,,,,,75624677,75624886
30250,30250,4,,,,,,75624878,75624898
30250,30250,4,,,,,,75631869,75631868
30250,30250,4,,,,,,75631873,75631864
30250,30250,4,,,,,,75631865,75631866
30250,30250,4,,,,,,75631863,75631872
30250,30250,4,,,,,,75631870,75631859
30250,30250,4,,,,,,75631871,75631862
30250,30250,4,,,,,,75631860,75631861
30250,30250,4,,,,,,75631878,75631880
30250,30250,4,,,,,,75631879,75631881
30250,30250,4,,,,,,75631874,75631876
30250,30250,4,,,,,,75631877,75631875
30250,30250,4,,,,,,75631891,75631889
30250,30250,4,,,,,,75631890,75631892
30250,30250,4,,,,,,75631883,75631888
30250,30250,4,,,,,,75631887,75631886
30250,30250,4,,,,,,75631893,75631894
30250,30250,4,,,,,,75631882,75631884
30250,30250,4,,,,,,75631885,75631895
30250,30250,4,,,,,,75631899,75631897
30250,30250,4,,,,,,75631898,75631896
30250,30250,4,,,,,,75631902,75631906
30250,30250,4,,,,,,75631905,75631904
30250,30250,4,,,,,,75631900,75631903
30250,30250,4,,,,,,75631901,75631912
30250,30250,4,,,,,,75631911,75631908
30250,30250,4,,,,,,75631910,75631907
30250,30250,4,,,,,,75631909,75631913
30250,30250,4,,,,,,75631918,75631921
30250,30250,4,,,,,,75631915,75631917
30250,30250,4,,,,,,75631920,75631914
30250,30250,4,,,,,,75631919,75631916
30250,30250,4,,,,,,75631926,75631923
30250,30250,4,,,,,,75631927,75631922
30250,30250,4,,,,,,75631963,75631997
30250,30250,4,,,,,,75631986,75631988
30250,30250,4,,,,,,75631951,75631940
30250,30250,4,,,,,,75631947,75631943
30250,30250,4,,,,,,75631948,75631950
30250,30250,4,,,,,,75631938,75631944
30250,30250,4,,,,,,75631941,75631949
30250,30250,4,,,,,,75631925,75631924
30250,30250,4,,,,,,75631932,75631930
30250,30250,4,,,,,,75631933,75631931
30250,30250,4,,,,,,75631928,75631929
30250,30250,4,,,,,,75631934,75631936
30250,30250,4,,,,,,75632013,75632004
30250,30250,4,,,,,,75632006,75632009
30250,30250,4,,,,,,75632005,75632011
30250,30250,4,,,,,,75632012,75632008
30250,30250,4,,,,,,75632002,75632007
30250,30250,4,,,,,,75632010,75631983
30250,30250,4,,,,,,75632003,75631991
30250,30250,4,,,,,,75632001,75631999
30250,30250,4,,,,,,75631992,75632000
30250,30250,4,,,,,,75631981,75631998
30250,30250,4,,,,,,75631990,75631989
30250,30250,4,,,,,,75631968,75631979
30250,30250,4,,,,,,75631978,75631952
30250,30250,4,,,,,,75631987,75631959
30250,30250,4,,,,,,75631956,75631995
30250,30250,4,,,,,,75631954,75631993
30250,30250,4,,,,,,75631971,75631974
30250,30250,4,,,,,,75631960,75631958
30250,30250,4,,,,,,75631964,75631975
30250,30250,4,,,,,,75631966,75631973
30250,30250,4,,,,,,75631969,75631957
30250,30250,4,,,,,,75631953,75631977
30250,30250,4,,,,,,75631967,75631976
30250,30250,4,,,,,,75631961,75631984
30250,30250,4,,,,,,75631970,75631939
30250,30250,4,,,,,,75631937,75631982
30250,30250,4,,,,,,75631962,75631994
30250,30250,4,,,,,,75631965,75631996
30250,30250,4,,,,,,75631972,75631985
30250,30250,4,,,,,,75631955,75631946
30250,30250,4,,,,,,75631945,75631980
30250,30250,4,,,,,,75648260,75648243
30250,30250,4,,,,,,75648203,75648147
30250,30250,4,,,,,,75648205,75648252
30250,30250,4,,,,,,75648247,75648182
30250,30250,4,,,,,,75648139,75648324
30250,30250,4,,,,,,75648336,75648137
30250,30250,4,,,,,,75648312,75648285
30250,30250,4,,,,,,75648181,75648194
30250,30250,4,,,,,,75648278,75648186
30250,30250,4,,,,,,75648158,75648142
30250,30250,4,,,,,,75648325,75648316
30250,30250,4,,,,,,75648338,75648140
30250,30250,4,,,,,,75648333,75648172
30250,30250,4,,,,,,75648294,75648281
30250,30250,4,,,,,,75648231,75648313
30250,30250,4,,,,,,75648311,75648301
30250,30250,4,,,,,,75648198,75648151
30250,30250,4,,,,,,75648173,75648154
30250,30250,4,,,,,,75648273,75648258
30250,30250,4,,,,,,75648295,75648262
30250,30250,4,,,,,,75648189,75648195
30250,30250,4,,,,,,75648274,75648185
30250,30250,4,,,,,,75648191,75648187
30250,30250,4,,,,,,75648241,75648206
30250,30250,4,,,,,,75648332,75648334
30250,30250,4,,,,,,75648193,75648180
30250,30250,4,,,,,,75648145,75648168
30250,30250,4,,,,,,75648153,75648175
30250,30250,4,,,,,,75648159,75648177
30250,30250,4,,,,,,75648157,75648337
30250,30250,4,,,,,,75648277,75648293
30250,30250,4,,,,,,75648248,75648255
30250,30250,4,,,,,,75648280,75648297
30250,30250,4,,,,,,75648272,75648290
30250,30250,4,,,,,,75648307,75648292
30250,30250,4,,,,,,75648326,75648263
30250,30250,4,,,,,,75648254,75648276
30250,30250,4,,,,,,75648209,75648320
30250,30250,4,,,,,,75648284,75648207
30250,30250,4,,,,,,75648341,75648279
30250,30250,4,,,,,,75648342,75648265
30250,30250,4,,,,,,75648283,75648321
30250,30250,4,,,,,,75648174,75648184
30250,30250,4,,,,,,75648170,75648192
30250,30250,4,,,,,,75648148,75648150
30250,30250,4,,,,,,75648246,75648286
30250,30250,4,,,,,,75648282,75648239
30250,30250,4,,,,,,75648259,75648179
30250,30250,4,,,,,,75648196,75648204
30250,30250,4,,,,,,75648197,75648202
30250,30250,4,,,,,,75648235,75648224
30250,30250,4,,,,,,75648268,75648183
30250,30250,4,,,,,,75648190,75648188
30250,30250,4,,,,,,75648562,75648160
30250,30250,4,,,,,,75648163,75648165
30250,30250,4,,,,,,75648166,75648553
30250,30250,4,,,,,,75648251,75648257
30250,30250,4,,,,,,75648164,75648242
30250,30250,4,,,,,,75648269,75648437
30250,30250,4,,,,,,75648162,75648161
30250,30250,4,,,,,,75648249,75648250
30250,30250,4,,,,,,75648244,75648245
30250,30250,4,,,,,,75648300,75648302
30250,30250,4,,,,,,75648317,75648318
30250,30250,4,,,,,,75648328,75648339
30250,30250,4,,,,,,75648319,75648329
30250,30250,4,,,,,,75648340,75648200
30250,30250,4,,,,,,75648228,75648201
30250,30250,4,,,,,,75648233,75648298
30250,30250,4,,,,,,75648266,75648232
30250,30250,4,,,,,,75648296,75648343
30250,30250,4,,,,,,75648226,75648214
30250,30250,4,,,,,,75648227,75648327
30250,30250,4,,,,,,75648299,75648208
30250,30250,4,,,,,,75648213,75648310
30250,30250,4,,,,,,75648225,75648291
30250,30250,4,,,,,,75648176,75648287
30250,30250,4,,,,,,75648309,75648314
30250,30250,4,,,,,,75648315,75648217
30250,30250,4,,,,,,75648210,75648234
30250,30250,4,,,,,,75648219,75648256
30250,30250,4,,,,,,75648271,75648288
30250,30250,4,,,,,,75648238,75648230
30250,30250,4,,,,,,75648237,75648215
30250,30250,4,,,,,,75648221,75648220
30250,30250,4,,,,,,75648222,75648229
30250,30250,4,,,,,,75648211,75648223
30250,30250,4,,,,,,75648216,75648218
30250,30250,4,,,,,,75648240,75648331
30250,30250,4,,,,,,75648169,75648330
30250,30250,4,,,,,,75648323,75648344
30250,30250,4,,,,,,75648304,75648322
30250,30250,4,,,,,,75648306,75648490
30250,30250,4,,,,,,75648308,75648303
30250,30250,4,,,,,,75648267,75648178
30250,30250,4,,,,,,75648275,75648261
30250,30250,4,,,,,,75645911,75645894
30250,30250,4,,,,,,75645854,75645793
30250,30250,4,,,,,,75645856,75645903
30250,30250,4,,,,,,75645901,75645833
30250,30250,4,,,,,,75645790,75645975
30250,30250,4,,,,,,75645987,75645789
30250,30250,4,,,,,,75645963,75645935
30250,30250,4,,,,,,75645832,75645845
30250,30250,4,,,,,,75645929,75645837
30250,30250,4,,,,,,75645809,75645792
30250,30250,4,,,,,,75645976,75645967
30250,30250,4,,,,,,75645989,75645791
30250,30250,4,,,,,,75645984,75645820
30250,30250,4,,,,,,75645945,75645932
30250,30250,4,,,,,,75645882,75645964
30250,30250,4,,,,,,75645962,75645952
30250,30250,4,,,,,,75645849,75645802
30250,30250,4,,,,,,75645821,75645805
30250,30250,4,,,,,,75645924,75645909
30250,30250,4,,,,,,75645946,75645913
30250,30250,4,,,,,,75645840,75645846
30250,30250,4,,,,,,75645925,75645836
30250,30250,4,,,,,,75645842,75645838
30250,30250,4,,,,,,75645892,75645857
30250,30250,4,,,,,,75645983,75645985
30250,30250,4,,,,,,75645844,75645830
30250,30250,4,,,,,,75645800,75645817
30250,30250,4,,,,,,75645804,75645823
30250,30250,4,,,,,,75645928,75645944
30250,30250,4,,,,,,75645898,75645906
30250,30250,4,,,,,,75645931,75645948
30250,30250,4,,,,,,75645923,75645941
30250,30250,4,,,,,,75645958,75645943
30250,30250,4,,,,,,75645977,75645914
30250,30250,4,,,,,,75645905,75645927
30250,30250,4,,,,,,75645859,75645970
30250,30250,4,,,,,,75645934,75645858
30250,30250,4,,,,,,75645992,75645930
30250,30250,4,,,,,,75645993,75645916
30250,30250,4,,,,,,75645933,75645972
30250,30250,4,,,,,,75645920,75646088
30250,30250,4,,,,,,75645814,75645813
30250,30250,4,,,,,,75645899,75645900
30250,30250,4,,,,,,75645810,75645831
30250,30250,4,,,,,,75645808,75645988
30250,30250,4,,,,,,75645822,75645835
30250,30250,4,,,,,,75645818,75645843
30250,30250,4,,,,,,75645801,75645788
30250,30250,4,,,,,,75645895,75645896
30250,30250,4,,,,,,75645951,75645953
30250,30250,4,,,,,,75645971,75645968
30250,30250,4,,,,,,75645979,75645990
30250,30250,4,,,,,,75645969,75645980
30250,30250,4,,,,,,75645991,75645851
30250,30250,4,,,,,,75645879,75645852
30250,30250,4,,,,,,75645884,75645949
30250,30250,4,,,,,,75645917,75645883
30250,30250,4,,,,,,75645947,75645994
30250,30250,4,,,,,,75645877,75645861
30250,30250,4,,,,,,75645878,75645978
30250,30250,4,,,,,,75645950,75645862
30250,30250,4,,,,,,75645864,75645961
30250,30250,4,,,,,,75645876,75645942
30250,30250,4,,,,,,75645824,75645938
30250,30250,4,,,,,,75645897,75645937
30250,30250,4,,,,,,75645936,75645890
30250,30250,4,,,,,,75645910,75645829
30250,30250,4,,,,,,75645847,75645855
30250,30250,4,,,,,,75645848,75645853
30250,30250,4,,,,,,75645886,75645875
30250,30250,4,,,,,,75645919,75645834
30250,30250,4,,,,,,75645841,75645839
30250,30250,4,,,,,,75646213,75645812
30250,30250,4,,,,,,75645811,75645826
30250,30250,4,,,,,,75645815,75646204
30250,30250,4,,,,,,75645902,75645908
30250,30250,4,,,,,,75645825,75645893
30250,30250,4,,,,,,75645960,75645965
30250,30250,4,,,,,,75645966,75645868
30250,30250,4,,,,,,75645863,75645885
30250,30250,4,,,,,,75645870,75645907
30250,30250,4,,,,,,75645922,75645939
30250,30250,4,,,,,,75645889,75645881
30250,30250,4,,,,,,75645888,75645865
30250,30250,4,,,,,,75645872,75645871
30250,30250,4,,,,,,75645873,75645880
30250,30250,4,,,,,,75645860,75645874
30250,30250,4,,,,,,75645867,75645869
30250,30250,4,,,,,,75645891,75645982
30250,30250,4,,,,,,75645827,75645981
30250,30250,4,,,,,,75645974,75645995
30250,30250,4,,,,,,75645955,75645973
30250,30250,4,,,,,,75645957,75646141
30250,30250,4,,,,,,75645959,75645954
30250,30250,4,,,,,,75645918,75645828
30250,30250,4,,,,,,75645926,75645912
30250,30250,4,,,,,,75626971,75626954
30250,30250,4,,,,,,75626911,75626823
30250,30250,4,,,,,,75626913,75626963
30250,30250,4,,,,,,75626958,75626869
30250,30250,4,,,,,,75626820,75627044
30250,30250,4,,,,,,75627055,75626817
30250,30250,4,,,,,,75627032,75627002
30250,30250,4,,,,,,75626868,75626898
30250,30250,4,,,,,,75626996,75626878
30250,30250,4,,,,,,75626830,75626818
30250,30250,4,,,,,,75627045,75627036
30250,30250,4,,,,,,75627057,75626821
30250,30250,4,,,,,,75627053,75626848
30250,30250,4,,,,,,75627014,75626998
30250,30250,4,,,,,,75626941,75627033
30250,30250,4,,,,,,75627028,75627021
30250,30250,4,,,,,,75626903,75626826
30250,30250,4,,,,,,75626849,75626828
30250,30250,4,,,,,,75626988,75626969
30250,30250,4,,,,,,75627015,75626973
30250,30250,4,,,,,,75626881,75626899
30250,30250,4,,,,,,75626989,75626873
30250,30250,4,,,,,,75626895,75626879
30250,30250,4,,,,,,75626952,75626914
30250,30250,4,,,,,,75627052,75627054
30250,30250,4,,,,,,75626897,75626866
30250,30250,4,,,,,,75626822,75626844
30250,30250,4,,,,,,75626995,75627013
30250,30250,4,,,,,,75626959,75626966
30250,30250,4,,,,,,75626997,75627017
30250,30250,4,,,,,,75626987,75627010
30250,30250,4,,,,,,75627027,75627012
30250,30250,4,,,,,,75627046,75626974
30250,30250,4,,,,,,75626965,75626994
30250,30250,4,,,,,,75626917,75627039
30250,30250,4,,,,,,75627001,75626915
30250,30250,4,,,,,,75627060,75626993
30250,30250,4,,,,,,75627061,75626980
30250,30250,4,,,,,,75626999,75627041
30250,30250,4,,,,,,75626827,75626855
30250,30250,4,,,,,,75626831,75626867
30250,30250,4,,,,,,75626829,75627056
30250,30250,4,,,,,,75627030,75627034
30250,30250,4,,,,,,75627035,75626926
30250,30250,4,,,,,,75626918,75626945
30250,30250,4,,,,,,75626927,75626967
30250,30250,4,,,,,,75626986,75627008
30250,30250,4,,,,,,75626949,75626938
30250,30250,4,,,,,,75626948,75626922
30250,30250,4,,,,,,75626929,75626928
30250,30250,4,,,,,,75626930,75626937
30250,30250,4,,,,,,75626919,75626931
30250,30250,4,,,,,,75626925,75626923
30250,30250,4,,,,,,75626951,75627051
30250,30250,4,,,,,,75626845,75627050
30250,30250,4,,,,,,75626850,75626872
30250,30250,4,,,,,,75626846,75626896
30250,30250,4,,,,,,75626824,75626825
30250,30250,4,,,,,,75626955,75626956
30250,30250,4,,,,,,75627020,75627022
30250,30250,4,,,,,,75627040,75627037
30250,30250,4,,,,,,75627048,75627058
30250,30250,4,,,,,,75627038,75627049
30250,30250,4,,,,,,75627059,75626905
30250,30250,4,,,,,,75626936,75626906
30250,30250,4,,,,,,75626944,75627018
30250,30250,4,,,,,,75626981,75626942
30250,30250,4,,,,,,75627016,75627062
30250,30250,4,,,,,,75626934,75626921
30250,30250,4,,,,,,75626935,75627047
30250,30250,4,,,,,,75627019,75626916
30250,30250,4,,,,,,75626920,75627031
30250,30250,4,,,,,,75626933,75627011
30250,30250,4,,,,,,75626856,75627007
30250,30250,4,,,,,,75626957,75627006
30250,30250,4,,,,,,75627005,75626950
30250,30250,4,,,,,,75626970,75626864
30250,30250,4,,,,,,75626900,75626912
30250,30250,4,,,,,,75626901,75626910
30250,30250,4,,,,,,75626946,75626932
30250,30250,4,,,,,,75626983,75626870
30250,30250,4,,,,,,75626893,75626880
30250,30250,4,,,,,,75627431,75626833
30250,30250,4,,,,,,75626839,75626841
30250,30250,4,,,,,,75627029,75627023
30250,30250,4,,,,,,75626982,75626853
30250,30250,4,,,,,,75626992,75626972
30250,30250,4,,,,,,75626984,75627293
30250,30250,4,,,,,,75626835,75626834
30250,30250,4,,,,,,75626960,75626961
30250,30250,4,,,,,,75627043,75627064
30250,30250,4,,,,,,75627024,75627042
30250,30250,4,,,,,,75627026,75627357
30250,30250,4,,,,,,75626962,75626968
30250,30250,4,,,,,,75626840,75626953
30250,30250,4,,,,,,76917363,76917362
30250,30250,4,,,,,,76917368,76917355
30250,30250,4,,,,,,76917359,76917360
30250,30250,4,,,,,,76917358,76917366
30250,30250,4,,,,,,76917364,76917350
30250,30250,4,,,,,,76917365,76917357
30250,30250,4,,,,,,76917354,76917356
30250,30250,4,,,,,,76917372,76917374
30250,30250,4,,,,,,76917373,76917375
30250,30250,4,,,,,,76917369,76917367
30250,30250,4,,,,,,76917371,76917370
30250,30250,4,,,,,,76917385,76917383
30250,30250,4,,,,,,76917384,76917386
30250,30250,4,,,,,,76917377,76917382
30250,30250,4,,,,,,76917381,76917380
30250,30250,4,,,,,,76917388,76917389
30250,30250,4,,,,,,76917376,76917378
30250,30250,4,,,,,,76917379,76917390
30250,30250,4,,,,,,76917394,76917391
30250,30250,4,,,,,,76917393,76917387
30250,30250,4,,,,,,76917396,76917400
30250,30250,4,,,,,,76917399,76917398
30250,30250,4,,,,,,76917395,76917397
30250,30250,4,,,,,,76917392,76917407
30250,30250,4,,,,,,76917406,76917402
30250,30250,4,,,,,,76917405,76917401
30250,30250,4,,,,,,76917403,76917404
30250,30250,4,,,,,,76917412,76917415
30250,30250,4,,,,,,76917409,76917411
30250,30250,4,,,,,,76917414,76917408
30250,30250,4,,,,,,76917413,76917410
30250,30250,4,,,,,,76917844,76917838
30250,30250,4,,,,,,76917840,76917820
30250,30250,4,,,,,,76917841,76917836
30250,30250,4,,,,,,76917824,76917839
30250,30250,4,,,,,,76917837,76917813
30250,30250,4,,,,,,76917812,76917835
30250,30250,4,,,,,,76917842,76917816
30250,30250,4,,,,,,76917817,76917814
30250,30250,4,,,,,,76917811,76917823
30250,30250,4,,,,,,76917822,76917834
30250,30250,4,,,,,,76917833,76917815
30250,30250,4,,,,,,76917831,76917821
30250,30250,4,,,,,,76917819,76917830
30250,30250,4,,,,,,76917818,76917832
30250,30250,4,,,,,,76917828,76917826
30250,30250,4,,,,,,76917825,76917827
30250,30250,4,,,,,,76917829,76917843
30250,30250,4,,,,,,76917507,76917499
30250,30250,4,,,,,,76917501,76917504
30250,30250,4,,,,,,76917500,76917506
30250,30250,4,,,,,,76917503,76917502
30250,30250,4,,,,,,76917496,76917498
30250,30250,4,,,,,,76917505,76917477
30250,30250,4,,,,,,76917497,76917485
30250,30250,4,,,,,,76917495,76917493
30250,30250,4,,,,,,76917486,76917494
30250,30250,4,,,,,,76917475,76917492
30250,30250,4,,,,,,76917484,76917483
30250,30250,4,,,,,,76917463,76917473
30250,30250,4,,,,,,76917472,76917446
30250,30250,4,,,,,,76917478,76917453
30250,30250,4,,,,,,76917450,76917489
30250,30250,4,,,,,,76917448,76917487
30250,30250,4,,,,,,76917465,76917469
30250,30250,4,,,,,,76917454,76917452
30250,30250,4,,,,,,76917458,76917466
30250,30250,4,,,,,,76917460,76917468
30250,30250,4,,,,,,76917464,76917451
30250,30250,4,,,,,,76917447,76917471
30250,30250,4,,,,,,76917462,76917470
30250,30250,4,,,,,,76917455,76917479
30250,30250,4,,,,,,76917461,76917433
30250,30250,4,,,,,,76917432,76917476
30250,30250,4,,,,,,76917456,76917488
30250,30250,4,,,,,,76917459,76917490
30250,30250,4,,,,,,76917467,76917480
30250,30250,4,,,,,,76917449,76917440
30250,30250,4,,,,,,76917439,76917474
30250,30250,4,,,,,,76917457,76917491
30250,30250,4,,,,,,76917420,76917417
30250,30250,4,,,,,,76917421,76917416
30250,30250,4,,,,,,76917419,76917418
30250,30250,4,,,,,,76917427,76917425
30250,30250,4,,,,,,76917424,76917426
30250,30250,4,,,,,,76917422,76917423
30250,30250,4,,,,,,76917428,76917431
30250,30250,4,,,,,,76917481,76917482
30250,30250,4,,,,,,76917445,76917434
30250,30250,4,,,,,,76917442,76917437
30250,30250,4,,,,,,76917443,76917441
30250,30250,4,,,,,,76917429,76917438
30250,30250,4,,,,,,76917435,76917444
30250,30250,4,,,,,,77130469,77130468
30250,30250,4,,,,,,77130471,77130470
30250,30250,4,,,,,,77130473,77130475
30250,30250,4,,,,,,77130474,77130472
30250,30250,4,,,,,,77130479,77130477
30250,30250,4,,,,,,77130476,77130478
30250,30250,4,,,,,,77130481,77130480
30250,30250,4,,,,,,77130483,77130482
30250,30250,4,,,,,,77130484,77130506
30250,30250,4,,,,,,77130504,77130505
30250,30250,4,,,,,,77130501,77130502
30250,30250,4,,,,,,77130503,77130511
30250,30250,4,,,,,,77130510,77130512
30250,30250,4,,,,,,77130509,77130513
30250,30250,4,,,,,,77130519,77130516
30250,30250,4,,,,,,77130515,77130514
30250,30250,4,,,,,,77130518,77130517
30250,30250,4,,,,,,77130534,77130533
30250,30250,4,,,,,,77130552,77130545
30250,30250,4,,,,,,77130520,77130548
30250,30250,4,,,,,,77130537,77130538
30250,30250,4,,,,,,77130553,77130535
30250,30250,4,,,,,,77130576,77130574
30250,30250,4,,,,,,77130581,77130577
30250,30250,4,,,,,,77130569,77130564
30250,30250,4,,,,,,77130575,77130573
30250,30250,4,,,,,,77130494,77130490
30250,30250,4,,,,,,77130485,77130495
30250,30250,4,,,,,,77130499,77130496
30250,30250,4,,,,,,77130492,77130488
30250,30250,4,,,,,,77130493,77130489
30250,30250,4,,,,,,77130498,77130487
30250,30250,4,,,,,,77130497,77130491
30250,30250,4,,,,,,77130486,77130508
30250,30250,4,,,,,,77130547,77130546
30250,30250,4,,,,,,77130522,77130521
30250,30250,4,,,,,,77130527,77130524
30250,30250,4,,,,,,77130529,77130525
30250,30250,4,,,,,,77130530,77130526
30250,30250,4,,,,,,77130532,77130536
30250,30250,4,,,,,,77130541,77130539
30250,30250,4,,,,,,77130600,77130601
30250,30250,4,,,,,,77130595,77130610
30250,30250,4,,,,,,77130605,77130619
30250,30250,4,,,,,,77130609,77130620
30250,30250,4,,,,,,77130621,77130596
30250,30250,4,,,,,,77130617,77130615
30250,30250,4,,,,,,77130618,77130607
30250,30250,4,,,,,,77130612,77130611
30250,30250,4,,,,,,77130606,77130613
30250,30250,4,,,,,,77130608,77130614
30250,30250,4,,,,,,77130650,77130642
30250,30250,4,,,,,,77130640,77130644
30250,30250,4,,,,,,77130639,77130653
30250,30250,4,,,,,,77130651,77130652
30250,30250,4,,,,,,77130645,77130648
30250,30250,4,,,,,,77130647,77130643
30250,30250,4,,,,,,77130646,77130649
30250,30250,4,,,,,,77130641,77130654
30250,30250,4,,,,,,77130710,77130712
30250,30250,4,,,,,,77130713,77130708
30250,30250,4,,,,,,77130715,77130717
30250,30250,4,,,,,,77130718,77130707
30250,30250,4,,,,,,77130716,77130711
30250,30250,4,,,,,,77130714,77130709
30250,30250,4,,,,,,77130694,77130657
30250,30250,4,,,,,,77130702,77130688
30250,30250,4,,,,,,77130658,77130665
30250,30250,4,,,,,,77130682,77130681
30250,30250,4,,,,,,77130683,77130663
30250,30250,4,,,,,,77130660,77130685
30250,30250,4,,,,,,77130684,77130664
30250,30250,4,,,,,,77130687,77130662
30250,30250,4,,,,,,77130677,77130659
30250,30250,4,,,,,,77130696,77130661
30250,30250,4,,,,,,77130703,77130693
30250,30250,4,,,,,,77130698,77130674
30250,30250,4,,,,,,77130678,77130672
30250,30250,4,,,,,,77130676,77130680
30250,30250,4,,,,,,77130691,77130686
30250,30250,4,,,,,,77130699,77130673
30250,30250,4,,,,,,77130675,77130679
30250,30250,4,,,,,,77130705,77130666
30250,30250,4,,,,,,77130670,77130671
30250,30250,4,,,,,,77130730,77130725
30250,30250,4,,,,,,77130726,77130727
30250,30250,4,,,,,,77130729,77130721
30250,30250,4,,,,,,77130731,77130722
30250,30250,4,,,,,,77130723,77130724
30250,30250,4,,,,,,77131046,77130706
30250,30250,4,,,,,,77130695,77130697
30250,30250,4,,,,,,77130667,77130689
30250,30250,4,,,,,,77130700,77130704
30250,30250,4,,,,,,77130669,77130668
30250,30250,4,,,,,,77130692,77130690
30250,30250,4,,,,,,77130598,77130630
30250,30250,4,,,,,,77130623,77130622
30250,30250,4,,,,,,77130629,77130628
30250,30250,4,,,,,,77130633,77130636
30250,30250,4,,,,,,77130625,77130627
30250,30250,4,,,,,,77130631,77130632
30250,30250,4,,,,,,77130634,77130637
30250,30250,4,,,,,,77130528,77130549
30250,30250,4,,,,,,77130544,77130551
30250,30250,4,,,,,,77130542,77130531
30250,30250,4,,,,,,77130550,77130543
30250,30250,4,,,,,,77130570,77130584
30250,30250,4,,,,,,77130565,77130582
30250,30250,4,,,,,,77130583,77130566
30250,30250,4,,,,,,77130571,77130568
30250,30250,4,,,,,,77130572,77130593
30250,30250,4,,,,,,77130592,77130594
30250,30250,4,,,,,,77130602,77130604
30250,30250,4,,,,,,77130626,77130624
30250,30250,4,,,,,,77130559,77130558
30250,30250,4,,,,,,77130556,77130561
30250,30250,4,,,,,,77130560,77130554
30250,30250,4,,,,,,77130557,77130555
30250,30250,4,,,,,,77130586,77130587
30250,30250,4,,,,,,77130579,77130578
30250,30250,4,,,,,,77130580,77130567
30250,30250,4,,,,,,77130588,77130585
30250,30250,4,,,,,,77130590,77130591
30250,30250,4,,,,,,77130597,77130599
30250,30250,4,,,,,,77111298,77111294
30250,30250,4,,,,,,77111293,77111291
30250,30250,4,,,,,,77111290,77111289
30250,30250,4,,,,,,77111297,77111288
30250,30250,4,,,,,,77111295,77111285
30250,30250,4,,,,,,77111286,77111292
30250,30250,4,,,,,,77111296,77111306
30250,30250,4,,,,,,77111314,77111315
30250,30250,4,,,,,,77111304,77111311
30250,30250,4,,,,,,77111316,77111308
30250,30250,4,,,,,,77111303,77111313
30250,30250,4,,,,,,77111312,77111300
30250,30250,4,,,,,,77111302,77111307
30250,30250,4,,,,,,77111305,77111309
30250,30250,4,,,,,,77111301,77111299
30250,30250,4,,,,,,77111310,77111319
30250,30250,4,,,,,,77111322,77111323
30250,30250,4,,,,,,77111329,77111328
30250,30250,4,,,,,,77111331,77111326
30250,30250,4,,,,,,77111341,77111337
30250,30250,4,,,,,,77111340,77111335
30250,30250,4,,,,,,77111334,77111336
30250,30250,4,,,,,,77111348,77111347
30250,30250,4,,,,,,77111346,77111345
30250,30250,4,,,,,,77111353,77111354
30250,30250,4,,,,,,77111356,77111357
30250,30250,4,,,,,,77111360,77111366
30250,30250,4,,,,,,77111365,77111383
30250,30250,4,,,,,,77111367,77111379
30250,30250,4,,,,,,77111380,77111376
30250,30250,4,,,,,,77111381,77111378
30250,30250,4,,,,,,77111375,77111377
30250,30250,4,,,,,,77111372,77111370
30250,30250,4,,,,,,77111369,77111373
30250,30250,4,,,,,,77111371,77111374
30250,30250,4,,,,,,77111368,77111386
30250,30250,4,,,,,,77111254,77111255
30250,30250,4,,,,,,77111252,77111256
30250,30250,4,,,,,,77111257,77111258
30250,30250,4,,,,,,77111259,77111260
30250,30250,4,,,,,,77111261,77111262
30250,30250,4,,,,,,77111263,77111264
30250,30250,4,,,,,,77111265,77111266
30250,30250,4,,,,,,77111267,77111268
30250,30250,4,,,,,,77111269,77111270
30250,30250,4,,,,,,77111271,77111272
30250,30250,4,,,,,,77111273,77111274
30250,30250,4,,,,,,77111275,77111276
30250,30250,4,,,,,,77111278,77111277
30250,30250,4,,,,,,77111279,77111280
30250,30250,4,,,,,,77111281,77111283
30250,30250,4,,,,,,77111282,77111284
30250,30250,4,,,,,,77111320,77111321
30250,30250,4,,,,,,77111324,77111327
30250,30250,4,,,,,,77111325,77111332
30250,30250,4,,,,,,77111330,77111339
30250,30250,4,,,,,,77111333,77111342
30250,30250,4,,,,,,77111338,77111343
30250,30250,4,,,,,,77111344,77111349
30250,30250,4,,,,,,77111352,77111350
30250,30250,4,,,,,,77111351,77111355
30250,30250,4,,,,,,77111358,77111359
30250,30250,4,,,,,,77111361,77111362
30250,30250,4,,,,,,77111364,77111382
30250,30250,4,,,,,,77111385,77111387
30250,30250,4,,,,,,77111389,77111394
30250,30250,4,,,,,,77111396,77111401
30250,30250,4,,,,,,77111384,77111390
30250,30250,4,,,,,,77111392,77111395
30250,30250,4,,,,,,77111398,77111402
30250,30250,4,,,,,,77111404,77111407
30250,30250,4,,,,,,77111409,77111413
30250,30250,4,,,,,,77111416,77111419
30250,30250,4,,,,,,77111422,77111425
30250,30250,4,,,,,,77111426,77111430
30250,30250,4,,,,,,77111433,77111438
30250,30250,4,,,,,,77111388,77111391
30250,30250,4,,,,,,77111393,77111397
30250,30250,4,,,,,,77111399,77111403
30250,30250,4,,,,,,77111406,77111410
30250,30250,4,,,,,,77111412,77111415
30250,30250,4,,,,,,77111417,77111421
30250,30250,4,,,,,,77111424,77111427
30250,30250,4,,,,,,77111431,77111435
30250,30250,4,,,,,,77111400,77111405
30250,30250,4,,,,,,77111408,77111411
30250,30250,4,,,,,,77111414,77111418
30250,30250,4,,,,,,77111420,77111423
30250,30250,4,,,,,,77111428,77111429
30250,30250,4,,,,,,77111432,77111436
30250,30250,4,,,,,,77141029,77141028
30250,30250,4,,,,,,77141031,77141030
30250,30250,4,,,,,,77141033,77141035
30250,30250,4,,,,,,77141034,77141032
30250,30250,4,,,,,,77141039,77141037
30250,30250,4,,,,,,77141036,77141038
30250,30250,4,,,,,,77141041,77141040
30250,30250,4,,,,,,77141043,77141042
30250,30250,4,,,,,,77141044,77141066
30250,30250,4,,,,,,77141064,77141065
30250,30250,4,,,,,,77141061,77141062
30250,30250,4,,,,,,77141063,77141071
30250,30250,4,,,,,,77141070,77141072
30250,30250,4,,,,,,77141069,77141073
30250,30250,4,,,,,,77141079,77141076
30250,30250,4,,,,,,77141075,77141074
30250,30250,4,,,,,,77141078,77141077
30250,30250,4,,,,,,77141094,77141093
30250,30250,4,,,,,,77141112,77141105
30250,30250,4,,,,,,77141080,77141108
30250,30250,4,,,,,,77141097,77141098
30250,30250,4,,,,,,77141113,77141095
30250,30250,4,,,,,,77141136,77141134
30250,30250,4,,,,,,77141141,77141137
30250,30250,4,,,,,,77141129,77141124
30250,30250,4,,,,,,77141135,77141133
30250,30250,4,,,,,,77141054,77141050
30250,30250,4,,,,,,77141045,77141055
30250,30250,4,,,,,,77141059,77141056
30250,30250,4,,,,,,77141052,77141048
30250,30250,4,,,,,,77141053,77141049
30250,30250,4,,,,,,77141058,77141047
30250,30250,4,,,,,,77141057,77141051
30250,30250,4,,,,,,77141046,77141068
30250,30250,4,,,,,,77141107,77141106
30250,30250,4,,,,,,77141082,77141081
30250,30250,4,,,,,,77141087,77141084
30250,30250,4,,,,,,77141089,77141085
30250,30250,4,,,,,,77141090,77141086
30250,30250,4,,,,,,77141092,77141096
30250,30250,4,,,,,,77141101,77141099
30250,30250,4,,,,,,77141271,77141273
30250,30250,4,,,,,,77141274,77141269
30250,30250,4,,,,,,77141276,77141278
30250,30250,4,,,,,,77141279,77141268
30250,30250,4,,,,,,77141277,77141272
30250,30250,4,,,,,,77141275,77141270
30250,30250,4,,,,,,77141255,77141217
30250,30250,4,,,,,,77141263,77141249
30250,30250,4,,,,,,77141218,77141225
30250,30250,4,,,,,,77141243,77141242
30250,30250,4,,,,,,77141244,77141223
30250,30250,4,,,,,,77141220,77141246
30250,30250,4,,,,,,77141245,77141224
30250,30250,4,,,,,,77141248,77141222
30250,30250,4,,,,,,77141238,77141219
30250,30250,4,,,,,,77141257,77141221
30250,30250,4,,,,,,77141291,77141286
30250,30250,4,,,,,,77141287,77141288
30250,30250,4,,,,,,77141290,77141282
30250,30250,4,,,,,,77141292,77141283
30250,30250,4,,,,,,77141284,77141285
30250,30250,4,,,,,,77141183,77141182
30250,30250,4,,,,,,77141189,77141188
30250,30250,4,,,,,,77141193,77141196
30250,30250,4,,,,,,77141185,77141187
30250,30250,4,,,,,,77141191,77141192
30250,30250,4,,,,,,77141194,77141197
30250,30250,4,,,,,,77141264,77141254
30250,30250,4,,,,,,77141259,77141235
30250,30250,4,,,,,,77141239,77141233
30250,30250,4,,,,,,77141237,77141241
30250,30250,4,,,,,,77141252,77141247
30250,30250,4,,,,,,77141260,77141234
30250,30250,4,,,,,,77141236,77141240
30250,30250,4,,,,,,77141266,77141226
30250,30250,4,,,,,,77141231,77141232
30250,30250,4,,,,,,77141228,77141267
30250,30250,4,,,,,,77141256,77141258
30250,30250,4,,,,,,77141088,77141109
30250,30250,4,,,,,,77141104,77141111
30250,30250,4,,,,,,77141102,77141091
30250,30250,4,,,,,,77141110,77141103
30250,30250,4,,,,,,77141130,77141144
30250,30250,4,,,,,,77141125,77141142
30250,30250,4,,,,,,77141143,77141126
30250,30250,4,,,,,,77141131,77141128
30250,30250,4,,,,,,77141132,77141153
30250,30250,4,,,,,,77141152,77141154
30250,30250,4,,,,,,77141162,77141164
30250,30250,4,,,,,,77141186,77141184
30250,30250,4,,,,,,77141119,77141118
30250,30250,4,,,,,,77141116,77141121
30250,30250,4,,,,,,77141120,77141114
30250,30250,4,,,,,,77141117,77141115
30250,30250,4,,,,,,77141146,77141147
30250,30250,4,,,,,,77141139,77141138
30250,30250,4,,,,,,77141140,77141127
30250,30250,4,,,,,,77141148,77141145
30250,30250,4,,,,,,77141150,77141151
30250,30250,4,,,,,,77141157,77141159
30250,30250,4,,,,,,77141158,77141190
30250,30250,4,,,,,,77141160,77141161
30250,30250,4,,,,,,77141155,77141170
30250,30250,4,,,,,,77141165,77141179
30250,30250,4,,,,,,77141169,77141180
30250,30250,4,,,,,,77141181,77141156
30250,30250,4,,,,,,77141177,77141175
30250,30250,4,,,,,,77141178,77141167
30250,30250,4,,,,,,77141172,77141171
30250,30250,4,,,,,,77141166,77141173
30250,30250,4,,,,,,77141168,77141174
30250,30250,4,,,,,,77141210,77141202
30250,30250,4,,,,,,77141200,77141204
30250,30250,4,,,,,,77141199,77141213
30250,30250,4,,,,,,77141211,77141212
30250,30250,4,,,,,,77141205,77141208
30250,30250,4,,,,,,77141207,77141203
30250,30250,4,,,,,,77141206,77141209
30250,30250,4,,,,,,77141201,77141214
30250,30250,4,,,,,,77141227,77141250
30250,30250,4,,,,,,77141261,77141265
30250,30250,4,,,,,,77141230,77141229
30250,30250,4,,,,,,77141253,77141251
30250,30250,4,,,,,,77172930,77172929
30250,30250,4,,,,,,77172932,77172931
30250,30250,4,,,,,,77172934,77172936
30250,30250,4,,,,,,77172935,77172933
30250,30250,4,,,,,,77172940,77172938
30250,30250,4,,,,,,77172937,77172939
30250,30250,4,,,,,,77172942,77172941
30250,30250,4,,,,,,77172944,77172943
30250,30250,4,,,,,,77172945,77172967
30250,30250,4,,,,,,77172965,77172966
30250,30250,4,,,,,,77172962,77172963
30250,30250,4,,,,,,77172964,77172972
30250,30250,4,,,,,,77172971,77172973
30250,30250,4,,,,,,77172970,77172974
30250,30250,4,,,,,,77172980,77172977
30250,30250,4,,,,,,77172976,77172975
30250,30250,4,,,,,,77172979,77172978
30250,30250,4,,,,,,77172995,77172994
30250,30250,4,,,,,,77173013,77173006
30250,30250,4,,,,,,77172981,77173009
30250,30250,4,,,,,,77172998,77172999
30250,30250,4,,,,,,77173014,77172996
30250,30250,4,,,,,,77173037,77173035
30250,30250,4,,,,,,77173042,77173038
30250,30250,4,,,,,,77173030,77173025
30250,30250,4,,,,,,77173036,77173034
30250,30250,4,,,,,,77172955,77172951
30250,30250,4,,,,,,77172946,77172956
30250,30250,4,,,,,,77172960,77172957
30250,30250,4,,,,,,77172953,77172949
30250,30250,4,,,,,,77172954,77172950
30250,30250,4,,,,,,77172959,77172948
30250,30250,4,,,,,,77172958,77172952
30250,30250,4,,,,,,77172947,77172969
30250,30250,4,,,,,,77173008,77173007
30250,30250,4,,,,,,77172983,77172982
30250,30250,4,,,,,,77172988,77172985
30250,30250,4,,,,,,77172990,77172986
30250,30250,4,,,,,,77172991,77172987
30250,30250,4,,,,,,77172993,77172997
30250,30250,4,,,,,,77173002,77173000
30250,30250,4,,,,,,77173171,77173173
30250,30250,4,,,,,,77173174,77173169
30250,30250,4,,,,,,77173176,77173178
30250,30250,4,,,,,,77173179,77173168
30250,30250,4,,,,,,77173177,77173172
30250,30250,4,,,,,,77173175,77173170
30250,30250,4,,,,,,77173155,77173118
30250,30250,4,,,,,,77173163,77173149
30250,30250,4,,,,,,77173119,77173126
30250,30250,4,,,,,,77173143,77173142
30250,30250,4,,,,,,77173144,77173124
30250,30250,4,,,,,,77173121,77173146
30250,30250,4,,,,,,77173145,77173125
30250,30250,4,,,,,,77173148,77173123
30250,30250,4,,,,,,77173138,77173120
30250,30250,4,,,,,,77173157,77173122
30250,30250,4,,,,,,77173164,77173154
30250,30250,4,,,,,,77173159,77173135
30250,30250,4,,,,,,77173139,77173133
30250,30250,4,,,,,,77173137,77173141
30250,30250,4,,,,,,77173152,77173147
30250,30250,4,,,,,,77173160,77173134
30250,30250,4,,,,,,77173136,77173140
30250,30250,4,,,,,,77173166,77173127
30250,30250,4,,,,,,77173131,77173132
30250,30250,4,,,,,,77173191,77173186
30250,30250,4,,,,,,77173187,77173188
30250,30250,4,,,,,,77173190,77173182
30250,30250,4,,,,,,77173192,77173183
30250,30250,4,,,,,,77173184,77173185
30250,30250,4,,,,,,77173509,77173167
30250,30250,4,,,,,,77173156,77173158
30250,30250,4,,,,,,77173128,77173150
30250,30250,4,,,,,,77173051,77173052
30250,30250,4,,,,,,77173058,77173060
30250,30250,4,,,,,,77173059,77173091
30250,30250,4,,,,,,77173084,77173083
30250,30250,4,,,,,,77173090,77173089
30250,30250,4,,,,,,77173094,77173097
30250,30250,4,,,,,,77173161,77173165
30250,30250,4,,,,,,77173130,77173129
30250,30250,4,,,,,,77173153,77173151
30250,30250,4,,,,,,77173086,77173088
30250,30250,4,,,,,,77173092,77173093
30250,30250,4,,,,,,77173095,77173098
30250,30250,4,,,,,,77172989,77173010
30250,30250,4,,,,,,77173005,77173012
30250,30250,4,,,,,,77173003,77172992
30250,30250,4,,,,,,77173011,77173004
30250,30250,4,,,,,,77173031,77173045
30250,30250,4,,,,,,77173026,77173043
30250,30250,4,,,,,,77173044,77173027
30250,30250,4,,,,,,77173032,77173029
30250,30250,4,,,,,,77173033,77173054
30250,30250,4,,,,,,77173053,77173055
30250,30250,4,,,,,,77173063,77173065
30250,30250,4,,,,,,77173087,77173085
30250,30250,4,,,,,,77173020,77173019
30250,30250,4,,,,,,77173017,77173022
30250,30250,4,,,,,,77173021,77173015
30250,30250,4,,,,,,77173018,77173016
30250,30250,4,,,,,,77173047,77173048
30250,30250,4,,,,,,77173040,77173039
30250,30250,4,,,,,,77173041,77173028
30250,30250,4,,,,,,77173049,77173046
30250,30250,4,,,,,,77173061,77173062
30250,30250,4,,,,,,77173056,77173071
30250,30250,4,,,,,,77173066,77173080
30250,30250,4,,,,,,77173070,77173081
30250,30250,4,,,,,,77173082,77173057
30250,30250,4,,,,,,77173078,77173076
30250,30250,4,,,,,,77173079,77173068
30250,30250,4,,,,,,77173073,77173072
30250,30250,4,,,,,,77173067,77173074
30250,30250,4,,,,,,77173069,77173075
30250,30250,4,,,,,,77173111,77173103
30250,30250,4,,,,,,77173101,77173105
30250,30250,4,,,,,,77173100,77173114
30250,30250,4,,,,,,77173112,77173113
30250,30250,4,,,,,,77173106,77173109
30250,30250,4,,,,,,77173108,77173104
30250,30250,4,,,,,,77173107,77173110
30250,30250,4,,,,,,77173102,77173115
30250,30250,4,,,,,,76938589,76938595
30250,30250,4,,,,,,76938603,76938600
30250,30250,4,,,,,,76938594,76938602
30250,30250,4,,,,,,76938591,76938593
30250,30250,4,,,,,,76938596,76938604
30250,30250,4,,,,,,76938623,76938614
30250,30250,4,,,,,,76938624,76938632
30250,30250,4,,,,,,76938615,76938629
30250,30250,4,,,,,,76938621,76938630
30250,30250,4,,,,,,76938619,76938620
30250,30250,4,,,,,,76938661,76938662
30250,30250,4,,,,,,76938667,76938668
30250,30250,4,,,,,,76938673,76938674
30250,30250,4,,,,,,76938679,76938680
30250,30250,4,,,,,,76938685,76938686
30250,30250,4,,,,,,76938691,76938692
30250,30250,4,,,,,,76938695,76938696
30250,30250,4,,,,,,76938663,76938664
30250,30250,4,,,,,,76938669,76938670
30250,30250,4,,,,,,76938675,76938676
30250,30250,4,,,,,,76938681,76938682
30250,30250,4,,,,,,76938687,76938688
30250,30250,4,,,,,,76938693,76938694
30250,30250,4,,,,,,76938640,76938637
30250,30250,4,,,,,,76938634,76938631
30250,30250,4,,,,,,76938665,76938666
30250,30250,4,,,,,,76938671,76938672
30250,30250,4,,,,,,76938677,76938678
30250,30250,4,,,,,,76938683,76938684
30250,30250,4,,,,,,76938689,76938690
30250,30250,4,,,,,,76938647,76938646
30250,30250,4,,,,,,76938607,76938648
30250,30250,4,,,,,,76938613,76938622
30250,30250,4,,,,,,76938597,76938599
30250,30250,4,,,,,,76938628,76938609
30250,30250,4,,,,,,76938598,76938608
30250,30250,4,,,,,,76938606,76938610
30250,30250,4,,,,,,76938612,76938605
30250,30250,4,,,,,,76938601,76938611
30250,30250,4,,,,,,76938639,76938626
30250,30250,4,,,,,,76938625,76938636
30250,30250,4,,,,,,76938618,76938643
30250,30250,4,,,,,,76938616,76938633
30250,30250,4,,,,,,76938635,76938645
30250,30250,4,,,,,,76938638,76938642
30250,30250,4,,,,,,76938641,76938627
30250,30250,4,,,,,,77133867,77133851
30250,30250,4,,,,,,77133810,77133761
30250,30250,4,,,,,,77133813,77133860
30250,30250,4,,,,,,77133854,77133790
30250,30250,4,,,,,,77133754,77133928
30250,30250,4,,,,,,77133942,77133755
30250,30250,4,,,,,,77133920,77133892
30250,30250,4,,,,,,77133789,77133801
30250,30250,4,,,,,,77133886,77133793
30250,30250,4,,,,,,77133767,77133758
30250,30250,4,,,,,,77133932,77133923
30250,30250,4,,,,,,77133944,77133757
30250,30250,4,,,,,,77133940,77133780
30250,30250,4,,,,,,77133901,77133888
30250,30250,4,,,,,,77133838,77133921
30250,30250,4,,,,,,77133919,77133908
30250,30250,4,,,,,,77133805,77133763
30250,30250,4,,,,,,77133781,77133765
30250,30250,4,,,,,,77133880,77133865
30250,30250,4,,,,,,77133902,77133869
30250,30250,4,,,,,,77133796,77133802
30250,30250,4,,,,,,77133882,77133792
30250,30250,4,,,,,,77133798,77133794
30250,30250,4,,,,,,77133849,77133814
30250,30250,4,,,,,,77133939,77133941
30250,30250,4,,,,,,77133800,77133787
30250,30250,4,,,,,,77134406,77134398
30250,30250,4,,,,,,77134396,77134434
30250,30250,4,,,,,,77134430,77134440
30250,30250,4,,,,,,77134408,77134400
30250,30250,4,,,,,,77134399,77134401
30250,30250,4,,,,,,77134446,77134397
30250,30250,4,,,,,,77134433,77134407
30250,30250,4,,,,,,77134395,77134435
30250,30250,4,,,,,,77133852,77133846
30250,30250,4,,,,,,77133907,77133909
30250,30250,4,,,,,,77133924,77133925
30250,30250,4,,,,,,77133935,77133945
30250,30250,4,,,,,,77133926,77133936
30250,30250,4,,,,,,77133946,77133807
30250,30250,4,,,,,,77133835,77133808
30250,30250,4,,,,,,77134418,77134419
30250,30250,4,,,,,,77134416,77134405
30250,30250,4,,,,,,77134409,77134425
30250,30250,4,,,,,,77134424,77134427
30250,30250,4,,,,,,77134414,77134410
30250,30250,4,,,,,,77134417,77134404
30250,30250,4,,,,,,77134426,77134411
30250,30250,4,,,,,,77134422,77134443
30250,30250,4,,,,,,77134431,77134436
30250,30250,4,,,,,,77134432,77134421
30250,30250,4,,,,,,77134447,77134437
30250,30250,4,,,,,,77134444,77134420
30250,30250,4,,,,,,77134441,77134442
30250,30250,4,,,,,,77134439,77134429
30250,30250,4,,,,,,77133840,77133905
30250,30250,4,,,,,,77133873,77133839
30250,30250,4,,,,,,77133903,77133949
30250,30250,4,,,,,,77133833,77133821
30250,30250,4,,,,,,77133834,77133934
30250,30250,4,,,,,,77133906,77133816
30250,30250,4,,,,,,77133820,77133918
30250,30250,4,,,,,,77133832,77133898
30250,30250,4,,,,,,77133783,77133895
30250,30250,4,,,,,,77133853,77133894
30250,30250,4,,,,,,77133889,77133847
30250,30250,4,,,,,,77133866,77133786
30250,30250,4,,,,,,77133803,77133812
30250,30250,4,,,,,,77133804,77133809
30250,30250,4,,,,,,77133842,77133831
30250,30250,4,,,,,,77133875,77133791
30250,30250,4,,,,,,77133797,77133795
30250,30250,4,,,,,,77134096,77133769
30250,30250,4,,,,,,77133772,77133774
30250,30250,4,,,,,,77133885,77133900
30250,30250,4,,,,,,77133855,77133862
30250,30250,4,,,,,,77133881,77133904
30250,30250,4,,,,,,77133879,77133897
30250,30250,4,,,,,,77133914,77133899
30250,30250,4,,,,,,77134756,77134090
30250,30250,4,,,,,,77133859,77133864
30250,30250,4,,,,,,77133773,77133850
30250,30250,4,,,,,,77133931,77133951
30250,30250,4,,,,,,77133911,77133930
30250,30250,4,,,,,,77133913,77134070
30250,30250,4,,,,,,77133915,77133910
30250,30250,4,,,,,,77133874,77133785
30250,30250,4,,,,,,77133883,77133868
30250,30250,4,,,,,,77133876,77134029
30250,30250,4,,,,,,77133771,77133770
30250,30250,4,,,,,,77133856,77133857
30250,30250,4,,,,,,77133782,77133788
30250,30250,4,,,,,,77133778,77133799
30250,30250,4,,,,,,77133759,77133762
30250,30250,4,,,,,,77133933,77133870
30250,30250,4,,,,,,77133858,77133884
30250,30250,4,,,,,,77133817,77133927
30250,30250,4,,,,,,77133891,77133815
30250,30250,4,,,,,,77133947,77133887
30250,30250,4,,,,,,77133948,77133872
30250,30250,4,,,,,,77133890,77133929
30250,30250,4,,,,,,77133777,77133937
30250,30250,4,,,,,,77133760,77133775
30250,30250,4,,,,,,77133764,77133776
30250,30250,4,,,,,,77133768,77133784
30250,30250,4,,,,,,77133766,77133943
30250,30250,4,,,,,,77134428,77134415
30250,30250,4,,,,,,77134402,77134448
30250,30250,4,,,,,,77134445,77134423
30250,30250,4,,,,,,77134413,77134412
30250,30250,4,,,,,,77134449,77134450
30250,30250,4,,,,,,77133824,77133826
30250,30250,4,,,,,,77133848,77133938
30250,30250,4,,,,,,77134438,77134403
30250,30250,4,,,,,,77133917,77133922
30250,30250,4,,,,,,77133916,77133825
30250,30250,4,,,,,,77133811,77133841
30250,30250,4,,,,,,77133823,77133863
30250,30250,4,,,,,,77133878,77133896
30250,30250,4,,,,,,77133845,77133837
30250,30250,4,,,,,,77133844,77133822
30250,30250,4,,,,,,77133828,77133827
30250,30250,4,,,,,,77133829,77133836
30250,30250,4,,,,,,77133818,77133830
30250,30250,4,,,,,,76924930,76924929
30250,30250,4,,,,,,76924932,76924931
30250,30250,4,,,,,,76924933,76924941
30250,30250,4,,,,,,76924942,76924936
30250,30250,4,,,,,,76924934,76924946
30250,30250,4,,,,,,76924947,76924935
30250,30250,4,,,,,,76924945,76924944
30250,30250,4,,,,,,76924938,76924939
30250,30250,4,,,,,,76924943,76924940
30250,30250,4,,,,,,76924937,76924948
30250,30250,4,,,,,,76924951,76924949
30250,30250,4,,,,,,76924950,76924952
30250,30250,4,,,,,,76924956,76924953
30250,30250,4,,,,,,76924955,76924954
30250,30250,4,,,,,,76924957,76924959
30250,30250,4,,,,,,76924960,76924958
30250,30250,4,,,,,,76924963,76924961
30250,30250,4,,,,,,76924962,76924964
30250,30250,4,,,,,,76924966,76924965
30250,30250,4,,,,,,76924968,76924967
30250,30250,4,,,,,,76924970,76924969
30250,30250,4,,,,,,76924974,76924971
30250,30250,4,,,,,,76924972,76924973
30250,30250,4,,,,,,76924976,76924975
30250,30250,4,,,,,,76924977,76924979
30250,30250,4,,,,,,76924978,76924980
30250,30250,4,,,,,,76925018,76925022
30250,30250,4,,,,,,76925021,76925027
30250,30250,4,,,,,,76925026,76925029
30250,30250,4,,,,,,76925017,76925019
30250,30250,4,,,,,,76925023,76925015
30250,30250,4,,,,,,76925028,76925020
30250,30250,4,,,,,,76925024,76925014
30250,30250,4,,,,,,76925016,76925025
30250,30250,4,,,,,,76925065,76925067
30250,30250,4,,,,,,76925068,76925069
30250,30250,4,,,,,,76925070,76925072
30250,30250,4,,,,,,76925074,76925073
30250,30250,4,,,,,,76925071,76925075
30250,30250,4,,,,,,76925076,76925063
30250,30250,4,,,,,,76925066,76925062
30250,30250,4,,,,,,76925096,76925099
30250,30250,4,,,,,,76925097,76925083
30250,30250,4,,,,,,76925081,76925092
30250,30250,4,,,,,,76925082,76925093
30250,30250,4,,,,,,76925094,76925098
30250,30250,4,,,,,,76925089,76925090
30250,30250,4,,,,,,76925091,76925079
30250,30250,4,,,,,,76925085,76925084
30250,30250,4,,,,,,76925086,76925088
30250,30250,4,,,,,,76925080,76925087
30250,30250,4,,,,,,76925107,76925108
30250,30250,4,,,,,,76925103,76925101
30250,30250,4,,,,,,76925102,76925112
30250,30250,4,,,,,,76925111,76925114
30250,30250,4,,,,,,76925106,76925105
30250,30250,4,,,,,,76925109,76925104
30250,30250,4,,,,,,76925113,76925100
30250,30250,4,,,,,,76925110,76925115
30250,30250,4,,,,,,76925175,76925172
30250,30250,4,,,,,,76925174,76925170
30250,30250,4,,,,,,76925176,76925171
30250,30250,4,,,,,,76925177,76925169
30250,30250,4,,,,,,76925179,76925181
30250,30250,4,,,,,,76925178,76925173
30250,30250,4,,,,,,76925139,76925160
30250,30250,4,,,,,,76925150,76925141
30250,30250,4,,,,,,76925158,76925165
30250,30250,4,,,,,,76925140,76925135
30250,30250,4,,,,,,76925143,76925164
30250,30250,4,,,,,,76925162,76925136
30250,30250,4,,,,,,76925134,76925163
30250,30250,4,,,,,,76925145,76925157
30250,30250,4,,,,,,76925127,76925159
30250,30250,4,,,,,,76925146,76925161
30250,30250,4,,,,,,76925156,76925137
30250,30250,4,,,,,,76925153,76925119
30250,30250,4,,,,,,76925128,76925130
30250,30250,4,,,,,,76925132,76925131
30250,30250,4,,,,,,76925138,76925142
30250,30250,4,,,,,,76925152,76925121
30250,30250,4,,,,,,76925129,76925133
30250,30250,4,,,,,,76925168,76925124
30250,30250,4,,,,,,76925123,76925120
30250,30250,4,,,,,,76925126,76925167
30250,30250,4,,,,,,76925149,76925151
30250,30250,4,,,,,,76925118,76925144
30250,30250,4,,,,,,76925185,76925188
30250,30250,4,,,,,,76925182,76925183
30250,30250,4,,,,,,76925184,76925193
30250,30250,4,,,,,,76925187,76925191
30250,30250,4,,,,,,76925190,76925192
30250,30250,4,,,,,,76925040,76925042
30250,30250,4,,,,,,76925038,76925032
30250,30250,4,,,,,,76925039,76925037
30250,30250,4,,,,,,76925154,76925166
30250,30250,4,,,,,,76925125,76925122
30250,30250,4,,,,,,76925147,76925148
30250,30250,4,,,,,,76924989,76924986
30250,30250,4,,,,,,76924992,76924993
30250,30250,4,,,,,,76925011,76925012
30250,30250,4,,,,,,76925007,76925001
30250,30250,4,,,,,,76924996,76924998
30250,30250,4,,,,,,76924995,76925004
30250,30250,4,,,,,,76925002,76924994
30250,30250,4,,,,,,76925008,76925000
30250,30250,4,,,,,,76925009,76924997
30250,30250,4,,,,,,76924999,76925005
30250,30250,4,,,,,,76924985,76925006
30250,30250,4,,,,,,76924984,76924990
30250,30250,4,,,,,,76924982,76924987
30250,30250,4,,,,,,76924991,76924988
30250,30250,4,,,,,,76924983,76925010
30250,30250,4,,,,,,76925055,76925053
30250,30250,4,,,,,,76925049,76925059
30250,30250,4,,,,,,76925058,76925050
30250,30250,4,,,,,,76925052,76925054
30250,30250,4,,,,,,76925060,76925057
30250,30250,4,,,,,,76925034,76925033
30250,30250,4,,,,,,76925035,76925046
30250,30250,4,,,,,,76925056,76925051
30250,30250,4,,,,,,76925045,76925047
30250,30250,4,,,,,,76925041,76925044
30250,30250,4,,,,,,76925043,76925048
30250,30250,4,,,,,,75634421,75634417
30250,30250,4,,,,,,75634424,75634415
30250,30250,4,,,,,,75634416,75634419
30250,30250,4,,,,,,75634414,75634423
30250,30250,4,,,,,,75634418,75634410
30250,30250,4,,,,,,75634422,75634413
30250,30250,4,,,,,,75634411,75634412
30250,30250,4,,,,,,75634429,75634431
30250,30250,4,,,,,,75634430,75634432
30250,30250,4,,,,,,75634425,75634427
30250,30250,4,,,,,,75634428,75634426
30250,30250,4,,,,,,75634442,75634440
30250,30250,4,,,,,,75634441,75634443
30250,30250,4,,,,,,75634434,75634439
30250,30250,4,,,,,,75634438,75634437
30250,30250,4,,,,,,75634444,75634445
30250,30250,4,,,,,,75634433,75634435
30250,30250,4,,,,,,75634436,75634446
30250,30250,4,,,,,,75634451,75634449
30250,30250,4,,,,,,75634450,75634447
30250,30250,4,,,,,,75634453,75634457
30250,30250,4,,,,,,75634456,75634455
30250,30250,4,,,,,,75634448,75634454
30250,30250,4,,,,,,75634452,75634463
30250,30250,4,,,,,,75634462,75634459
30250,30250,4,,,,,,75634461,75634458
30250,30250,4,,,,,,75634460,75634464
30250,30250,4,,,,,,75634469,75634472
30250,30250,4,,,,,,75634466,75634468
30250,30250,4,,,,,,75634471,75634465
30250,30250,4,,,,,,75634470,75634467
30250,30250,4,,,,,,75634564,75634555
30250,30250,4,,,,,,75634557,75634560
30250,30250,4,,,,,,75634556,75634562
30250,30250,4,,,,,,75634563,75634559
30250,30250,4,,,,,,75634553,75634558
30250,30250,4,,,,,,75634561,75634534
30250,30250,4,,,,,,75634554,75634542
30250,30250,4,,,,,,75634552,75634550
30250,30250,4,,,,,,75634543,75634551
30250,30250,4,,,,,,75634532,75634549
30250,30250,4,,,,,,75634541,75634540
30250,30250,4,,,,,,75634521,75634530
30250,30250,4,,,,,,75634529,75634503
30250,30250,4,,,,,,75634538,75634510
30250,30250,4,,,,,,75634507,75634546
30250,30250,4,,,,,,75634505,75634544
30250,30250,4,,,,,,75634522,75634525
30250,30250,4,,,,,,75634511,75634509
30250,30250,4,,,,,,75634515,75634526
30250,30250,4,,,,,,75634519,75634524
30250,30250,4,,,,,,75634517,75634508
30250,30250,4,,,,,,75634504,75634528
30250,30250,4,,,,,,75634520,75634527
30250,30250,4,,,,,,75634512,75634535
30250,30250,4,,,,,,75634518,75634487
30250,30250,4,,,,,,75634490,75634533
30250,30250,4,,,,,,75634513,75634545
30250,30250,4,,,,,,75634516,75634547
30250,30250,4,,,,,,75634523,75634536
30250,30250,4,,,,,,75634506,75634497
30250,30250,4,,,,,,75634496,75634531
30250,30250,4,,,,,,75634514,75634548
30250,30250,4,,,,,,75634537,75634539
30250,30250,4,,,,,,75634502,75634488
30250,30250,4,,,,,,75634498,75634494
30250,30250,4,,,,,,75634499,75634501
30250,30250,4,,,,,,75634491,75634495
30250,30250,4,,,,,,75634492,75634500
30250,30250,4,,,,,,75634477,75634474
30250,30250,4,,,,,,75634478,75634473
30250,30250,4,,,,,,75634476,75634475
30250,30250,4,,,,,,75634482,75634481
30250,30250,4,,,,,,75634483,75634489
30250,30250,4,,,,,,75634479,75634480
30250,30250,4,,,,,,75634484,75634486
30250,30250,4,,,,,,77137182,77137178
30250,30250,4,,,,,,77137185,77137172
30250,30250,4,,,,,,77137184,77137177
30250,30250,4,,,,,,77137180,77137176
30250,30250,4,,,,,,77137173,77137169
30250,30250,4,,,,,,77137174,77137179
30250,30250,4,,,,,,77137175,77137245
30250,30250,4,,,,,,77137242,77137244
30250,30250,4,,,,,,77137243,77137240
30250,30250,4,,,,,,77137246,77137238
30250,30250,4,,,,,,77137239,77137237
30250,30250,4,,,,,,77137241,77137223
30250,30250,4,,,,,,77137234,77137232
30250,30250,4,,,,,,77137236,77137226
30250,30250,4,,,,,,77137235,77137224
30250,30250,4,,,,,,77137225,77137220
30250,30250,4,,,,,,77137233,77137222
30250,30250,4,,,,,,77137227,77137229
30250,30250,4,,,,,,77137228,77137219
30250,30250,4,,,,,,77137230,77137197
30250,30250,4,,,,,,77137231,77137221
30250,30250,4,,,,,,77137195,77137205
30250,30250,4,,,,,,77137204,77137207
30250,30250,4,,,,,,77137209,77137208
30250,30250,4,,,,,,77137198,77137213
30250,30250,4,,,,,,77137200,77137211
30250,30250,4,,,,,,77137215,77137218
30250,30250,4,,,,,,77137194,77137196
30250,30250,4,,,,,,77137588,77137560
30250,30250,4,,,,,,77137561,77137562
30250,30250,4,,,,,,77137563,77137564
30250,30250,4,,,,,,77137565,77137566
30250,30250,4,,,,,,77137567,77137568
30250,30250,4,,,,,,77137569,77137570
30250,30250,4,,,,,,77136816,77136844
30250,30250,4,,,,,,77136812,77136801
30250,30250,4,,,,,,77136818,77136817
30250,30250,4,,,,,,77136800,77137252
30250,30250,4,,,,,,77136829,77137249
30250,30250,4,,,,,,77137250,77137254
30250,30250,4,,,,,,77137251,77137248
30250,30250,4,,,,,,77137247,77137163
30250,30250,4,,,,,,77137170,77137166
30250,30250,4,,,,,,77137253,77137020
30250,30250,4,,,,,,77137171,77137016
30250,30250,4,,,,,,77137019,77137013
30250,30250,4,,,,,,77136833,77136834
30250,30250,4,,,,,,77137018,77136838
30250,30250,4,,,,,,77137014,77136798
30250,30250,4,,,,,,77137017,77136826
30250,30250,4,,,,,,77136802,77136840
30250,30250,4,,,,,,77136830,77136843
30250,30250,4,,,,,,77136823,77136820
30250,30250,4,,,,,,77136839,77136841
30250,30250,4,,,,,,77137168,77136808
30250,30250,4,,,,,,77136827,77136814
30250,30250,4,,,,,,77136822,77136824
30250,30250,4,,,,,,77136821,77136832
30250,30250,4,,,,,,77136803,77136835
30250,30250,4,,,,,,77137012,77136825
30250,30250,4,,,,,,77137011,77136807
30250,30250,4,,,,,,77137167,77136810
30250,30250,4,,,,,,77137009,77136842
30250,30250,4,,,,,,77137571,77137572
30250,30250,4,,,,,,77137573,77137574
30250,30250,4,,,,,,77137575,77137576
30250,30250,4,,,,,,77137577,77137578
30250,30250,4,,,,,,77137581,77137579
30250,30250,4,,,,,,77137580,77137582
30250,30250,4,,,,,,77137583,77137584
30250,30250,4,,,,,,77137585,77137586
30250,30250,4,,,,,,77137587,77137589
30250,30250,4,,,,,,77137593,77137592
30250,30250,4,,,,,,77137165,77136819
30250,30250,4,,,,,,77137015,77136837
30250,30250,4,,,,,,77137162,77136809
30250,30250,4,,,,,,77137010,77136804
30250,30250,4,,,,,,77136806,77136828
30250,30250,4,,,,,,77136813,77136836
30250,30250,4,,,,,,77136811,77136815
30250,30250,4,,,,,,77136805,77136799
30250,30250,4,,,,,,77137210,77137216
30250,30250,4,,,,,,77137202,77137212
30250,30250,4,,,,,,77137203,77137214
30250,30250,4,,,,,,77137199,77137201
30250,30250,4,,,,,,77137206,77137187
30250,30250,4,,,,,,77137189,77137192
30250,30250,4,,,,,,77137217,77137193
30250,30250,4,,,,,,77137186,77137191
30250,30250,4,,,,,,77137188,77137190
3078,3078,4,,,,,,75821188,75821180
3078,3078,4,,,,,,75821211,75821201
3078,3078,4,,,,,,75821202,75821205
3078,3078,4,,,,,,75821195,75821196
3078,3078,4,,,,,,75821198,75821194
3078,3078,4,,,,,,75821209,75821182
3078,3078,4,,,,,,75821217,75821222
3078,3078,4,,,,,,75821224,75821225
3078,3078,4,,,,,,75821223,75821227
3078,3078,4,,,,,,75821228,75821221
3078,3078,4,,,,,,75821230,75821235
3078,3078,4,,,,,,75816800,75817042
3078,3078,4,,,,,,75816763,75816849
3078,3078,4,,,,,,75816812,75816878
3078,3078,4,,,,,,75816744,75816867
3078,3078,4,,,,,,75816732,75816882
3078,3078,4,,,,,,75816677,75817039
3078,3078,4,,,,,,75817026,75816880
3078,3078,4,,,,,,75816760,75816674
3078,3078,4,,,,,,75816768,75816699
3078,3078,4,,,,,,75816692,75816870
3078,3078,4,,,,,,75816906,75816887
3078,3078,4,,,,,,75817385,75817386
3078,3078,4,,,,,,75816890,75816907
3078,3078,4,,,,,,75816912,75816861
3078,3078,4,,,,,,75816921,75816873
3078,3078,4,,,,,,75816905,75816879
3078,3078,4,,,,,,75816892,75816864
3078,3078,4,,,,,,75816894,75816883
3078,3078,4,,,,,,75816891,75816874
3078,3078,4,,,,,,75839009,75838817
3078,3078,4,,,,,,75839003,75838844
3078,3078,4,,,,,,75839007,75838885
3078,3078,4,,,,,,75838862,75838880
3078,3078,4,,,,,,75839008,75838904
3078,3078,4,,,,,,75839056,75838894
3078,3078,4,,,,,,75839013,75838882
3078,3078,4,,,,,,75839002,75839220
3078,3078,4,,,,,,75838914,75839248
3078,3078,4,,,,,,77115565,77115570
3078,3078,4,,,,,,77115572,77115573
3078,3078,4,,,,,,77115571,77115575
3078,3078,4,,,,,,77115577,77115569
3078,3078,4,,,,,,77115579,77115583
3078,3078,4,,,,,,77115536,77115529
3078,3078,4,,,,,,77115559,77115549
3078,3078,4,,,,,,77115550,77115553
3078,3078,4,,,,,,77115544,77115541
3078,3078,4,,,,,,77115546,77115543
3078,3078,4,,,,,,77115557,77115531
3078,3078,4,,,,,,77116405,77116385
3078,3078,4,,,,,,77116879,77116880
3078,3078,4,,,,,,77116295,77116537
3078,3078,4,,,,,,77116263,77116347
3078,3078,4,,,,,,77116310,77116376
3078,3078,4,,,,,,77116243,77116365
3078,3078,4,,,,,,77116231,77116380
3078,3078,4,,,,,,77116177,77116534
3078,3078,4,,,,,,77116521,77116378
3078,3078,4,,,,,,77116259,77116174
3078,3078,4,,,,,,77116267,77116199
3078,3078,4,,,,,,77116193,77116369
3078,3078,4,,,,,,77116410,77116359
3078,3078,4,,,,,,77116388,77116402
3078,3078,4,,,,,,77116419,77116371
3078,3078,4,,,,,,77116404,77116377
3078,3078,4,,,,,,77116391,77116362
3078,3078,4,,,,,,77116389,77116381
3078,3078,4,,,,,,77116390,77116372
3078,3078,4,,,,,,77121562,77121543
3078,3078,4,,,,,,77122041,77122042
3078,3078,4,,,,,,77121456,77121699
3078,3078,4,,,,,,77121419,77121505
3078,3078,4,,,,,,77121468,77121534
3078,3078,4,,,,,,77121400,77121523
3078,3078,4,,,,,,77121388,77121538
3078,3078,4,,,,,,77121334,77121695
3078,3078,4,,,,,,77121682,77121536
3078,3078,4,,,,,,77121413,77121330
3078,3078,4,,,,,,77121425,77121355
3078,3078,4,,,,,,77121348,77121527
3078,3078,4,,,,,,77121568,77121517
3078,3078,4,,,,,,77121546,77121563
3078,3078,4,,,,,,77121577,77121529
3078,3078,4,,,,,,77121561,77121535
3078,3078,4,,,,,,77121548,77121520
3078,3078,4,,,,,,77121551,77121539
3078,3078,4,,,,,,77121547,77121530
3078,3078,4,,,,,,77114732,77114713
3078,3078,4,,,,,,77115211,77115212
3078,3078,4,,,,,,77114626,77114869
3078,3078,4,,,,,,77114589,77114675
3078,3078,4,,,,,,77114638,77114704
3078,3078,4,,,,,,77114570,77114693
3078,3078,4,,,,,,77114558,77114708
3078,3078,4,,,,,,77114504,77114865
3078,3078,4,,,,,,77114852,77114706
3078,3078,4,,,,,,77114583,77114500
3078,3078,4,,,,,,77114595,77114525
3078,3078,4,,,,,,77114518,77114697
3078,3078,4,,,,,,77114738,77114687
3078,3078,4,,,,,,77114716,77114733
3078,3078,4,,,,,,77114747,77114699
3078,3078,4,,,,,,77114731,77114705
3078,3078,4,,,,,,77114718,77114691
3078,3078,4,,,,,,77114721,77114709
3078,3078,4,,,,,,77114717,77114700
3078,3078,4,,,,,,77119055,77119060
3078,3078,4,,,,,,77119062,77119063
3078,3078,4,,,,,,77119061,77119065
3078,3078,4,,,,,,77119067,77119059
3078,3078,4,,,,,,77119069,77119073
3078,3078,4,,,,,,77119026,77119019
3078,3078,4,,,,,,77119049,77119039
3078,3078,4,,,,,,77119040,77119043
3078,3078,4,,,,,,77119034,77119031
3078,3078,4,,,,,,77119036,77119033
3078,3078,4,,,,,,77119047,77119021
3078,3078,4,,,,,,77117517,77117498
3078,3078,4,,,,,,77117993,77117994
3078,3078,4,,,,,,77117411,77117650
3078,3078,4,,,,,,77117375,77117457
3078,3078,4,,,,,,77117424,77117489
3078,3078,4,,,,,,77117356,77117478
3078,3078,4,,,,,,77117344,77117494
3078,3078,4,,,,,,77117290,77117647
3078,3078,4,,,,,,77117634,77117491
3078,3078,4,,,,,,77117372,77117287
3078,3078,4,,,,,,77117380,77117312
3078,3078,4,,,,,,77117305,77117481
3078,3078,4,,,,,,77117523,77117472
3078,3078,4,,,,,,77117501,77117518
3078,3078,4,,,,,,77117529,77117484
3078,3078,4,,,,,,77117516,77117490
3078,3078,4,,,,,,77117503,77117475
3078,3078,4,,,,,,77117505,77117495
3078,3078,4,,,,,,77117502,77117485
3078,3078,4,,,,,,77119894,77119875
3078,3078,4,,,,,,77120369,77120370
3078,3078,4,,,,,,77119788,77120027
3078,3078,4,,,,,,77119752,77119837
3078,3078,4,,,,,,77119800,77119866
3078,3078,4,,,,,,77119733,77119855
3078,3078,4,,,,,,77119721,77119870
3078,3078,4,,,,,,77119667,77120024
3078,3078,4,,,,,,77120011,77119868
3078,3078,4,,,,,,77119749,77119664
3078,3078,4,,,,,,77119757,77119689
3078,3078,4,,,,,,77119682,77119858
3078,3078,4,,,,,,77119900,77119849
3078,3078,4,,,,,,77119878,77119895
3078,3078,4,,,,,,77119909,77119861
3078,3078,4,,,,,,77119893,77119867
3078,3078,4,,,,,,77119881,77119852
3078,3078,4,,,,,,77119879,77119871
3078,3078,4,,,,,,77119880,77119862
3078,3078,4,,,,,,77120709,77120714
3078,3078,4,,,,,,77120716,77120717
3078,3078,4,,,,,,77120715,77120719
3078,3078,4,,,,,,77120721,77120713
3078,3078,4,,,,,,77120723,77120727
3078,3078,4,,,,,,77120680,77120673
3078,3078,4,,,,,,77120703,77120693
3078,3078,4,,,,,,77120694,77120697
3078,3078,4,,,,,,77120688,77120685
3078,3078,4,,,,,,77120690,77120687
3078,3078,4,,,,,,77120701,77120675
3078,3078,4,,,,,,77112897,77112878
3078,3078,4,,,,,,77113376,77113377
3078,3078,4,,,,,,77112791,77113033
3078,3078,4,,,,,,77112754,77112840
3078,3078,4,,,,,,77112803,77112869
3078,3078,4,,,,,,77112735,77112858
3078,3078,4,,,,,,77112723,77112873
3078,3078,4,,,,,,77112669,77113030
3078,3078,4,,,,,,77113017,77112871
3078,3078,4,,,,,,77112751,77112665
3078,3078,4,,,,,,77112760,77112690
3078,3078,4,,,,,,77112683,77112862
3078,3078,4,,,,,,77112903,77112852
3078,3078,4,,,,,,77112881,77112898
3078,3078,4,,,,,,77112912,77112864
3078,3078,4,,,,,,77112896,77112870
3078,3078,4,,,,,,77112883,77112855
3078,3078,4,,,,,,77112886,77112874
3078,3078,4,,,,,,77112882,77112865
3078,3078,4,,,,,,77118723,77118724
3078,3078,4,,,,,,77118725,77118722
3078,3078,4,,,,,,77118726,77118727
3078,3078,4,,,,,,77118728,77118729
3078,3078,4,,,,,,77118764,77118765
3078,3078,4,,,,,,77118766,77118767
3078,3078,4,,,,,,77118768,77118769
3078,3078,4,,,,,,77118770,77118771
3078,3078,4,,,,,,77118772,77118773
3078,3078,4,,,,,,75822834,75822672
3078,3078,4,,,,,,75822791,75822660
3078,3078,4,,,,,,75822780,75822998
3078,3078,4,,,,,,75822692,75823026
3078,3078,4,,,,,,75822787,75822596
3078,3078,4,,,,,,75822781,75822622
3078,3078,4,,,,,,75822785,75822663
3078,3078,4,,,,,,75822640,75822658
3078,3078,4,,,,,,75822786,75822682
3078,3078,4,,,,,,75811873,75812115
3078,3078,4,,,,,,75811836,75811922
3078,3078,4,,,,,,75811885,75811951
3078,3078,4,,,,,,75811817,75811940
3078,3078,4,,,,,,75811805,75811955
3078,3078,4,,,,,,75811750,75812112
3078,3078,4,,,,,,75812099,75811953
3078,3078,4,,,,,,75811833,75811747
3078,3078,4,,,,,,75811841,75811772
3078,3078,4,,,,,,75811765,75811943
3078,3078,4,,,,,,75811979,75811960
3078,3078,4,,,,,,75812458,75812459
3078,3078,4,,,,,,75811963,75811980
3078,3078,4,,,,,,75811985,75811934
3078,3078,4,,,,,,75811994,75811946
3078,3078,4,,,,,,75811978,75811952
3078,3078,4,,,,,,75811965,75811937
3078,3078,4,,,,,,75811967,75811956
3078,3078,4,,,,,,75811964,75811947
3078,3078,4,,,,,,77170738,77170576
3078,3078,4,,,,,,77170739,77170620
3078,3078,4,,,,,,77170598,77170612
3078,3078,4,,,,,,77170743,77170640
3078,3078,4,,,,,,77170745,77170553
3078,3078,4,,,,,,77170791,77170629
3078,3078,4,,,,,,77170748,77170617
3078,3078,4,,,,,,77170737,77170956
3078,3078,4,,,,,,77170650,77170983
31255,31255,4,,,,,,75181644,75181643
31255,31255,4,,,,,,75180945,75180934
31255,31255,4,,,,,,75181023,75181018
31255,31255,4,,,,,,75180936,75181020
31255,31255,4,,,,,,75181019,75181025
31255,31255,4,,,,,,76303547,76303546
31255,31255,4,,,,,,76303303,76303299
31255,31255,4,,,,,,76303359,76303355
31255,31255,4,,,,,,76303300,76303357
31255,31255,4,,,,,,76303356,76303361
31255,31255,4,,,,,,76570163,76570162
31255,31255,4,,,,,,76569485,76569474
31255,31255,4,,,,,,76569559,76569554
31255,31255,4,,,,,,76569476,76569556
31255,31255,4,,,,,,76569555,76569562
322,322,4,,,,,,76698909_1,76698909_2
322,322,4,,,,,,75249460_1,75249460_2
322,322,4,,,,,,75249461_1,75249461_2
322,322,4,,,,,,76313552_1,76313552_2
322,322,4,,,,,,76698908_1,76698908_2
322,322,4,,,,,,76316628_1,76316628_2
322,322,4,,,,,,75203811_1,75203811_2
322,322,4,,,,,,75203812_1,75203812_2
322,322,4,,,,,,76316629_1,76316629_2
322,322,4,,,,,,76313551_1,76313551_2
3265,3265,4,,,,,,75821409,75821514
3265,3265,4,,,,,,75821342,75821475
3265,3265,4,,,,,,75821366,75821510
3265,3265,4,,,,,,75821339,75821428
3265,3265,4,,,,,,75821336,75821469
3265,3265,4,,,,,,75821397,75821498
3265,3265,4,,,,,,75821341,75821453
3265,3265,4,,,,,,75821395,75821364
3265,3265,4,,,,,,75821346,75821345
3265,3265,4,,,,,,75821335,75821390
3265,3265,4,,,,,,75821355,75821400
3265,3265,4,,,,,,75821375,75821340
3265,3265,4,,,,,,75821354,75821359
3265,3265,4,,,,,,75821413,75821500
3265,3265,4,,,,,,75821418,75821454
3265,3265,4,,,,,,75821338,75821430
3265,3265,4,,,,,,75821348,75821462
3265,3265,4,,,,,,75821365,75821439
3265,3265,4,,,,,,75821353,75821512
3265,3265,4,,,,,,75821358,75821470
3265,3265,4,,,,,,75821337,75821391
3265,3265,4,,,,,,75821343,75821495
3265,3265,4,,,,,,75821394,75821446
3265,3265,4,,,,,,75821485,75821507
3265,3265,4,,,,,,75821421,75821393
3265,3265,4,,,,,,75821458,75821305
3265,3265,4,,,,,,75821333,75821416
3265,3265,4,,,,,,75821357,75821515
3265,3265,4,,,,,,75816946,75817138
3265,3265,4,,,,,,75816923,75816810
3265,3265,4,,,,,,75817114,75817123
3265,3265,4,,,,,,75817119,75816687
3265,3265,4,,,,,,75816975,75816661
3265,3265,4,,,,,,75816932,75816644
3265,3265,4,,,,,,75816968,75817140
3265,3265,4,,,,,,75816997,75817125
3265,3265,4,,,,,,75816855,75817145
3265,3265,4,,,,,,75817121,75817124
3265,3265,4,,,,,,75817008,75816771
3265,3265,4,,,,,,75816701,75817129
3265,3265,4,,,,,,75816966,75816936
3265,3265,4,,,,,,75817116,75817147
3265,3265,4,,,,,,75817117,75816682
3265,3265,4,,,,,,75816974,75817139
3265,3265,4,,,,,,75816929,75817137
3265,3265,4,,,,,,75816928,75817152
3265,3265,4,,,,,,75816939,75817132
3265,3265,4,,,,,,75817015,75817157
3265,3265,4,,,,,,75816959,75817062
3265,3265,4,,,,,,75816943,75816621
3265,3265,4,,,,,,75816667,75816660
3265,3265,4,,,,,,75816948,75817122
3265,3265,4,,,,,,75816898,75817142
3265,3265,4,,,,,,75816846,75817151
3265,3265,4,,,,,,75816899,75817158
3265,3265,4,,,,,,75816762,75817143
3265,3265,4,,,,,,75816958,75817154
3265,3265,4,,,,,,75816949,75817127
3265,3265,4,,,,,,75817010,75817149
3265,3265,4,,,,,,75817115,75816666
3265,3265,4,,,,,,75816904,75817021
3265,3265,4,,,,,,75816996,75817130
3265,3265,4,,,,,,75817014,75816738
3265,3265,4,,,,,,75816963,75816637
3265,3265,4,,,,,,75816972,75817153
3265,3265,4,,,,,,75816676,75816747
3265,3265,4,,,,,,75816976,75816639
3265,3265,4,,,,,,75817040,75817148
3265,3265,4,,,,,,75816842,75817136
3265,3265,4,,,,,,75816992,75817156
3265,3265,4,,,,,,75817118,75816821
3265,3265,4,,,,,,75817113,75816718
3265,3265,4,,,,,,75816937,75817155
3265,3265,4,,,,,,75816940,75817128
3265,3265,4,,,,,,75817007,75817141
3265,3265,4,,,,,,75816653,75817159
3265,3265,4,,,,,,75816933,75816752
3265,3265,4,,,,,,75816998,75816635
3265,3265,4,,,,,,75816956,75816617
3265,3265,4,,,,,,75816953,75816634
3265,3265,4,,,,,,75817120,75816740
3265,3265,4,,,,,,75816931,75816615
3265,3265,4,,,,,,75817005,75817126
3265,3265,4,,,,,,75817000,75817160
3265,3265,4,,,,,,75816981,75817150
3265,3265,4,,,,,,75816686,75816999
3265,3265,4,,,,,,75817016,75817131
3265,3265,4,,,,,,75816934,75817144
3265,3265,4,,,,,,75816982,75817146
3265,3265,4,,,,,,75817035,75816618
3265,3265,4,,,,,,75816947,75816805
3265,3265,4,,,,,,75816656,75817133
3265,3265,4,,,,,,75816910,75816827
3265,3265,4,,,,,,75816680,75817134
3265,3265,4,,,,,,75816965,75816616
3265,3265,4,,,,,,75816614,75817135
3265,3265,4,,,,,,75816950,75816640
3265,3265,4,,,,,,75816993,75816655
3265,3265,4,,,,,,75839054,75839044
3265,3265,4,,,,,,75838905,75838821
3265,3265,4,,,,,,75839042,75838936
3265,3265,4,,,,,,75838925,75839058
3265,3265,4,,,,,,75839046,75839092
3265,3265,4,,,,,,75838822,75838823
3265,3265,4,,,,,,75839104,75839034
3265,3265,4,,,,,,75839174,75839105
3265,3265,4,,,,,,75839074,75838930
3265,3265,4,,,,,,75838967,75838858
3265,3265,4,,,,,,75839022,75838939
3265,3265,4,,,,,,75838927,75839079
3265,3265,4,,,,,,75838917,75839065
3265,3265,4,,,,,,75839185,75839033
3265,3265,4,,,,,,75839030,75839040
3265,3265,4,,,,,,75839041,75838857
3265,3265,4,,,,,,75839083,75839039
3265,3265,4,,,,,,75839072,75839073
3265,3265,4,,,,,,75838926,75839023
3265,3265,4,,,,,,75838923,75839076
3265,3265,4,,,,,,75839077,75839052
3265,3265,4,,,,,,75839064,75838976
3265,3265,4,,,,,,75838921,75839233
3265,3265,4,,,,,,75838816,75838922
3265,3265,4,,,,,,75839102,75838845
3265,3265,4,,,,,,75838920,75838835
3265,3265,4,,,,,,75839085,75839050
3265,3265,4,,,,,,75838924,75839091
3265,3265,4,,,,,,75839080,75838913
3265,3265,4,,,,,,75839089,75838839
3265,3265,4,,,,,,77115685,77115818
3265,3265,4,,,,,,77115758,77115862
3265,3265,4,,,,,,77115746,77115846
3265,3265,4,,,,,,77115689,77115801
3265,3265,4,,,,,,77115684,77115776
3265,3265,4,,,,,,77115690,77115823
3265,3265,4,,,,,,77115714,77115858
3265,3265,4,,,,,,77115761,77115848
3265,3265,4,,,,,,77115766,77115802
3265,3265,4,,,,,,77115687,77115778
3265,3265,4,,,,,,77115696,77115810
3265,3265,4,,,,,,77115744,77115712
3265,3265,4,,,,,,77115694,77115693
3265,3265,4,,,,,,77115683,77115738
3265,3265,4,,,,,,77115703,77115748
3265,3265,4,,,,,,77115720,77115688
3265,3265,4,,,,,,77115702,77115708
3265,3265,4,,,,,,77115686,77115739
3265,3265,4,,,,,,77115691,77115843
3265,3265,4,,,,,,77115742,77115795
3265,3265,4,,,,,,77115713,77115787
3265,3265,4,,,,,,77115701,77115860
3265,3265,4,,,,,,77115706,77115815
3265,3265,4,,,,,,77115833,77115855
3265,3265,4,,,,,,77115769,77115741
3265,3265,4,,,,,,77115806,77115653
3265,3265,4,,,,,,77115681,77115764
3265,3265,4,,,,,,77115705,77115863
3265,3265,4,,,,,,77116442,77116632
3265,3265,4,,,,,,77116608,77116618
3265,3265,4,,,,,,77116613,77116187
3265,3265,4,,,,,,77116421,77116308
3265,3265,4,,,,,,77116455,77116557
3265,3265,4,,,,,,77116440,77116124
3265,3265,4,,,,,,77116167,77116160
3265,3265,4,,,,,,77116397,77116653
3265,3265,4,,,,,,77116262,77116638
3265,3265,4,,,,,,77116454,77116648
3265,3265,4,,,,,,77116445,77116621
3265,3265,4,,,,,,77116505,77116643
3265,3265,4,,,,,,77116471,77116161
3265,3265,4,,,,,,77116428,77116148
3265,3265,4,,,,,,77116464,77116634
3265,3265,4,,,,,,77116444,77116617
3265,3265,4,,,,,,77116396,77116637
3265,3265,4,,,,,,77116344,77116645
3265,3265,4,,,,,,77116503,77116270
3265,3265,4,,,,,,77116201,77116623
3265,3265,4,,,,,,77116509,77116237
3265,3265,4,,,,,,77116460,77116140
3265,3265,4,,,,,,77116470,77116633
3265,3265,4,,,,,,77116426,77116631
3265,3265,4,,,,,,77116425,77116646
3265,3265,4,,,,,,77116493,77116616
3265,3265,4,,,,,,77116354,77116636
3265,3265,4,,,,,,77116615,77116619
3265,3265,4,,,,,,77116459,77116432
3265,3265,4,,,,,,77116610,77116641
3265,3265,4,,,,,,77116611,77116182
3265,3265,4,,,,,,77116609,77116166
3265,3265,4,,,,,,77116403,77116516
3265,3265,4,,,,,,77116511,77116651
3265,3265,4,,,,,,77116492,77116624
3265,3265,4,,,,,,77116435,77116626
3265,3265,4,,,,,,77116472,77116142
3265,3265,4,,,,,,77116468,77116647
3265,3265,4,,,,,,77116176,77116246
3265,3265,4,,,,,,77116535,77116642
3265,3265,4,,,,,,77116340,77116630
3265,3265,4,,,,,,77116488,77116650
3265,3265,4,,,,,,77116612,77116320
3265,3265,4,,,,,,77116433,77116649
3265,3265,4,,,,,,77116436,77116622
3265,3265,4,,,,,,77116607,77116217
3265,3265,4,,,,,,77116502,77116635
3265,3265,4,,,,,,77116614,77116239
3265,3265,4,,,,,,77116427,77116120
3265,3265,4,,,,,,77116500,77116620
3265,3265,4,,,,,,77116452,77116122
3265,3265,4,,,,,,77116449,77116137
3265,3265,4,,,,,,77116497,77116655
3265,3265,4,,,,,,77116429,77116252
3265,3265,4,,,,,,77116494,77116138
3265,3265,4,,,,,,77116474,77116644
3265,3265,4,,,,,,77116186,77116496
3265,3265,4,,,,,,77116512,77116625
3265,3265,4,,,,,,77116531,77116119
3265,3265,4,,,,,,77116443,77116303
3265,3265,4,,,,,,77116462,77116121
3265,3265,4,,,,,,77116181,77116628
3265,3265,4,,,,,,77116430,77116639
3265,3265,4,,,,,,77116478,77116640
3265,3265,4,,,,,,77116408,77116325
3265,3265,4,,,,,,77116489,77116154
3265,3265,4,,,,,,77116446,77116143
3265,3265,4,,,,,,77121602,77121794
3265,3265,4,,,,,,77121770,77121780
3265,3265,4,,,,,,77121775,77121344
3265,3265,4,,,,,,77121579,77121466
3265,3265,4,,,,,,77121615,77121718
3265,3265,4,,,,,,77121599,77121277
3265,3265,4,,,,,,77121323,77121316
3265,3265,4,,,,,,77121555,77121814
3265,3265,4,,,,,,77121418,77121799
3265,3265,4,,,,,,77121614,77121810
3265,3265,4,,,,,,77121605,77121783
3265,3265,4,,,,,,77121666,77121805
3265,3265,4,,,,,,77121631,77121317
3265,3265,4,,,,,,77121585,77121300
3265,3265,4,,,,,,77121621,77121796
3265,3265,4,,,,,,77121604,77121778
3265,3265,4,,,,,,77121554,77121798
3265,3265,4,,,,,,77121502,77121807
3265,3265,4,,,,,,77121665,77121427
3265,3265,4,,,,,,77121357,77121785
3265,3265,4,,,,,,77121670,77121394
3265,3265,4,,,,,,77121619,77121293
3265,3265,4,,,,,,77121630,77121795
3265,3265,4,,,,,,77121586,77121793
3265,3265,4,,,,,,77121584,77121808
3265,3265,4,,,,,,77121654,77121782
3265,3265,4,,,,,,77121511,77121801
3265,3265,4,,,,,,77121777,77121781
3265,3265,4,,,,,,77121623,77121593
3265,3265,4,,,,,,77121772,77121803
3265,3265,4,,,,,,77121773,77121338
3265,3265,4,,,,,,77121771,77121322
3265,3265,4,,,,,,77121560,77121677
3265,3265,4,,,,,,77121671,77121813
3265,3265,4,,,,,,77121652,77121786
3265,3265,4,,,,,,77121595,77121788
3265,3265,4,,,,,,77121632,77121295
3265,3265,4,,,,,,77121629,77121809
3265,3265,4,,,,,,77121333,77121404
3265,3265,4,,,,,,77121696,77121804
3265,3265,4,,,,,,77121499,77121792
3265,3265,4,,,,,,77121648,77121812
3265,3265,4,,,,,,77121774,77121477
3265,3265,4,,,,,,77121590,77121811
3265,3265,4,,,,,,77121596,77121784
3265,3265,4,,,,,,77121769,77121374
3265,3265,4,,,,,,77121664,77121797
3265,3265,4,,,,,,77121309,77121816
3265,3265,4,,,,,,77121588,77121271
3265,3265,4,,,,,,77121661,77121779
3265,3265,4,,,,,,77121612,77121273
3265,3265,4,,,,,,77121609,77121290
3265,3265,4,,,,,,77121653,77121817
3265,3265,4,,,,,,77121589,77121408
3265,3265,4,,,,,,77121655,77121291
3265,3265,4,,,,,,77121637,77121806
3265,3265,4,,,,,,77121776,77121396
3265,3265,4,,,,,,77121343,77121656
3265,3265,4,,,,,,77121672,77121787
3265,3265,4,,,,,,77121691,77121274
3265,3265,4,,,,,,77121603,77121461
3265,3265,4,,,,,,77121622,77121272
3265,3265,4,,,,,,77121336,77121790
3265,3265,4,,,,,,77121312,77121789
3265,3265,4,,,,,,77121591,77121800
3265,3265,4,,,,,,77121638,77121802
3265,3265,4,,,,,,77121566,77121483
3265,3265,4,,,,,,77121649,77121311
3265,3265,4,,,,,,77121606,77121297
3265,3265,4,,,,,,77121270,77121791
3265,3265,4,,,,,,77114772,77114964
3265,3265,4,,,,,,77114941,77114950
3265,3265,4,,,,,,77114945,77114514
3265,3265,4,,,,,,77114749,77114636
3265,3265,4,,,,,,77114785,77114888
3265,3265,4,,,,,,77114769,77114447
3265,3265,4,,,,,,77114493,77114486
3265,3265,4,,,,,,77114726,77114984
3265,3265,4,,,,,,77114588,77114969
3265,3265,4,,,,,,77114784,77114980
3265,3265,4,,,,,,77114775,77114953
3265,3265,4,,,,,,77114836,77114976
3265,3265,4,,,,,,77114801,77114487
3265,3265,4,,,,,,77114755,77114470
3265,3265,4,,,,,,77114791,77114966
3265,3265,4,,,,,,77114774,77114948
3265,3265,4,,,,,,77114725,77114968
3265,3265,4,,,,,,77114672,77114974
3265,3265,4,,,,,,77114835,77114597
3265,3265,4,,,,,,77114527,77114955
3265,3265,4,,,,,,77114840,77114564
3265,3265,4,,,,,,77114789,77114463
3265,3265,4,,,,,,77114800,77114965
3265,3265,4,,,,,,77114756,77114963
3265,3265,4,,,,,,77114754,77114978
3265,3265,4,,,,,,77114824,77114952
3265,3265,4,,,,,,77114681,77114971
3265,3265,4,,,,,,77114947,77114951
3265,3265,4,,,,,,77114793,77114763
3265,3265,4,,,,,,77114942,77114973
3265,3265,4,,,,,,77114943,77114508
3265,3265,4,,,,,,77114938,77114492
3265,3265,4,,,,,,77114730,77114847
3265,3265,4,,,,,,77114841,77114983
3265,3265,4,,,,,,77114822,77114956
3265,3265,4,,,,,,77114765,77114958
3265,3265,4,,,,,,77114802,77114465
3265,3265,4,,,,,,77114799,77114979
3265,3265,4,,,,,,77114503,77114574
3265,3265,4,,,,,,77114866,77114975
3265,3265,4,,,,,,77114669,77114962
3265,3265,4,,,,,,77114818,77114982
3265,3265,4,,,,,,77114944,77114647
3265,3265,4,,,,,,77114760,77114981
3265,3265,4,,,,,,77114766,77114954
3265,3265,4,,,,,,77114940,77114544
3265,3265,4,,,,,,77114834,77114967
3265,3265,4,,,,,,77114476,77114986
3265,3265,4,,,,,,77114758,77114442
3265,3265,4,,,,,,77114831,77114949
3265,3265,4,,,,,,77114782,77114444
3265,3265,4,,,,,,77114779,77114460
3265,3265,4,,,,,,77114823,77114987
3265,3265,4,,,,,,77114759,77114578
3265,3265,4,,,,,,77114825,77114461
3265,3265,4,,,,,,77114807,77114977
3265,3265,4,,,,,,77114946,77114566
3265,3265,4,,,,,,77114513,77114826
3265,3265,4,,,,,,77114842,77114957
3265,3265,4,,,,,,77114861,77114441
3265,3265,4,,,,,,77114773,77114631
3265,3265,4,,,,,,77114792,77114443
3265,3265,4,,,,,,77114506,77114960
3265,3265,4,,,,,,77114482,77114959
3265,3265,4,,,,,,77114761,77114970
3265,3265,4,,,,,,77114808,77114972
3265,3265,4,,,,,,77114736,77114654
3265,3265,4,,,,,,77114819,77114481
3265,3265,4,,,,,,77114776,77114467
3265,3265,4,,,,,,77114440,77114961
3265,3265,4,,,,,,77119175,77119308
3265,3265,4,,,,,,77119248,77119352
3265,3265,4,,,,,,77119236,77119336
3265,3265,4,,,,,,77119179,77119291
3265,3265,4,,,,,,77119174,77119266
3265,3265,4,,,,,,77119180,77119313
3265,3265,4,,,,,,77119204,77119348
3265,3265,4,,,,,,77119251,77119338
3265,3265,4,,,,,,77119256,77119292
3265,3265,4,,,,,,77119177,77119268
3265,3265,4,,,,,,77119186,77119300
3265,3265,4,,,,,,77119234,77119202
3265,3265,4,,,,,,77119184,77119183
3265,3265,4,,,,,,77119173,77119228
3265,3265,4,,,,,,77119193,77119238
3265,3265,4,,,,,,77119210,77119178
3265,3265,4,,,,,,77119192,77119198
3265,3265,4,,,,,,77119176,77119229
3265,3265,4,,,,,,77119181,77119333
3265,3265,4,,,,,,77119232,77119285
3265,3265,4,,,,,,77119203,77119277
3265,3265,4,,,,,,77119191,77119350
3265,3265,4,,,,,,77119196,77119305
3265,3265,4,,,,,,77119323,77119345
3265,3265,4,,,,,,77119259,77119231
3265,3265,4,,,,,,77119296,77119143
3265,3265,4,,,,,,77119171,77119254
3265,3265,4,,,,,,77119195,77119353
3265,3265,4,,,,,,77117555,77117746
3265,3265,4,,,,,,77117721,77117730
3265,3265,4,,,,,,77117726,77117300
3265,3265,4,,,,,,77117534,77117422
3265,3265,4,,,,,,77117565,77117670
3265,3265,4,,,,,,77117552,77117237
3265,3265,4,,,,,,77117281,77117273
3265,3265,4,,,,,,77117510,77117765
3265,3265,4,,,,,,77117374,77117750
3265,3265,4,,,,,,77117568,77117761
3265,3265,4,,,,,,77117558,77117734
3265,3265,4,,,,,,77117618,77117756
3265,3265,4,,,,,,77117584,77117274
3265,3265,4,,,,,,77117541,77117260
3265,3265,4,,,,,,77117577,77117748
3265,3265,4,,,,,,77117557,77117729
3265,3265,4,,,,,,77117509,77117749
3265,3265,4,,,,,,77117458,77117758
3265,3265,4,,,,,,77117616,77117383
3265,3265,4,,,,,,77117314,77117736
3265,3265,4,,,,,,77117622,77117350
3265,3265,4,,,,,,77117572,77117253
3265,3265,4,,,,,,77117583,77117747
3265,3265,4,,,,,,77117538,77117744
3265,3265,4,,,,,,77117537,77117759
3265,3265,4,,,,,,77117606,77117732
3265,3265,4,,,,,,77117466,77117752
3265,3265,4,,,,,,77117728,77117731
3265,3265,4,,,,,,77117575,77117545
3265,3265,4,,,,,,77117723,77117754
3265,3265,4,,,,,,77117724,77117295
3265,3265,4,,,,,,77117722,77117279
3265,3265,4,,,,,,77117515,77117629
3265,3265,4,,,,,,77117623,77117764
3265,3265,4,,,,,,77117605,77117737
3265,3265,4,,,,,,77117548,77117739
3265,3265,4,,,,,,77117585,77117255
3265,3265,4,,,,,,77117581,77117760
3265,3265,4,,,,,,77117289,77117359
3265,3265,4,,,,,,77117648,77117755
3265,3265,4,,,,,,77117453,77117743
3265,3265,4,,,,,,77117602,77117763
3265,3265,4,,,,,,77117725,77117432
3265,3265,4,,,,,,77117546,77117762
3265,3265,4,,,,,,77117549,77117735
3265,3265,4,,,,,,77117720,77117330
3265,3265,4,,,,,,77117615,77117745
3265,3265,4,,,,,,77117727,77117353
3265,3265,4,,,,,,77117540,77117232
3265,3265,4,,,,,,77117613,77117733
3265,3265,4,,,,,,77117566,77117234
3265,3265,4,,,,,,77117562,77117250
3265,3265,4,,,,,,77117609,77117767
3265,3265,4,,,,,,77117542,77117364
3265,3265,4,,,,,,77117607,77117251
3265,3265,4,,,,,,77117590,77117757
3265,3265,4,,,,,,77117299,77117608
3265,3265,4,,,,,,77117624,77117738
3265,3265,4,,,,,,77117643,77117235
3265,3265,4,,,,,,77117556,77117416
3265,3265,4,,,,,,77117574,77117233
3265,3265,4,,,,,,77117293,77117741
3265,3265,4,,,,,,77117543,77117751
3265,3265,4,,,,,,77117591,77117753
3265,3265,4,,,,,,77117521,77117438
3265,3265,4,,,,,,77117603,77117270
3265,3265,4,,,,,,77117559,77117256
3265,3265,4,,,,,,77119932,77120122
3265,3265,4,,,,,,77120098,77120107
3265,3265,4,,,,,,77120103,77119677
3265,3265,4,,,,,,77119911,77119798
3265,3265,4,,,,,,77119945,77120047
3265,3265,4,,,,,,77119929,77119614
3265,3265,4,,,,,,77119657,77119650
3265,3265,4,,,,,,77119887,77120142
3265,3265,4,,,,,,77119751,77120128
3265,3265,4,,,,,,77119944,77120138
3265,3265,4,,,,,,77119935,77120111
3265,3265,4,,,,,,77119995,77120133
3265,3265,4,,,,,,77119961,77119651
3265,3265,4,,,,,,77119918,77119638
3265,3265,4,,,,,,77119954,77120124
3265,3265,4,,,,,,77119934,77120106
3265,3265,4,,,,,,77119886,77120127
3265,3265,4,,,,,,77119834,77120135
3265,3265,4,,,,,,77119993,77119760
3265,3265,4,,,,,,77119691,77120113
3265,3265,4,,,,,,77119999,77119727
3265,3265,4,,,,,,77119950,77119630
3265,3265,4,,,,,,77119960,77120123
3265,3265,4,,,,,,77119916,77120121
3265,3265,4,,,,,,77119915,77120136
3265,3265,4,,,,,,77119983,77120109
3265,3265,4,,,,,,77119844,77120126
3265,3265,4,,,,,,77120105,77120108
3265,3265,4,,,,,,77119949,77119922
3265,3265,4,,,,,,77120100,77120131
3265,3265,4,,,,,,77120101,77119672
3265,3265,4,,,,,,77120099,77119656
3265,3265,4,,,,,,77119892,77120006
3265,3265,4,,,,,,77120000,77120141
3265,3265,4,,,,,,77119982,77120114
3265,3265,4,,,,,,77119925,77120116
3265,3265,4,,,,,,77119962,77119632
3265,3265,4,,,,,,77119958,77120137
3265,3265,4,,,,,,77119666,77119736
3265,3265,4,,,,,,77120025,77120132
3265,3265,4,,,,,,77119830,77120120
3265,3265,4,,,,,,77119978,77120140
3265,3265,4,,,,,,77120102,77119810
3265,3265,4,,,,,,77119923,77120139
3265,3265,4,,,,,,77119926,77120112
3265,3265,4,,,,,,77120097,77119707
3265,3265,4,,,,,,77119992,77120125
3265,3265,4,,,,,,77120104,77119729
3265,3265,4,,,,,,77119917,77119609
3265,3265,4,,,,,,77119990,77120110
3265,3265,4,,,,,,77119942,77119611
3265,3265,4,,,,,,77119939,77119627
3265,3265,4,,,,,,77119987,77120144
3265,3265,4,,,,,,77119919,77119742
3265,3265,4,,,,,,77119984,77119628
3265,3265,4,,,,,,77119967,77120134
3265,3265,4,,,,,,77119676,77119986
3265,3265,4,,,,,,77120001,77120115
3265,3265,4,,,,,,77120021,77119612
3265,3265,4,,,,,,77119933,77119793
3265,3265,4,,,,,,77119952,77119610
3265,3265,4,,,,,,77119671,77120118
3265,3265,4,,,,,,77119920,77120129
3265,3265,4,,,,,,77119968,77120130
3265,3265,4,,,,,,77119898,77119815
3265,3265,4,,,,,,77119979,77119647
3265,3265,4,,,,,,77119936,77119633
3265,3265,4,,,,,,77120829,77120962
3265,3265,4,,,,,,77120902,77121006
3265,3265,4,,,,,,77120890,77120990
3265,3265,4,,,,,,77120833,77120945
3265,3265,4,,,,,,77120828,77120920
3265,3265,4,,,,,,77120834,77120967
3265,3265,4,,,,,,77120858,77121002
3265,3265,4,,,,,,77120905,77120992
3265,3265,4,,,,,,77120910,77120946
3265,3265,4,,,,,,77120831,77120922
3265,3265,4,,,,,,77120840,77120954
3265,3265,4,,,,,,77120888,77120856
3265,3265,4,,,,,,77120838,77120837
3265,3265,4,,,,,,77120827,77120882
3265,3265,4,,,,,,77120847,77120892
3265,3265,4,,,,,,77120864,77120832
3265,3265,4,,,,,,77120846,77120852
3265,3265,4,,,,,,77120830,77120883
3265,3265,4,,,,,,77120835,77120987
3265,3265,4,,,,,,77120886,77120939
3265,3265,4,,,,,,77120857,77120931
3265,3265,4,,,,,,77120845,77121004
3265,3265,4,,,,,,77120850,77120959
3265,3265,4,,,,,,77120977,77120999
3265,3265,4,,,,,,77120913,77120885
3265,3265,4,,,,,,77120950,77120797
3265,3265,4,,,,,,77120825,77120908
3265,3265,4,,,,,,77120849,77121007
3265,3265,4,,,,,,77112937,77113129
3265,3265,4,,,,,,77113105,77113115
3265,3265,4,,,,,,77113110,77112678
3265,3265,4,,,,,,77112914,77112801
3265,3265,4,,,,,,77112950,77113053
3265,3265,4,,,,,,77112934,77112612
3265,3265,4,,,,,,77112658,77112651
3265,3265,4,,,,,,77112890,77113149
3265,3265,4,,,,,,77112753,77113134
3265,3265,4,,,,,,77112949,77113145
3265,3265,4,,,,,,77112940,77113118
3265,3265,4,,,,,,77113001,77113140
3265,3265,4,,,,,,77112966,77112652
3265,3265,4,,,,,,77112920,77112635
3265,3265,4,,,,,,77112956,77113131
3265,3265,4,,,,,,77112939,77113113
3265,3265,4,,,,,,77112889,77113133
3265,3265,4,,,,,,77112837,77113142
3265,3265,4,,,,,,77112999,77112762
3265,3265,4,,,,,,77112692,77113120
3265,3265,4,,,,,,77113005,77112729
3265,3265,4,,,,,,77112954,77112628
3265,3265,4,,,,,,77112965,77113130
3265,3265,4,,,,,,77112921,77113128
3265,3265,4,,,,,,77112919,77113143
3265,3265,4,,,,,,77112989,77113117
3265,3265,4,,,,,,77112846,77113136
3265,3265,4,,,,,,77113112,77113116
3265,3265,4,,,,,,77112958,77112927
3265,3265,4,,,,,,77113107,77113138
3265,3265,4,,,,,,77113108,77112673
3265,3265,4,,,,,,77113106,77112657
3265,3265,4,,,,,,77112895,77113012
3265,3265,4,,,,,,77113006,77113148
3265,3265,4,,,,,,77112987,77113121
3265,3265,4,,,,,,77112930,77113123
3265,3265,4,,,,,,77112967,77112630
3265,3265,4,,,,,,77112963,77113144
3265,3265,4,,,,,,77112668,77112739
3265,3265,4,,,,,,77113031,77113139
3265,3265,4,,,,,,77112834,77113127
3265,3265,4,,,,,,77112983,77113147
3265,3265,4,,,,,,77113109,77112812
3265,3265,4,,,,,,77112928,77113146
3265,3265,4,,,,,,77112931,77113119
3265,3265,4,,,,,,77113104,77112709
3265,3265,4,,,,,,77112998,77113132
3265,3265,4,,,,,,77112644,77113151
3265,3265,4,,,,,,77112923,77112606
3265,3265,4,,,,,,77112996,77113114
3265,3265,4,,,,,,77112947,77112608
3265,3265,4,,,,,,77112944,77112625
3265,3265,4,,,,,,77112988,77113152
3265,3265,4,,,,,,77112924,77112743
3265,3265,4,,,,,,77112990,77112626
3265,3265,4,,,,,,77112972,77113141
3265,3265,4,,,,,,77113111,77112731
3265,3265,4,,,,,,77112677,77112991
3265,3265,4,,,,,,77113007,77113122
3265,3265,4,,,,,,77113026,77112609
3265,3265,4,,,,,,77112938,77112796
3265,3265,4,,,,,,77112957,77112607
3265,3265,4,,,,,,77112671,77113125
3265,3265,4,,,,,,77112647,77113124
3265,3265,4,,,,,,77112925,77113135
3265,3265,4,,,,,,77112973,77113137
3265,3265,4,,,,,,77112901,77112818
3265,3265,4,,,,,,77112984,77112646
3265,3265,4,,,,,,77112941,77112632
3265,3265,4,,,,,,77112605,77113126
3265,3265,4,,,,,,77118679,77118680
3265,3265,4,,,,,,77118681,77118682
3265,3265,4,,,,,,77118657,77118658
3265,3265,4,,,,,,77118943,77118944
3265,3265,4,,,,,,77118780,77118782
3265,3265,4,,,,,,77118652,77118946
3265,3265,4,,,,,,77118368,77118369
3265,3265,4,,,,,,77118374,77118375
3265,3265,4,,,,,,77118376,77118377
3265,3265,4,,,,,,77118951,77118884
3265,3265,4,,,,,,77118627,77118628
3265,3265,4,,,,,,77118629,77118630
3265,3265,4,,,,,,77118631,77118632
3265,3265,4,,,,,,77118621,77118622
3265,3265,4,,,,,,77118623,77118624
3265,3265,4,,,,,,77118669,77118670
3265,3265,4,,,,,,77118424,77118425
3265,3265,4,,,,,,77118426,77118427
3265,3265,4,,,,,,77118428,77118429
3265,3265,4,,,,,,77118430,77118431
3265,3265,4,,,,,,77118433,77118434
3265,3265,4,,,,,,77118435,77118432
3265,3265,4,,,,,,77118418,77118420
3265,3265,4,,,,,,77118947,77118948
3265,3265,4,,,,,,77118635,77118637
3265,3265,4,,,,,,77118677,77118678
3265,3265,4,,,,,,77118776,77118777
3265,3265,4,,,,,,77118504,77118508
3265,3265,4,,,,,,77118509,77118510
3265,3265,4,,,,,,77118524,77118525
3265,3265,4,,,,,,75822832,75822822
3265,3265,4,,,,,,75822683,75822600
3265,3265,4,,,,,,75822820,75822714
3265,3265,4,,,,,,75822703,75822836
3265,3265,4,,,,,,75822824,75822870
3265,3265,4,,,,,,75822601,75822602
3265,3265,4,,,,,,75822882,75822812
3265,3265,4,,,,,,75822952,75822883
3265,3265,4,,,,,,75822852,75822708
3265,3265,4,,,,,,75822745,75822636
3265,3265,4,,,,,,75822800,75822717
3265,3265,4,,,,,,75822819,75822635
3265,3265,4,,,,,,75822861,75822817
3265,3265,4,,,,,,75822850,75822851
3265,3265,4,,,,,,75822704,75822801
3265,3265,4,,,,,,75822963,75822811
3265,3265,4,,,,,,75822808,75822818
3265,3265,4,,,,,,75822701,75822854
3265,3265,4,,,,,,75822855,75822830
3265,3265,4,,,,,,75822705,75822857
3265,3265,4,,,,,,75822695,75822843
3265,3265,4,,,,,,75822699,75823011
3265,3265,4,,,,,,75822842,75822754
3265,3265,4,,,,,,75822595,75822700
3265,3265,4,,,,,,75822880,75822623
3265,3265,4,,,,,,75822698,75822613
3265,3265,4,,,,,,75822863,75822828
3265,3265,4,,,,,,75822702,75822869
3265,3265,4,,,,,,75822858,75822691
3265,3265,4,,,,,,75822867,75822617
3265,3265,4,,,,,,75812019,75812211
3265,3265,4,,,,,,75811996,75811883
3265,3265,4,,,,,,75812187,75812196
3265,3265,4,,,,,,75812192,75811760
3265,3265,4,,,,,,75812048,75811734
3265,3265,4,,,,,,75812005,75811717
3265,3265,4,,,,,,75812041,75812213
3265,3265,4,,,,,,75812070,75812198
3265,3265,4,,,,,,75811928,75812218
3265,3265,4,,,,,,75812194,75812197
3265,3265,4,,,,,,75812081,75811844
3265,3265,4,,,,,,75811774,75812202
3265,3265,4,,,,,,75812039,75812009
3265,3265,4,,,,,,75812189,75812220
3265,3265,4,,,,,,75812190,75811755
3265,3265,4,,,,,,75812047,75812212
3265,3265,4,,,,,,75812002,75812210
3265,3265,4,,,,,,75812001,75812225
3265,3265,4,,,,,,75812012,75812205
3265,3265,4,,,,,,75812088,75812230
3265,3265,4,,,,,,75812032,75812135
3265,3265,4,,,,,,75812016,75811694
3265,3265,4,,,,,,75811740,75811733
3265,3265,4,,,,,,75812021,75812195
3265,3265,4,,,,,,75811971,75812215
3265,3265,4,,,,,,75811919,75812224
3265,3265,4,,,,,,75811972,75812231
3265,3265,4,,,,,,75811835,75812216
3265,3265,4,,,,,,75812031,75812227
3265,3265,4,,,,,,75812022,75812200
3265,3265,4,,,,,,75812083,75812222
3265,3265,4,,,,,,75812188,75811739
3265,3265,4,,,,,,75811977,75812094
3265,3265,4,,,,,,75812069,75812203
3265,3265,4,,,,,,75812087,75811811
3265,3265,4,,,,,,75812036,75811710
3265,3265,4,,,,,,75812045,75812226
3265,3265,4,,,,,,75811749,75811820
3265,3265,4,,,,,,75812049,75811712
3265,3265,4,,,,,,75812113,75812221
3265,3265,4,,,,,,75811915,75812209
3265,3265,4,,,,,,75812065,75812229
3265,3265,4,,,,,,75812191,75811894
3265,3265,4,,,,,,75812186,75811791
3265,3265,4,,,,,,75812010,75812228
3265,3265,4,,,,,,75812013,75812201
3265,3265,4,,,,,,75812080,75812214
3265,3265,4,,,,,,75811726,75812232
3265,3265,4,,,,,,75812006,75811825
3265,3265,4,,,,,,75812071,75811708
3265,3265,4,,,,,,75812029,75811690
3265,3265,4,,,,,,75812026,75811707
3265,3265,4,,,,,,75812193,75811813
3265,3265,4,,,,,,75812004,75811688
3265,3265,4,,,,,,75812078,75812199
3265,3265,4,,,,,,75812073,75812233
3265,3265,4,,,,,,75812054,75812223
3265,3265,4,,,,,,75811759,75812072
3265,3265,4,,,,,,75812089,75812204
3265,3265,4,,,,,,75812007,75812217
3265,3265,4,,,,,,75812055,75812219
3265,3265,4,,,,,,75812108,75811691
3265,3265,4,,,,,,75812020,75811878
3265,3265,4,,,,,,75811729,75812206
3265,3265,4,,,,,,75811983,75811900
3265,3265,4,,,,,,75811753,75812207
3265,3265,4,,,,,,75812038,75811689
3265,3265,4,,,,,,75811687,75812208
3265,3265,4,,,,,,75812023,75811713
3265,3265,4,,,,,,75812066,75811728
3265,3265,4,,,,,,77170641,77170557
3265,3265,4,,,,,,77170789,77170779
3265,3265,4,,,,,,77170662,77170811
3265,3265,4,,,,,,77170652,77170800
3265,3265,4,,,,,,77170777,77170592
3265,3265,4,,,,,,77170819,77170774
3265,3265,4,,,,,,77170807,77170808
3265,3265,4,,,,,,77170661,77170758
3265,3265,4,,,,,,77170778,77170668
3265,3265,4,,,,,,77170660,77170793
3265,3265,4,,,,,,77170782,77170828
3265,3265,4,,,,,,77170558,77170559
3265,3265,4,,,,,,77170839,77170769
3265,3265,4,,,,,,77170909,77170840
3265,3265,4,,,,,,77170809,77170665
3265,3265,4,,,,,,77170702,77170593
3265,3265,4,,,,,,77170757,77170675
3265,3265,4,,,,,,77170658,77170812
3265,3265,4,,,,,,77170813,77170787
3265,3265,4,,,,,,77170921,77170768
3265,3265,4,,,,,,77170765,77170776
3265,3265,4,,,,,,77170656,77170968
3265,3265,4,,,,,,77170799,77170712
3265,3265,4,,,,,,77170552,77170657
3265,3265,4,,,,,,77170837,77170580
3265,3265,4,,,,,,77170655,77170570
3265,3265,4,,,,,,77170820,77170785
3265,3265,4,,,,,,77170659,77170827
3265,3265,4,,,,,,77170815,77170649
3265,3265,4,,,,,,77170824,77170574
38813,38813,4,,,,,,75821189,75821208
38813,38813,4,,,,,,75821204,75821183
38813,38813,4,,,,,,75821226,75821229
38813,38813,4,,,,,,75821234,75821231
38813,38813,4,,,,,,75821190,75821207
38813,38813,4,,,,,,75821192,75821187
38813,38813,4,,,,,,75821216,75821191
38813,38813,4,,,,,,75821199,75821193
38813,38813,4,,,,,,75821213,75821184
38813,38813,4,,,,,,75821210,75821203
38813,38813,4,,,,,,75821232,75821185
38813,38813,4,,,,,,75821233,75821218
38813,38813,4,,,,,,75821237,75821212
38813,38813,4,,,,,,75821200,75821197
38813,38813,4,,,,,,75821206,75821215
38813,38813,4,,,,,,75821219,75821214
38813,38813,4,,,,,,75821175,75821186
38813,38813,4,,,,,,75817387,75817388
38813,38813,4,,,,,,75817372,75817369
38813,38813,4,,,,,,75816897,75816808
38813,38813,4,,,,,,75816802,75816765
38813,38813,4,,,,,,75816909,75816777
38813,38813,4,,,,,,75816901,75816766
38813,38813,4,,,,,,75816917,75816672
38813,38813,4,,,,,,75816922,75816920
38813,38813,4,,,,,,75816916,75816770
38813,38813,4,,,,,,75817377,75817378
38813,38813,4,,,,,,75816893,75816903
38813,38813,4,,,,,,75817382,75817383
38813,38813,4,,,,,,75816679,75816748
38813,38813,4,,,,,,75816918,75816839
38813,38813,4,,,,,,75816913,75816779
38813,38813,4,,,,,,75816900,75816908
38813,38813,4,,,,,,75817381,75817384
38813,38813,4,,,,,,75816782,75817036
38813,38813,4,,,,,,75817370,75817371
38813,38813,4,,,,,,75816813,75816769
38813,38813,4,,,,,,75817373,75817374
38813,38813,4,,,,,,75816960,75816915
38813,38813,4,,,,,,75817368,75817366
38813,38813,4,,,,,,75817050,75816767
38813,38813,4,,,,,,75817376,75817375
38813,38813,4,,,,,,75817379,75817380
38813,38813,4,,,,,,75817051,75817390
38813,38813,4,,,,,,75839006,75839016
38813,38813,4,,,,,,75838863,75839005
38813,38813,4,,,,,,75838902,75839226
38813,38813,4,,,,,,75839010,75839020
38813,38813,4,,,,,,75839001,75839019
38813,38813,4,,,,,,75838848,75839175
38813,38813,4,,,,,,75839281,75839282
38813,38813,4,,,,,,75838861,75839017
38813,38813,4,,,,,,75839000,75838875
38813,38813,4,,,,,,75838851,75839011
38813,38813,4,,,,,,75838877,75839018
38813,38813,4,,,,,,75839014,75838866
38813,38813,4,,,,,,75838829,75838879
38813,38813,4,,,,,,75839012,75838996
38813,38813,4,,,,,,75839015,75839234
38813,38813,4,,,,,,75839004,75838901
38813,38813,4,,,,,,75839213,75838911
38813,38813,4,,,,,,77115574,77115578
38813,38813,4,,,,,,77115582,77115576
38813,38813,4,,,,,,77115538,77115555
38813,38813,4,,,,,,77115540,77115535
38813,38813,4,,,,,,77115564,77115539
38813,38813,4,,,,,,77115547,77115542
38813,38813,4,,,,,,77115561,77115532
38813,38813,4,,,,,,77115558,77115551
38813,38813,4,,,,,,77115537,77115556
38813,38813,4,,,,,,77115552,77115528
38813,38813,4,,,,,,77115580,77115533
38813,38813,4,,,,,,77115581,77115566
38813,38813,4,,,,,,77115585,77115560
38813,38813,4,,,,,,77115548,77115545
38813,38813,4,,,,,,77115554,77115563
38813,38813,4,,,,,,77115567,77115562
38813,38813,4,,,,,,77115523,77115534
38813,38813,4,,,,,,77116392,77116401
38813,38813,4,,,,,,77116876,77116877
38813,38813,4,,,,,,77116180,77116247
38813,38813,4,,,,,,77116416,77116337
38813,38813,4,,,,,,77116411,77116278
38813,38813,4,,,,,,77116881,77116882
38813,38813,4,,,,,,77116867,77116863
38813,38813,4,,,,,,77116395,77116306
38813,38813,4,,,,,,77116300,77116264
38813,38813,4,,,,,,77116407,77116276
38813,38813,4,,,,,,77116399,77116265
38813,38813,4,,,,,,77116415,77116172
38813,38813,4,,,,,,77116420,77116418
38813,38813,4,,,,,,77116414,77116269
38813,38813,4,,,,,,77116871,77116872
38813,38813,4,,,,,,77116456,77116413
38813,38813,4,,,,,,77116398,77116406
38813,38813,4,,,,,,77116875,77116878
38813,38813,4,,,,,,77116862,77116860
38813,38813,4,,,,,,77116546,77116266
38813,38813,4,,,,,,77116870,77116869
38813,38813,4,,,,,,77116873,77116874
38813,38813,4,,,,,,77116281,77116532
38813,38813,4,,,,,,77116865,77116866
38813,38813,4,,,,,,77116311,77116268
38813,38813,4,,,,,,77116864,77116868
38813,38813,4,,,,,,77116547,77116884
38813,38813,4,,,,,,77121550,77121559
38813,38813,4,,,,,,77122038,77122039
38813,38813,4,,,,,,77121335,77121405
38813,38813,4,,,,,,77121574,77121495
38813,38813,4,,,,,,77121569,77121435
38813,38813,4,,,,,,77122043,77122044
38813,38813,4,,,,,,77122029,77122025
38813,38813,4,,,,,,77121553,77121464
38813,38813,4,,,,,,77121459,77121421
38813,38813,4,,,,,,77121565,77121433
38813,38813,4,,,,,,77121557,77121423
38813,38813,4,,,,,,77121573,77121328
38813,38813,4,,,,,,77121578,77121576
38813,38813,4,,,,,,77121572,77121426
38813,38813,4,,,,,,77122033,77122034
38813,38813,4,,,,,,77121616,77121571
38813,38813,4,,,,,,77121556,77121564
38813,38813,4,,,,,,77122037,77122040
38813,38813,4,,,,,,77122024,77122022
38813,38813,4,,,,,,77121706,77121424
38813,38813,4,,,,,,77122032,77122031
38813,38813,4,,,,,,77122035,77122036
38813,38813,4,,,,,,77121438,77121692
38813,38813,4,,,,,,77122026,77122028
38813,38813,4,,,,,,77121469,77121422
38813,38813,4,,,,,,77122030,77122027
38813,38813,4,,,,,,77121707,77122046
38813,38813,4,,,,,,77114720,77114729
38813,38813,4,,,,,,77115208,77115209
38813,38813,4,,,,,,77114505,77114575
38813,38813,4,,,,,,77114744,77114665
38813,38813,4,,,,,,77114739,77114605
38813,38813,4,,,,,,77115213,77115214
38813,38813,4,,,,,,77115199,77115195
38813,38813,4,,,,,,77114723,77114634
38813,38813,4,,,,,,77114629,77114591
38813,38813,4,,,,,,77114735,77114603
38813,38813,4,,,,,,77114724,77114593
38813,38813,4,,,,,,77114743,77114498
38813,38813,4,,,,,,77114748,77114746
38813,38813,4,,,,,,77114742,77114596
38813,38813,4,,,,,,77115203,77115204
38813,38813,4,,,,,,77114786,77114741
38813,38813,4,,,,,,77114727,77114734
38813,38813,4,,,,,,77115207,77115210
38813,38813,4,,,,,,77115194,77115192
38813,38813,4,,,,,,77114876,77114594
38813,38813,4,,,,,,77115202,77115201
38813,38813,4,,,,,,77115205,77115206
38813,38813,4,,,,,,77114608,77114862
38813,38813,4,,,,,,77115196,77115198
38813,38813,4,,,,,,77114639,77114592
38813,38813,4,,,,,,77115200,77115197
38813,38813,4,,,,,,77114877,77115216
38813,38813,4,,,,,,77119064,77119068
38813,38813,4,,,,,,77119072,77119066
38813,38813,4,,,,,,77119028,77119045
38813,38813,4,,,,,,77119030,77119025
38813,38813,4,,,,,,77119054,77119029
38813,38813,4,,,,,,77119037,77119032
38813,38813,4,,,,,,77119051,77119022
38813,38813,4,,,,,,77119048,77119041
38813,38813,4,,,,,,77119027,77119046
38813,38813,4,,,,,,77119042,77119018
38813,38813,4,,,,,,77119070,77119023
38813,38813,4,,,,,,77119071,77119056
38813,38813,4,,,,,,77119075,77119050
38813,38813,4,,,,,,77119038,77119035
38813,38813,4,,,,,,77119044,77119053
38813,38813,4,,,,,,77119057,77119052
38813,38813,4,,,,,,77119013,77119024
38813,38813,4,,,,,,77117504,77117514
38813,38813,4,,,,,,77117989,77117990
38813,38813,4,,,,,,77117292,77117360
38813,38813,4,,,,,,77117530,77117450
38813,38813,4,,,,,,77117524,77117391
38813,38813,4,,,,,,77117995,77117992
38813,38813,4,,,,,,77117979,77117976
38813,38813,4,,,,,,77117508,77117419
38813,38813,4,,,,,,77117413,77117377
38813,38813,4,,,,,,77117520,77117386
38813,38813,4,,,,,,77117512,77117378
38813,38813,4,,,,,,77117528,77117285
38813,38813,4,,,,,,77117533,77117532
38813,38813,4,,,,,,77117527,77117382
38813,38813,4,,,,,,77117984,77117985
38813,38813,4,,,,,,77117569,77117526
38813,38813,4,,,,,,77117511,77117519
38813,38813,4,,,,,,77117988,77117991
38813,38813,4,,,,,,77117975,77117973
38813,38813,4,,,,,,77117658,77117379
38813,38813,4,,,,,,77117983,77117982
38813,38813,4,,,,,,77117986,77117987
38813,38813,4,,,,,,77117394,77117644
38813,38813,4,,,,,,77117977,77117978
38813,38813,4,,,,,,77117421,77117381
38813,38813,4,,,,,,77117980,77117981
38813,38813,4,,,,,,77117659,77117996
38813,38813,4,,,,,,77119882,77119891
38813,38813,4,,,,,,77120366,77120367
38813,38813,4,,,,,,77119670,77119737
38813,38813,4,,,,,,77119906,77119827
38813,38813,4,,,,,,77119901,77119768
38813,38813,4,,,,,,77120371,77120372
38813,38813,4,,,,,,77120356,77120353
38813,38813,4,,,,,,77119885,77119796
38813,38813,4,,,,,,77119790,77119754
38813,38813,4,,,,,,77119897,77119766
38813,38813,4,,,,,,77119889,77119755
38813,38813,4,,,,,,77119905,77119662
38813,38813,4,,,,,,77119910,77119908
38813,38813,4,,,,,,77119904,77119759
38813,38813,4,,,,,,77120361,77120362
38813,38813,4,,,,,,77119946,77119903
38813,38813,4,,,,,,77119888,77119896
38813,38813,4,,,,,,77120365,77120368
38813,38813,4,,,,,,77120352,77120350
38813,38813,4,,,,,,77120035,77119756
38813,38813,4,,,,,,77120360,77120359
38813,38813,4,,,,,,77120363,77120364
38813,38813,4,,,,,,77119771,77120022
38813,38813,4,,,,,,77120354,77120355
38813,38813,4,,,,,,77119801,77119758
38813,38813,4,,,,,,77120357,77120358
38813,38813,4,,,,,,77120036,77120374
38813,38813,4,,,,,,77120718,77120722
38813,38813,4,,,,,,77120726,77120720
38813,38813,4,,,,,,77120682,77120699
38813,38813,4,,,,,,77120684,77120679
38813,38813,4,,,,,,77120708,77120683
38813,38813,4,,,,,,77120691,77120686
38813,38813,4,,,,,,77120705,77120676
38813,38813,4,,,,,,77120702,77120695
38813,38813,4,,,,,,77120681,77120700
38813,38813,4,,,,,,77120696,77120672
38813,38813,4,,,,,,77120724,77120677
38813,38813,4,,,,,,77120725,77120710
38813,38813,4,,,,,,77120729,77120704
38813,38813,4,,,,,,77120692,77120689
38813,38813,4,,,,,,77120698,77120707
38813,38813,4,,,,,,77120711,77120706
38813,38813,4,,,,,,77120667,77120678
38813,38813,4,,,,,,77112885,77112894
38813,38813,4,,,,,,77113373,77113374
38813,38813,4,,,,,,77112670,77112740
38813,38813,4,,,,,,77112909,77112830
38813,38813,4,,,,,,77112904,77112770
38813,38813,4,,,,,,77113378,77113379
38813,38813,4,,,,,,77113364,77113360
38813,38813,4,,,,,,77112888,77112799
38813,38813,4,,,,,,77112794,77112756
38813,38813,4,,,,,,77112900,77112768
38813,38813,4,,,,,,77112892,77112758
38813,38813,4,,,,,,77112908,77112663
38813,38813,4,,,,,,77112913,77112911
38813,38813,4,,,,,,77112907,77112761
38813,38813,4,,,,,,77113368,77113369
38813,38813,4,,,,,,77112951,77112906
38813,38813,4,,,,,,77112891,77112899
38813,38813,4,,,,,,77113372,77113375
38813,38813,4,,,,,,77113359,77113357
38813,38813,4,,,,,,77113041,77112759
38813,38813,4,,,,,,77113367,77113366
38813,38813,4,,,,,,77113370,77113371
38813,38813,4,,,,,,77112773,77113027
38813,38813,4,,,,,,77113361,77113363
38813,38813,4,,,,,,77112804,77112757
38813,38813,4,,,,,,77113365,77113362
38813,38813,4,,,,,,77113042,77113381
38813,38813,4,,,,,,77118730,77118731
38813,38813,4,,,,,,77118732,77118733
38813,38813,4,,,,,,77118734,77118735
38813,38813,4,,,,,,77118736,77118737
38813,38813,4,,,,,,77118738,77118739
38813,38813,4,,,,,,77118740,77118741
38813,38813,4,,,,,,77118742,77118743
38813,38813,4,,,,,,77118744,77118746
38813,38813,4,,,,,,77118747,77118748
38813,38813,4,,,,,,77118745,77118749
38813,38813,4,,,,,,77118750,77118751
38813,38813,4,,,,,,77118752,77118753
38813,38813,4,,,,,,77118754,77118755
38813,38813,4,,,,,,77118756,77118758
38813,38813,4,,,,,,77118759,77118760
38813,38813,4,,,,,,77118757,77118761
38813,38813,4,,,,,,77118762,77118763
38813,38813,4,,,,,,75822639,75822795
38813,38813,4,,,,,,75822778,75822653
38813,38813,4,,,,,,75822629,75822789
38813,38813,4,,,,,,75822655,75822796
38813,38813,4,,,,,,75822792,75822644
38813,38813,4,,,,,,75822784,75822794
38813,38813,4,,,,,,75822641,75822783
38813,38813,4,,,,,,75822680,75823004
38813,38813,4,,,,,,75822788,75822798
38813,38813,4,,,,,,75822779,75822797
38813,38813,4,,,,,,75822626,75822953
38813,38813,4,,,,,,75823059,75823060
38813,38813,4,,,,,,75822608,75822657
38813,38813,4,,,,,,75822790,75822774
38813,38813,4,,,,,,75822793,75823012
38813,38813,4,,,,,,75822782,75822679
38813,38813,4,,,,,,75822991,75822689
38813,38813,4,,,,,,75812460,75812461
38813,38813,4,,,,,,75812445,75812442
38813,38813,4,,,,,,75811970,75811881
38813,38813,4,,,,,,75811875,75811838
38813,38813,4,,,,,,75811982,75811850
38813,38813,4,,,,,,75811974,75811839
38813,38813,4,,,,,,75811990,75811745
38813,38813,4,,,,,,75811995,75811993
38813,38813,4,,,,,,75811989,75811843
38813,38813,4,,,,,,75812450,75812451
38813,38813,4,,,,,,75811966,75811976
38813,38813,4,,,,,,75812455,75812456
38813,38813,4,,,,,,75811752,75811821
38813,38813,4,,,,,,75811991,75811912
38813,38813,4,,,,,,75811986,75811852
38813,38813,4,,,,,,75811973,75811981
38813,38813,4,,,,,,75812454,75812457
38813,38813,4,,,,,,75811855,75812109
38813,38813,4,,,,,,75812443,75812444
38813,38813,4,,,,,,75811886,75811842
38813,38813,4,,,,,,75812446,75812447
38813,38813,4,,,,,,75812033,75811988
38813,38813,4,,,,,,75812441,75812439
38813,38813,4,,,,,,75812123,75811840
38813,38813,4,,,,,,75812449,75812448
38813,38813,4,,,,,,75812452,75812453
38813,38813,4,,,,,,75812124,75812463
38813,38813,4,,,,,,77170597,77170752
38813,38813,4,,,,,,77170735,77170610
38813,38813,4,,,,,,77170586,77170747
38813,38813,4,,,,,,77170613,77170754
38813,38813,4,,,,,,77170749,77170601
38813,38813,4,,,,,,77170746,77170756
38813,38813,4,,,,,,77170736,77170755
38813,38813,4,,,,,,77170583,77170910
38813,38813,4,,,,,,77171016,77171017
38813,38813,4,,,,,,77170742,77170751
38813,38813,4,,,,,,77170599,77170741
38813,38813,4,,,,,,77170637,77170962
38813,38813,4,,,,,,77170565,77170615
38813,38813,4,,,,,,77170744,77170731
38813,38813,4,,,,,,77170750,77170970
38813,38813,4,,,,,,77170740,77170636
38813,38813,4,,,,,,77170948,77170646
49001,49001,4,,,,,,75641415,75641456
49001,49001,4,,,,,,75641464,75641506
49001,49001,4,,,,,,75641466,75641509
49001,49001,4,,,,,,75641392,75641433
49001,49001,4,,,,,,75641388,75641375
49001,49001,4,,,,,,75641400,75641443
49001,49001,4,,,,,,75641402,75641446
49001,49001,4,,,,,,75641410,75641450
49001,49001,4,,,,,,75641413,75641457
49001,49001,4,,,,,,75641459,75641504
49001,49001,4,,,,,,75641467,75641503
49001,49001,4,,,,,,75641477,75641514
49001,49001,4,,,,,,75641476,75641519
49001,49001,4,,,,,,75641469,75641510
49001,49001,4,,,,,,75641336,75641368
49001,49001,4,,,,,,75641340,75641426
49001,49001,4,,,,,,75641344,75641365
49001,49001,4,,,,,,75641380,75641418
49001,49001,4,,,,,,75641384,75641428
49001,49001,4,,,,,,75641339,75641432
49001,49001,4,,,,,,75641343,75641374
49001,49001,4,,,,,,75641377,75641421
49001,49001,4,,,,,,75641382,75641427
49001,49001,4,,,,,,75641389,75641430
49001,49001,4,,,,,,75641394,75641370
49001,49001,4,,,,,,75641393,75641438
49001,49001,4,,,,,,75641395,75641437
49001,49001,4,,,,,,75641401,75641439
49001,49001,4,,,,,,75641405,75641451
49001,49001,4,,,,,,75641391,75641371
49001,49001,4,,,,,,75641399,75641442
49001,49001,4,,,,,,75641403,75641447
49001,49001,4,,,,,,75641407,75641452
49001,49001,4,,,,,,75641385,75641369
49001,49001,4,,,,,,75641397,75641436
49001,49001,4,,,,,,75641396,75641444
49001,49001,4,,,,,,75641408,75641448
49001,49001,4,,,,,,75641411,75641453
49001,49001,4,,,,,,75641416,75641458
49001,49001,4,,,,,,75641398,75641440
49001,49001,4,,,,,,75641404,75641441
49001,49001,4,,,,,,75641409,75641445
49001,49001,4,,,,,,75641412,75641454
49001,49001,4,,,,,,75641338,75641372
49001,49001,4,,,,,,75641342,75641435
49001,49001,4,,,,,,75641378,75641420
49001,49001,4,,,,,,75641381,75641423
49001,49001,4,,,,,,75641468,75641513
49001,49001,4,,,,,,75641475,75641515
49001,49001,4,,,,,,75641478,75641523
49001,49001,4,,,,,,75641486,75641528
49001,49001,4,,,,,,75641488,75641530
49001,49001,4,,,,,,75641493,75641534
49001,49001,4,,,,,,75641497,75641541
49001,49001,4,,,,,,75641480,75641521
49001,49001,4,,,,,,75641484,75641524
49001,49001,4,,,,,,75641483,75641525
49001,49001,4,,,,,,75641490,75641532
49001,49001,4,,,,,,75641495,75641537
49001,49001,4,,,,,,75641499,75641536
49001,49001,4,,,,,,75641414,75641455
49001,49001,4,,,,,,75641463,75641505
49001,49001,4,,,,,,75641465,75641508
49001,49001,4,,,,,,75641471,75641511
49001,49001,4,,,,,,75641474,75641518
49001,49001,4,,,,,,75641479,75641520
49001,49001,4,,,,,,75641482,75641529
49001,49001,4,,,,,,75641489,75641531
49001,49001,4,,,,,,75641494,75641535
49001,49001,4,,,,,,75641498,75641538
49001,49001,4,,,,,,75641500,75641542
49001,49001,4,,,,,,75641460,75641502
49001,49001,4,,,,,,75641462,75641507
49001,49001,4,,,,,,75641473,75641512
49001,49001,4,,,,,,75641472,75641517
49001,49001,4,,,,,,75641481,75641522
49001,49001,4,,,,,,75641485,75641527
49001,49001,4,,,,,,75641487,75641526
49001,49001,4,,,,,,75641491,75641533
49001,49001,4,,,,,,75641492,75641540
49001,49001,4,,,,,,75641496,75641539
49001,49001,4,,,,,,75641313,75641314
49001,49001,4,,,,,,75641317,75641348
49001,49001,4,,,,,,75641320,75641347
49001,49001,4,,,,,,75641323,75641352
49001,49001,4,,,,,,75641326,75641359
49001,49001,4,,,,,,75641329,75641360
49001,49001,4,,,,,,75641332,75641363
49001,49001,4,,,,,,75641315,75641345
49001,49001,4,,,,,,75641318,75641349
49001,49001,4,,,,,,75641321,75641353
49001,49001,4,,,,,,75641324,75641351
49001,49001,4,,,,,,75641327,75641357
49001,49001,4,,,,,,75641330,75641354
49001,49001,4,,,,,,75641334,75641366
49001,49001,4,,,,,,75641376,75641419
49001,49001,4,,,,,,75641379,75641425
49001,49001,4,,,,,,75641387,75641422
49001,49001,4,,,,,,75641316,75641346
49001,49001,4,,,,,,75641319,75641350
49001,49001,4,,,,,,75641322,75641355
49001,49001,4,,,,,,75641325,75641358
49001,49001,4,,,,,,75641328,75641356
49001,49001,4,,,,,,75641331,75641361
49001,49001,4,,,,,,75641335,75641367
49001,49001,4,,,,,,75641333,75641364
49001,49001,4,,,,,,75641337,75641362
49001,49001,4,,,,,,75641341,75641434
49001,49001,4,,,,,,75641373,75641417
49001,49001,4,,,,,,75641383,75641424
49001,49001,4,,,,,,75624402,75624404
49001,49001,4,,,,,,75624400,75624401
49001,49001,4,,,,,,75624403,75624406
49001,49001,4,,,,,,75624432,75624431
49001,49001,4,,,,,,75624424,75624417
49001,49001,4,,,,,,75624427,75624425
49001,49001,4,,,,,,75624409,75624415
49001,49001,4,,,,,,75624412,75624436
49001,49001,4,,,,,,75624430,75624435
49001,49001,4,,,,,,75624429,75624441
49001,49001,4,,,,,,75624438,75624442
49001,49001,4,,,,,,75624444,75624445
49001,49001,4,,,,,,75624451,75624450
49001,49001,4,,,,,,75624449,75624461
49001,49001,4,,,,,,75624465,75624469
49001,49001,4,,,,,,75624471,75624472
49001,49001,4,,,,,,75624477,75624478
49001,49001,4,,,,,,75624407,75624416
49001,49001,4,,,,,,75624426,75624410
49001,49001,4,,,,,,75624421,75624420
49001,49001,4,,,,,,75624408,75624419
49001,49001,4,,,,,,75624423,75624418
49001,49001,4,,,,,,75624428,75624405
49001,49001,4,,,,,,75624413,75624422
49001,49001,4,,,,,,75624414,75624411
49001,49001,4,,,,,,75624433,75624434
49001,49001,4,,,,,,75624437,75624439
49001,49001,4,,,,,,75624452,75624460
49001,49001,4,,,,,,75624454,75624456
49001,49001,4,,,,,,75624455,75624463
49001,49001,4,,,,,,75624464,75624453
49001,49001,4,,,,,,75624457,75624459
49001,49001,4,,,,,,75624494,75624501
49001,49001,4,,,,,,75624506,75624514
49001,49001,4,,,,,,75624508,75624482
49001,49001,4,,,,,,75624517,75624512
49001,49001,4,,,,,,75624511,75624515
49001,49001,4,,,,,,75624493,75624519
49001,49001,4,,,,,,75624492,75624507
49001,49001,4,,,,,,75624489,75624495
49001,49001,4,,,,,,75624491,75624488
49001,49001,4,,,,,,75624496,75624499
49001,49001,4,,,,,,75624505,75624484
49001,49001,4,,,,,,75624504,75624483
49001,49001,4,,,,,,75624513,75624485
49001,49001,4,,,,,,75624498,75624486
49001,49001,4,,,,,,75624487,75624502
49001,49001,4,,,,,,75624500,75624497
49001,49001,4,,,,,,75624490,75624510
49001,49001,4,,,,,,75624503,75624509
49001,49001,4,,,,,,75624518,75624520
49001,49001,4,,,,,,75624539,75624543
49001,49001,4,,,,,,75624542,75624568
49001,49001,4,,,,,,75624573,75624540
49001,49001,4,,,,,,75624564,75624576
49001,49001,4,,,,,,75624561,75624549
49001,49001,4,,,,,,75624587,75624571
49001,49001,4,,,,,,75624551,75624582
49001,49001,4,,,,,,75624586,75624554
49001,49001,4,,,,,,75624556,75624553
49001,49001,4,,,,,,75624557,75624555
49001,49001,4,,,,,,75624622,75624624
49001,49001,4,,,,,,75624631,75624630
49001,49001,4,,,,,,75624589,75624625
49001,49001,4,,,,,,75624626,75624633
49001,49001,4,,,,,,75624635,75624594
49001,49001,4,,,,,,75624619,75624629
49001,49001,4,,,,,,75624603,75624605
49001,49001,4,,,,,,75624606,75624609
49001,49001,4,,,,,,75624614,75624613
49001,49001,4,,,,,,75624638,75624637
49001,49001,4,,,,,,75624639,75624641
49001,49001,4,,,,,,75624640,75624636
49001,49001,4,,,,,,75624599,75624632
49001,49001,4,,,,,,75624617,75624618
49001,49001,4,,,,,,75624612,75624593
49001,49001,4,,,,,,75624616,75624611
49001,49001,4,,,,,,75624592,75624615
49001,49001,4,,,,,,75624590,75624610
49001,49001,4,,,,,,75624600,75624595
49001,49001,4,,,,,,75624620,75624591
49001,49001,4,,,,,,75624607,75624602
49001,49001,4,,,,,,75624446,75624447
49001,49001,4,,,,,,75624448,75624458
49001,49001,4,,,,,,75624462,75624467
49001,49001,4,,,,,,75624468,75624466
49001,49001,4,,,,,,75624470,75624473
49001,49001,4,,,,,,75624566,75624547
49001,49001,4,,,,,,75624583,75624585
49001,49001,4,,,,,,75624578,75624560
49001,49001,4,,,,,,75624558,75624552
49001,49001,4,,,,,,75624559,75624579
49001,49001,4,,,,,,75624538,75624563
49001,49001,4,,,,,,75624584,75624545
49001,49001,4,,,,,,75624537,75624546
49001,49001,4,,,,,,75624574,75624567
49001,49001,4,,,,,,75624522,75624525
49001,49001,4,,,,,,75624523,75624528
49001,49001,4,,,,,,75624530,75624534
49001,49001,4,,,,,,75624532,75624536
49001,49001,4,,,,,,75624569,75624577
49001,49001,4,,,,,,75624572,75624575
49001,49001,4,,,,,,75624581,75624550
49001,49001,4,,,,,,75624548,75624580
49001,49001,4,,,,,,75625756,75625609
49001,49001,4,,,,,,75624596,75624604
49001,49001,4,,,,,,75624597,75624628
49001,49001,4,,,,,,75624634,75624608
49001,49001,4,,,,,,75624627,75624598
49001,49001,4,,,,,,75625607,75625604
49001,49001,4,,,,,,75624527,75624526
49001,49001,4,,,,,,75624531,75624535
49001,49001,4,,,,,,75624533,75624541
49001,49001,4,,,,,,75624565,75624588
49001,49001,4,,,,,,75624475,75624481
49001,49001,4,,,,,,75624516,75624521
49001,49001,4,,,,,,75624524,75624529
49001,49001,4,,,,,,75624479,75624480
49001,49001,4,,,,,,75630974,75630560
49001,49001,4,,,,,,75630556,75630534
49001,49001,4,,,,,,75630526,75630525
49001,49001,4,,,,,,75630529,75630520
49001,49001,4,,,,,,75630522,75630515
49001,49001,4,,,,,,75630973,75630972
49001,49001,4,,,,,,75630562,75630963
49001,49001,4,,,,,,75630535,75630532
49001,49001,4,,,,,,75630527,75630528
49001,49001,4,,,,,,75630524,75630521
49001,49001,4,,,,,,75630518,75630517
49001,49001,4,,,,,,75631040,75631038
49001,49001,4,,,,,,75631039,75631042
49001,49001,4,,,,,,75631018,75631013
49001,49001,4,,,,,,75631021,75631017
49001,49001,4,,,,,,75631016,75631020
49001,49001,4,,,,,,75630996,75630997
49001,49001,4,,,,,,75630992,75630995
49001,49001,4,,,,,,75630998,75630978
49001,49001,4,,,,,,75631037,75631033
49001,49001,4,,,,,,75631036,75631034
49001,49001,4,,,,,,75631011,75631009
49001,49001,4,,,,,,75631015,75631012
49001,49001,4,,,,,,75631014,75630993
49001,49001,4,,,,,,75630990,75630991
49001,49001,4,,,,,,75630994,75630989
49001,49001,4,,,,,,75630975,75630971
49001,49001,4,,,,,,75631044,75631049
49001,49001,4,,,,,,75631045,75631025
49001,49001,4,,,,,,75631023,75631024
49001,49001,4,,,,,,75631019,75631022
49001,49001,4,,,,,,75630999,75631002
49001,49001,4,,,,,,75631003,75631000
49001,49001,4,,,,,,75631001,75631004
49001,49001,4,,,,,,75630983,75630985
49001,49001,4,,,,,,75631030,75631006
49001,49001,4,,,,,,75631007,75631008
49001,49001,4,,,,,,75631005,75631010
49001,49001,4,,,,,,75630479,75630485
49001,49001,4,,,,,,75630486,75630484
49001,49001,4,,,,,,75630489,75630488
49001,49001,4,,,,,,75632437,75632433
49001,49001,4,,,,,,75630516,75630500
49001,49001,4,,,,,,75630504,75630493
49001,49001,4,,,,,,75630497,75630494
49001,49001,4,,,,,,75630498,75630503
49001,49001,4,,,,,,75630551,75630545
49001,49001,4,,,,,,75630505,75630499
49001,49001,4,,,,,,75630507,75630508
49001,49001,4,,,,,,75630509,75630510
49001,49001,4,,,,,,75630511,75630512
49001,49001,4,,,,,,75630501,75630502
49001,49001,4,,,,,,75630546,75630540
49001,49001,4,,,,,,75630553,75630555
49001,49001,4,,,,,,75630490,75630491
49001,49001,4,,,,,,75630478,75630481
49001,49001,4,,,,,,75630483,75630482
49001,49001,4,,,,,,75630549,75630543
49001,49001,4,,,,,,75630554,75630559
49001,49001,4,,,,,,75632436,75632432
49001,49001,4,,,,,,75632430,75632435
49001,49001,4,,,,,,75631076,75631080
49001,49001,4,,,,,,75631077,75631078
49001,49001,4,,,,,,75631053,75631055
49001,49001,4,,,,,,75631086,75631090
49001,49001,4,,,,,,75631091,75631088
49001,49001,4,,,,,,75631065,75631067
49001,49001,4,,,,,,75631063,75631064
49001,49001,4,,,,,,75631062,75631066
49001,49001,4,,,,,,75631068,75631041
49001,49001,4,,,,,,75631084,75631085
49001,49001,4,,,,,,75631082,75631081
49001,49001,4,,,,,,75631083,75631060
49001,49001,4,,,,,,75631057,75631058
49001,49001,4,,,,,,75631061,75631054
49001,49001,4,,,,,,75631056,75631059
49001,49001,4,,,,,,75631032,75631035
49001,49001,4,,,,,,75631092,75631094
49001,49001,4,,,,,,75631089,75631093
49001,49001,4,,,,,,75631095,75631071
49001,49001,4,,,,,,75631075,75631072
49001,49001,4,,,,,,75631070,75631073
49001,49001,4,,,,,,75631074,75631069
49001,49001,4,,,,,,75631043,75631046
49001,49001,4,,,,,,75630979,75630980
49001,49001,4,,,,,,75630981,75630964
49001,49001,4,,,,,,75630965,75630558
49001,49001,4,,,,,,75630533,75630531
49001,49001,4,,,,,,75630530,75630523
49001,49001,4,,,,,,75630514,75630519
49001,49001,4,,,,,,75630987,75630982
49001,49001,4,,,,,,75630984,75630988
49001,49001,4,,,,,,75630986,75630970
49001,49001,4,,,,,,75630968,75630967
49001,49001,4,,,,,,75631048,75631051
49001,49001,4,,,,,,75631047,75631026
49001,49001,4,,,,,,75631029,75631031
49001,49001,4,,,,,,75631028,75631027
49001,49001,4,,,,,,75630969,75630966
49001,49001,4,,,,,,75630557,75630538
49001,49001,4,,,,,,75630548,75630539
49001,49001,4,,,,,,75630552,75630541
49001,49001,4,,,,,,75630550,75630544
49001,49001,4,,,,,,75630561,75632431
49001,49001,4,,,,,,75632425,75632434
49001,49001,4,,,,,,75647562,75647564
49001,49001,4,,,,,,75647560,75647561
49001,49001,4,,,,,,75647563,75647566
49001,49001,4,,,,,,75647592,75647591
49001,49001,4,,,,,,75647583,75647577
49001,49001,4,,,,,,75647587,75647585
49001,49001,4,,,,,,75647569,75647575
49001,49001,4,,,,,,75647573,75647596
49001,49001,4,,,,,,75647590,75647595
49001,49001,4,,,,,,75647589,75647601
49001,49001,4,,,,,,75647567,75647576
49001,49001,4,,,,,,75647586,75647571
49001,49001,4,,,,,,75647584,75647580
49001,49001,4,,,,,,75647568,75647579
49001,49001,4,,,,,,75647582,75647578
49001,49001,4,,,,,,75647588,75647565
49001,49001,4,,,,,,75647570,75647581
49001,49001,4,,,,,,75647574,75647572
49001,49001,4,,,,,,75647593,75647594
49001,49001,4,,,,,,75647597,75647599
49001,49001,4,,,,,,75647600,75647603
49001,49001,4,,,,,,75647607,75647608
49001,49001,4,,,,,,75647605,75647617
49001,49001,4,,,,,,75647612,75647620
49001,49001,4,,,,,,75647614,75647619
49001,49001,4,,,,,,75647615,75647623
49001,49001,4,,,,,,75647624,75647613
49001,49001,4,,,,,,75647616,75647618
49001,49001,4,,,,,,75647653,75647661
49001,49001,4,,,,,,75647666,75647674
49001,49001,4,,,,,,75647668,75647643
49001,49001,4,,,,,,75647678,75647672
49001,49001,4,,,,,,75647671,75647676
49001,49001,4,,,,,,75647652,75647679
49001,49001,4,,,,,,75647651,75647667
49001,49001,4,,,,,,75647649,75647655
49001,49001,4,,,,,,75647654,75647648
49001,49001,4,,,,,,75647656,75647659
49001,49001,4,,,,,,75647665,75647644
49001,49001,4,,,,,,75647664,75647640
49001,49001,4,,,,,,75647673,75647645
49001,49001,4,,,,,,75647658,75647646
49001,49001,4,,,,,,75647647,75647662
49001,49001,4,,,,,,75647660,75647657
49001,49001,4,,,,,,75647650,75647670
49001,49001,4,,,,,,75647699,75647703
49001,49001,4,,,,,,75647702,75647728
49001,49001,4,,,,,,75647733,75647700
49001,49001,4,,,,,,75647723,75647736
49001,49001,4,,,,,,75647724,75647709
49001,49001,4,,,,,,75647748,75647731
49001,49001,4,,,,,,75647712,75647742
49001,49001,4,,,,,,75647747,75647714
49001,49001,4,,,,,,75647716,75647710
49001,49001,4,,,,,,75647717,75647715
49001,49001,4,,,,,,75647783,75647784
49001,49001,4,,,,,,75647794,75647790
49001,49001,4,,,,,,75647749,75647785
49001,49001,4,,,,,,75647786,75647792
49001,49001,4,,,,,,75647795,75647754
49001,49001,4,,,,,,75647779,75647789
49001,49001,4,,,,,,75647763,75647765
49001,49001,4,,,,,,75647766,75647769
49001,49001,4,,,,,,75647774,75647773
49001,49001,4,,,,,,75647761,75647780
49001,49001,4,,,,,,75647758,75647791
49001,49001,4,,,,,,75647777,75647778
49001,49001,4,,,,,,75647772,75647753
49001,49001,4,,,,,,75647776,75647771
49001,49001,4,,,,,,75647752,75647775
49001,49001,4,,,,,,75647750,75647770
49001,49001,4,,,,,,75647760,75647755
49001,49001,4,,,,,,75647781,75647751
49001,49001,4,,,,,,75647767,75647762
49001,49001,4,,,,,,75647798,75647797
49001,49001,4,,,,,,75647799,75647801
49001,49001,4,,,,,,75647800,75647796
49001,49001,4,,,,,,75647675,75647680
49001,49001,4,,,,,,75647682,75647685
49001,49001,4,,,,,,75647683,75647687
49001,49001,4,,,,,,75647690,75647694
49001,49001,4,,,,,,75647692,75647696
49001,49001,4,,,,,,75647628,75647626
49001,49001,4,,,,,,75647630,75647633
49001,49001,4,,,,,,75647634,75647636
49001,49001,4,,,,,,75647639,75647641
49001,49001,4,,,,,,75647732,75647735
49001,49001,4,,,,,,75647741,75647711
49001,49001,4,,,,,,75647708,75647740
49001,49001,4,,,,,,75647756,75647788
49001,49001,4,,,,,,75647793,75647768
49001,49001,4,,,,,,75647787,75647757
49001,49001,4,,,,,,75647635,75647642
49001,49001,4,,,,,,75647677,75647681
49001,49001,4,,,,,,75647684,75647688
49001,49001,4,,,,,,75647686,75647689
49001,49001,4,,,,,,75647691,75647695
49001,49001,4,,,,,,75647693,75647701
49001,49001,4,,,,,,75647725,75647745
49001,49001,4,,,,,,75647625,75647629
49001,49001,4,,,,,,75647631,75647632
49001,49001,4,,,,,,75647637,75647638
49001,49001,4,,,,,,75647726,75647707
49001,49001,4,,,,,,75647743,75647746
49001,49001,4,,,,,,75647738,75647720
49001,49001,4,,,,,,75647718,75647713
49001,49001,4,,,,,,75647719,75647739
49001,49001,4,,,,,,75647698,75647722
49001,49001,4,,,,,,75647744,75647705
49001,49001,4,,,,,,75647697,75647706
49001,49001,4,,,,,,75647734,75647727
49001,49001,4,,,,,,75647604,75647606
49001,49001,4,,,,,,75647611,75647610
49001,49001,4,,,,,,75645213,75645215
49001,49001,4,,,,,,75645211,75645212
49001,49001,4,,,,,,75645214,75645218
49001,49001,4,,,,,,75645243,75645242
49001,49001,4,,,,,,75645234,75645228
49001,49001,4,,,,,,75645238,75645236
49001,49001,4,,,,,,75645220,75645226
49001,49001,4,,,,,,75645223,75645247
49001,49001,4,,,,,,75645241,75645246
49001,49001,4,,,,,,75645240,75645253
49001,49001,4,,,,,,75645249,75645254
49001,49001,4,,,,,,75645255,75645256
49001,49001,4,,,,,,75645262,75645261
49001,49001,4,,,,,,75645219,75645227
49001,49001,4,,,,,,75645237,75645221
49001,49001,4,,,,,,75645235,75645231
49001,49001,4,,,,,,75645216,75645230
49001,49001,4,,,,,,75645233,75645229
49001,49001,4,,,,,,75645239,75645217
49001,49001,4,,,,,,75645224,75645232
49001,49001,4,,,,,,75645225,75645222
49001,49001,4,,,,,,75645244,75645245
49001,49001,4,,,,,,75645248,75645250
49001,49001,4,,,,,,75645263,75645271
49001,49001,4,,,,,,75645265,75645270
49001,49001,4,,,,,,75645266,75645274
49001,49001,4,,,,,,75645275,75645264
49001,49001,4,,,,,,75645267,75645269
49001,49001,4,,,,,,75645304,75645312
49001,49001,4,,,,,,75645317,75645325
49001,49001,4,,,,,,75645319,75645293
49001,49001,4,,,,,,75645328,75645324
49001,49001,4,,,,,,75645323,75645326
49001,49001,4,,,,,,75645303,75645330
49001,49001,4,,,,,,75645302,75645318
49001,49001,4,,,,,,75645300,75645306
49001,49001,4,,,,,,75645305,75645299
49001,49001,4,,,,,,75645307,75645310
49001,49001,4,,,,,,75645316,75645295
49001,49001,4,,,,,,75645315,75645294
49001,49001,4,,,,,,75645321,75645296
49001,49001,4,,,,,,75645309,75645297
49001,49001,4,,,,,,75645298,75645313
49001,49001,4,,,,,,75645350,75645354
49001,49001,4,,,,,,75645353,75645379
49001,49001,4,,,,,,75645384,75645351
49001,49001,4,,,,,,75645374,75645387
49001,49001,4,,,,,,75645375,75645360
49001,49001,4,,,,,,75645398,75645382
49001,49001,4,,,,,,75645362,75645394
49001,49001,4,,,,,,75645397,75645365
49001,49001,4,,,,,,75645367,75645364
49001,49001,4,,,,,,75645433,75645435
49001,49001,4,,,,,,75645445,75645441
49001,49001,4,,,,,,75645400,75645436
49001,49001,4,,,,,,75645437,75645443
49001,49001,4,,,,,,75645446,75645405
49001,49001,4,,,,,,75645430,75645440
49001,49001,4,,,,,,75645414,75645416
49001,49001,4,,,,,,75645417,75645420
49001,49001,4,,,,,,75645425,75645424
49001,49001,4,,,,,,75645412,75645434
49001,49001,4,,,,,,75645409,75645442
49001,49001,4,,,,,,75645429,75645426
49001,49001,4,,,,,,75645423,75645404
49001,49001,4,,,,,,75645428,75645422
49001,49001,4,,,,,,75645403,75645427
49001,49001,4,,,,,,75645401,75645421
49001,49001,4,,,,,,75645411,75645406
49001,49001,4,,,,,,75645431,75645402
49001,49001,4,,,,,,75645418,75645413
49001,49001,4,,,,,,75645449,75645448
49001,49001,4,,,,,,75645450,75645452
49001,49001,4,,,,,,75645451,75645447
49001,49001,4,,,,,,75645372,75645381
49001,49001,4,,,,,,75645377,75645359
49001,49001,4,,,,,,75645391,75645396
49001,49001,4,,,,,,75645395,75645357
49001,49001,4,,,,,,75645348,75645358
49001,49001,4,,,,,,75645385,75645378
49001,49001,4,,,,,,75645380,75645388
49001,49001,4,,,,,,75645383,75645386
49001,49001,4,,,,,,75645393,75645361
49001,49001,4,,,,,,75645356,75645392
49001,49001,4,,,,,,75645337,75645340
49001,49001,4,,,,,,75645342,75645346
49001,49001,4,,,,,,75645344,75645352
49001,49001,4,,,,,,75645376,75645399
49001,49001,4,,,,,,75645407,75645439
49001,49001,4,,,,,,75645444,75645419
49001,49001,4,,,,,,75645438,75645408
49001,49001,4,,,,,,75645257,75645258
49001,49001,4,,,,,,75645259,75645268
49001,49001,4,,,,,,75645276,75645280
49001,49001,4,,,,,,75645282,75645283
49001,49001,4,,,,,,75645289,75645286
49001,49001,4,,,,,,75645287,75645292
49001,49001,4,,,,,,75645327,75645332
49001,49001,4,,,,,,75645335,75645339
49001,49001,4,,,,,,75645369,75645363
49001,49001,4,,,,,,75645370,75645390
49001,49001,4,,,,,,75645349,75645373
49001,49001,4,,,,,,75645279,75645277
49001,49001,4,,,,,,75645281,75645284
49001,49001,4,,,,,,75645285,75645288
49001,49001,4,,,,,,75645290,75645291
49001,49001,4,,,,,,75645341,75645345
49001,49001,4,,,,,,75645343,75645347
49001,49001,4,,,,,,75645301,75645322
49001,49001,4,,,,,,75645314,75645320
49001,49001,4,,,,,,75645329,75645331
49001,49001,4,,,,,,75645333,75645336
49001,49001,4,,,,,,75626567,75626569
49001,49001,4,,,,,,75626565,75626566
49001,49001,4,,,,,,75626568,75626571
49001,49001,4,,,,,,75626597,75626596
49001,49001,4,,,,,,75626588,75626582
49001,49001,4,,,,,,75626592,75626590
49001,49001,4,,,,,,75626575,75626580
49001,49001,4,,,,,,75626577,75626601
49001,49001,4,,,,,,75626595,75626600
49001,49001,4,,,,,,75626594,75626606
49001,49001,4,,,,,,75626603,75626607
49001,49001,4,,,,,,75626610,75626611
49001,49001,4,,,,,,75626572,75626581
49001,49001,4,,,,,,75626591,75626576
49001,49001,4,,,,,,75626589,75626585
49001,49001,4,,,,,,75626574,75626584
49001,49001,4,,,,,,75626587,75626583
49001,49001,4,,,,,,75626593,75626570
49001,49001,4,,,,,,75626578,75626586
49001,49001,4,,,,,,75626579,75626573
49001,49001,4,,,,,,75626598,75626599
49001,49001,4,,,,,,75626602,75626604
49001,49001,4,,,,,,75626605,75626609
49001,49001,4,,,,,,75626608,75626612
49001,49001,4,,,,,,75626613,75626622
49001,49001,4,,,,,,75626617,75626625
49001,49001,4,,,,,,75626619,75626624
49001,49001,4,,,,,,75626620,75626628
49001,49001,4,,,,,,75626629,75626618
49001,49001,4,,,,,,75626621,75626623
49001,49001,4,,,,,,75626658,75626666
49001,49001,4,,,,,,75626671,75626680
49001,49001,4,,,,,,75626673,75626647
49001,49001,4,,,,,,75626682,75626677
49001,49001,4,,,,,,75626676,75626681
49001,49001,4,,,,,,75626657,75626684
49001,49001,4,,,,,,75626656,75626672
49001,49001,4,,,,,,75626654,75626660
49001,49001,4,,,,,,75626659,75626653
49001,49001,4,,,,,,75626661,75626664
49001,49001,4,,,,,,75626704,75626708
49001,49001,4,,,,,,75626707,75626733
49001,49001,4,,,,,,75626738,75626705
49001,49001,4,,,,,,75626728,75626741
49001,49001,4,,,,,,75626729,75626715
49001,49001,4,,,,,,75626752,75626736
49001,49001,4,,,,,,75626713,75626747
49001,49001,4,,,,,,75626748,75626719
49001,49001,4,,,,,,75626721,75626718
49001,49001,4,,,,,,75626722,75626720
49001,49001,4,,,,,,75626787,75626789
49001,49001,4,,,,,,75626799,75626795
49001,49001,4,,,,,,75626754,75626790
49001,49001,4,,,,,,75626791,75626797
49001,49001,4,,,,,,75626800,75626759
49001,49001,4,,,,,,75626785,75626794
49001,49001,4,,,,,,75626803,75626802
49001,49001,4,,,,,,75626804,75626806
49001,49001,4,,,,,,75626805,75626801
49001,49001,4,,,,,,75626640,75626643
49001,49001,4,,,,,,75626678,75626686
49001,49001,4,,,,,,75626755,75626775
49001,49001,4,,,,,,75626765,75626760
49001,49001,4,,,,,,75626786,75626756
49001,49001,4,,,,,,75626772,75626767
49001,49001,4,,,,,,75626764,75626769
49001,49001,4,,,,,,75626761,75626793
49001,49001,4,,,,,,75626798,75626773
49001,49001,4,,,,,,75626792,75626762
49001,49001,4,,,,,,75627523,75627520
49001,49001,4,,,,,,75626771,75626774
49001,49001,4,,,,,,75626779,75626778
49001,49001,4,,,,,,75626766,75626788
49001,49001,4,,,,,,75626763,75626796
49001,49001,4,,,,,,75626782,75626784
49001,49001,4,,,,,,75626777,75626758
49001,49001,4,,,,,,75626781,75626776
49001,49001,4,,,,,,75626757,75626780
49001,49001,4,,,,,,75626731,75626712
49001,49001,4,,,,,,75626749,75626751
49001,49001,4,,,,,,75626743,75626725
49001,49001,4,,,,,,75626723,75626717
49001,49001,4,,,,,,75626669,75626648
49001,49001,4,,,,,,75626679,75626650
49001,49001,4,,,,,,75626663,75626651
49001,49001,4,,,,,,75626652,75626667
49001,49001,4,,,,,,75626665,75626662
49001,49001,4,,,,,,75626655,75626675
49001,49001,4,,,,,,75626668,75626674
49001,49001,4,,,,,,75626683,75626685
49001,49001,4,,,,,,75626614,75626626
49001,49001,4,,,,,,75626630,75626634
49001,49001,4,,,,,,75626636,75626637
49001,49001,4,,,,,,75626633,75626631
49001,49001,4,,,,,,75626635,75626638
49001,49001,4,,,,,,75626639,75626641
49001,49001,4,,,,,,75626645,75626646
49001,49001,4,,,,,,75626691,75626694
49001,49001,4,,,,,,75626737,75626740
49001,49001,4,,,,,,75626746,75626716
49001,49001,4,,,,,,75626714,75626745
49001,49001,4,,,,,,75627656,75627526
49001,49001,4,,,,,,75626698,75626706
49001,49001,4,,,,,,75626730,75626753
49001,49001,4,,,,,,75626687,75626690
49001,49001,4,,,,,,75626688,75626692
49001,49001,4,,,,,,75626695,75626699
49001,49001,4,,,,,,75626697,75626701
49001,49001,4,,,,,,75626703,75626727
49001,49001,4,,,,,,75626750,75626710
49001,49001,4,,,,,,75626702,75626711
49001,49001,4,,,,,,75626739,75626732
49001,49001,4,,,,,,75626734,75626742
49001,49001,4,,,,,,76916447,76916444
49001,49001,4,,,,,,76916442,76916430
49001,49001,4,,,,,,76916429,76916435
49001,49001,4,,,,,,76916436,76916434
49001,49001,4,,,,,,76916439,76916438
49001,49001,4,,,,,,76916590,76916588
49001,49001,4,,,,,,76916589,76916593
49001,49001,4,,,,,,76916568,76916560
49001,49001,4,,,,,,76916572,76916567
49001,49001,4,,,,,,76916587,76916583
49001,49001,4,,,,,,76916586,76916584
49001,49001,4,,,,,,76916562,76916559
49001,49001,4,,,,,,76916565,76916563
49001,49001,4,,,,,,76916595,76916600
49001,49001,4,,,,,,76916592,76916575
49001,49001,4,,,,,,76916574,76916571
49001,49001,4,,,,,,76916569,76916573
49001,49001,4,,,,,,76916580,76916557
49001,49001,4,,,,,,76916558,76916555
49001,49001,4,,,,,,76916556,76916561
49001,49001,4,,,,,,76916566,76916570
49001,49001,4,,,,,,76916546,76916547
49001,49001,4,,,,,,76916542,76916545
49001,49001,4,,,,,,76916549,76916552
49001,49001,4,,,,,,76916553,76916550
49001,49001,4,,,,,,76916551,76916554
49001,49001,4,,,,,,76916533,76916536
49001,49001,4,,,,,,76916540,76916541
49001,49001,4,,,,,,76916544,76916539
49001,49001,4,,,,,,76916626,76916631
49001,49001,4,,,,,,76916627,76916628
49001,49001,4,,,,,,76916603,76916605
49001,49001,4,,,,,,76916602,76916597
49001,49001,4,,,,,,76916637,76916640
49001,49001,4,,,,,,76916641,76916638
49001,49001,4,,,,,,76916615,76916617
49001,49001,4,,,,,,76916613,76916614
49001,49001,4,,,,,,76916612,76916616
49001,49001,4,,,,,,76916618,76916591
49001,49001,4,,,,,,76916635,76916636
49001,49001,4,,,,,,76916629,76916632
49001,49001,4,,,,,,76916633,76916611
49001,49001,4,,,,,,76916607,76916609
49001,49001,4,,,,,,76916608,76916604
49001,49001,4,,,,,,76916606,76916610
49001,49001,4,,,,,,76916582,76916585
49001,49001,4,,,,,,76916642,76916644
49001,49001,4,,,,,,76916639,76916643
49001,49001,4,,,,,,76916646,76916621
49001,49001,4,,,,,,76916625,76916622
49001,49001,4,,,,,,76916620,76916623
49001,49001,4,,,,,,76916624,76916619
49001,49001,4,,,,,,76916594,76916596
49001,49001,4,,,,,,76916599,76916601
49001,49001,4,,,,,,76916598,76916576
49001,49001,4,,,,,,76916579,76916581
49001,49001,4,,,,,,76916578,76916577
49001,49001,4,,,,,,76916534,76916532
49001,49001,4,,,,,,76916535,76916538
49001,49001,4,,,,,,76916537,76916521
49001,49001,4,,,,,,76916519,76916517
49001,49001,4,,,,,,76916520,76916516
49001,49001,4,,,,,,76916548,76916528
49001,49001,4,,,,,,76916529,76916530
49001,49001,4,,,,,,76916531,76916514
49001,49001,4,,,,,,76916515,76916508
49001,49001,4,,,,,,76916484,76916482
49001,49001,4,,,,,,76916527,76916523
49001,49001,4,,,,,,76916525,76916510
49001,49001,4,,,,,,76916506,76916481
49001,49001,4,,,,,,76916476,76916475
49001,49001,4,,,,,,76916524,76916522
49001,49001,4,,,,,,76916512,76916513
49001,49001,4,,,,,,76916485,76916483
49001,49001,4,,,,,,76916477,76916478
49001,49001,4,,,,,,76916474,76916471
49001,49001,4,,,,,,76916507,76916489
49001,49001,4,,,,,,76916499,76916486
49001,49001,4,,,,,,76916502,76916491
49001,49001,4,,,,,,76916497,76916494
49001,49001,4,,,,,,76916501,76916495
49001,49001,4,,,,,,76916480,76916473
49001,49001,4,,,,,,76916464,76916469
49001,49001,4,,,,,,76916479,76916470
49001,49001,4,,,,,,76916472,76916465
49001,49001,4,,,,,,76916466,76916450
49001,49001,4,,,,,,76916463,76916456
49001,49001,4,,,,,,76916455,76916449
49001,49001,4,,,,,,76916457,76916458
49001,49001,4,,,,,,76916459,76916460
49001,49001,4,,,,,,76916461,76916462
49001,49001,4,,,,,,76916451,76916452
49001,49001,4,,,,,,76916448,76916453
49001,49001,4,,,,,,76916446,76916445
49001,49001,4,,,,,,76916440,76916441
49001,49001,4,,,,,,76916428,76916431
49001,49001,4,,,,,,76916433,76916432
49001,49001,4,,,,,,76916487,76916498
49001,49001,4,,,,,,76916496,76916490
49001,49001,4,,,,,,76916503,76916505
49001,49001,4,,,,,,76916488,76916492
49001,49001,4,,,,,,76916500,76916493
49001,49001,4,,,,,,76916504,76916509
49001,49001,4,,,,,,77129516,77129519
49001,49001,4,,,,,,77129514,77129515
49001,49001,4,,,,,,77129517,77129521
49001,49001,4,,,,,,77129546,77129545
49001,49001,4,,,,,,77129534,77129531
49001,49001,4,,,,,,77129542,77129540
49001,49001,4,,,,,,77129524,77129529
49001,49001,4,,,,,,77129518,77129530
49001,49001,4,,,,,,77129541,77129525
49001,49001,4,,,,,,77129538,77129535
49001,49001,4,,,,,,77129523,77129533
49001,49001,4,,,,,,77129537,77129532
49001,49001,4,,,,,,77129539,77129520
49001,49001,4,,,,,,77129527,77129536
49001,49001,4,,,,,,77129528,77129522
49001,49001,4,,,,,,77129547,77129548
49001,49001,4,,,,,,77129566,77129575
49001,49001,4,,,,,,77129568,77129573
49001,49001,4,,,,,,77129570,77129574
49001,49001,4,,,,,,77129578,77129567
49001,49001,4,,,,,,77129571,77129569
49001,49001,4,,,,,,77129604,77129615
49001,49001,4,,,,,,77129620,77129629
49001,49001,4,,,,,,77129622,77129596
49001,49001,4,,,,,,77129631,77129623
49001,49001,4,,,,,,77129626,77129630
49001,49001,4,,,,,,77129607,77129633
49001,49001,4,,,,,,77129606,77129621
49001,49001,4,,,,,,77129603,77129610
49001,49001,4,,,,,,77129608,77129602
49001,49001,4,,,,,,77129611,77129613
49001,49001,4,,,,,,77129619,77129598
49001,49001,4,,,,,,77129618,77129597
49001,49001,4,,,,,,77129628,77129599
49001,49001,4,,,,,,77129609,77129600
49001,49001,4,,,,,,77129601,77129616
49001,49001,4,,,,,,77129614,77129612
49001,49001,4,,,,,,77129605,77129625
49001,49001,4,,,,,,77129617,77129624
49001,49001,4,,,,,,77129632,77129634
49001,49001,4,,,,,,77129636,77129640
49001,49001,4,,,,,,77129653,77129657
49001,49001,4,,,,,,77129656,77129682
49001,49001,4,,,,,,77129687,77129654
49001,49001,4,,,,,,77129674,77129690
49001,49001,4,,,,,,77129678,77129664
49001,49001,4,,,,,,77129701,77129685
49001,49001,4,,,,,,77129662,77129693
49001,49001,4,,,,,,77129697,77129668
49001,49001,4,,,,,,77129670,77129667
49001,49001,4,,,,,,77129671,77129669
49001,49001,4,,,,,,77129676,77129684
49001,49001,4,,,,,,77129681,77129658
49001,49001,4,,,,,,77129698,77129700
49001,49001,4,,,,,,77129692,77129675
49001,49001,4,,,,,,77129672,77129666
49001,49001,4,,,,,,77129673,77129694
49001,49001,4,,,,,,77129652,77129677
49001,49001,4,,,,,,77129699,77129660
49001,49001,4,,,,,,77129651,77129661
49001,49001,4,,,,,,77129688,77129679
49001,49001,4,,,,,,77129736,77129738
49001,49001,4,,,,,,77129748,77129745
49001,49001,4,,,,,,77129703,77129739
49001,49001,4,,,,,,77129740,77129747
49001,49001,4,,,,,,77129750,77129708
49001,49001,4,,,,,,77129734,77129743
49001,49001,4,,,,,,77129714,77129719
49001,49001,4,,,,,,77129720,77129723
49001,49001,4,,,,,,77129729,77129727
49001,49001,4,,,,,,77129716,77129737
49001,49001,4,,,,,,77129709,77129746
49001,49001,4,,,,,,77129728,77129733
49001,49001,4,,,,,,77129726,77129707
49001,49001,4,,,,,,77129731,77129725
49001,49001,4,,,,,,77129706,77129730
49001,49001,4,,,,,,77129721,77129717
49001,49001,4,,,,,,77129713,77129718
49001,49001,4,,,,,,77129711,77129742
49001,49001,4,,,,,,77129744,77129722
49001,49001,4,,,,,,77129741,77129712
49001,49001,4,,,,,,77130180,77130176
49001,49001,4,,,,,,77129749,77129752
49001,49001,4,,,,,,77129753,77129755
49001,49001,4,,,,,,77129754,77129751
49001,49001,4,,,,,,77129544,77129549
49001,49001,4,,,,,,77129543,77129556
49001,49001,4,,,,,,77129552,77129553
49001,49001,4,,,,,,77129559,77129560
49001,49001,4,,,,,,77129565,77129564
49001,49001,4,,,,,,77129563,77129576
49001,49001,4,,,,,,77129579,77129583
49001,49001,4,,,,,,77129585,77129586
49001,49001,4,,,,,,77129588,77129593
49001,49001,4,,,,,,77129555,77129558
49001,49001,4,,,,,,77129557,77129561
49001,49001,4,,,,,,77129562,77129572
49001,49001,4,,,,,,77129577,77129581
49001,49001,4,,,,,,77129582,77129580
49001,49001,4,,,,,,77129584,77129587
49001,49001,4,,,,,,77129704,77129724
49001,49001,4,,,,,,77129715,77129710
49001,49001,4,,,,,,77129735,77129705
49001,49001,4,,,,,,77129590,77129592
49001,49001,4,,,,,,77129627,77129635
49001,49001,4,,,,,,77129638,77129639
49001,49001,4,,,,,,77129594,77129595
49001,49001,4,,,,,,77129641,77129643
49001,49001,4,,,,,,77129646,77129649
49001,49001,4,,,,,,77129644,77129655
49001,49001,4,,,,,,77129680,77129702
49001,49001,4,,,,,,77129637,77129642
49001,49001,4,,,,,,77129645,77129648
49001,49001,4,,,,,,77129647,77129650
49001,49001,4,,,,,,77129683,77129691
49001,49001,4,,,,,,77129686,77129689
49001,49001,4,,,,,,77129696,77129665
49001,49001,4,,,,,,77129663,77129695
49001,49001,4,,,,,,77130194,77130182
49001,49001,4,,,,,,77110138,77110181
49001,49001,4,,,,,,77110141,77110186
49001,49001,4,,,,,,77110148,77110189
49001,49001,4,,,,,,77110198,77110236
49001,49001,4,,,,,,77110136,77110180
49001,49001,4,,,,,,77110137,77110184
49001,49001,4,,,,,,77110149,77110190
49001,49001,4,,,,,,77110200,77110241
49001,49001,4,,,,,,77110197,77110240
49001,49001,4,,,,,,77110199,77110247
49001,49001,4,,,,,,77110209,77110250
49001,49001,4,,,,,,77110196,77110242
49001,49001,4,,,,,,77110202,77110234
49001,49001,4,,,,,,77110204,77110244
49001,49001,4,,,,,,77110205,77110251
49001,49001,4,,,,,,77110206,77110245
49001,49001,4,,,,,,77110208,77110252
49001,49001,4,,,,,,77110203,77110248
49001,49001,4,,,,,,77110215,77110257
49001,49001,4,,,,,,77110220,77110261
49001,49001,4,,,,,,77110210,77110253
49001,49001,4,,,,,,77110214,77110254
49001,49001,4,,,,,,77110211,77110255
49001,49001,4,,,,,,77110218,77110259
49001,49001,4,,,,,,77110217,77110256
49001,49001,4,,,,,,77110224,77110266
49001,49001,4,,,,,,77110229,77110272
49001,49001,4,,,,,,77110233,77110270
49001,49001,4,,,,,,77110213,77110258
49001,49001,4,,,,,,77110221,77110262
49001,49001,4,,,,,,77110219,77110264
49001,49001,4,,,,,,77110227,77110268
49001,49001,4,,,,,,77110231,77110276
49001,49001,4,,,,,,77110216,77110263
49001,49001,4,,,,,,77110223,77110265
49001,49001,4,,,,,,77110228,77110269
49001,49001,4,,,,,,77110232,77110274
49001,49001,4,,,,,,77110235,77110273
49001,49001,4,,,,,,77111239,77111247
49001,49001,4,,,,,,77110222,77110260
49001,49001,4,,,,,,77110225,77110267
49001,49001,4,,,,,,77110226,77110271
49001,49001,4,,,,,,77110230,77110275
49001,49001,4,,,,,,77111249,77111238
49001,49001,4,,,,,,77110072,77110106
49001,49001,4,,,,,,77110076,77110166
49001,49001,4,,,,,,77110112,77110154
49001,49001,4,,,,,,77110115,77110157
49001,49001,4,,,,,,77110077,77110109
49001,49001,4,,,,,,77110108,77110155
49001,49001,4,,,,,,77110116,77110163
49001,49001,4,,,,,,77110078,77110099
49001,49001,4,,,,,,77110114,77110152
49001,49001,4,,,,,,77110111,77110153
49001,49001,4,,,,,,77110113,77110159
49001,49001,4,,,,,,77110121,77110156
49001,49001,4,,,,,,77110119,77110100
49001,49001,4,,,,,,77110123,77110168
49001,49001,4,,,,,,77110122,77110110
49001,49001,4,,,,,,77110134,77110174
49001,49001,4,,,,,,77110126,77110162
49001,49001,4,,,,,,77110127,77110105
49001,49001,4,,,,,,77110133,77110177
49001,49001,4,,,,,,77110125,77110104
49001,49001,4,,,,,,77110129,77110175
49001,49001,4,,,,,,77110128,77110172
49001,49001,4,,,,,,77110130,77110171
49001,49001,4,,,,,,77110135,77110173
49001,49001,4,,,,,,77110047,77110048
49001,49001,4,,,,,,77110051,77110082
49001,49001,4,,,,,,77110054,77110081
49001,49001,4,,,,,,77110057,77110087
49001,49001,4,,,,,,77110060,77110094
49001,49001,4,,,,,,77110063,77110095
49001,49001,4,,,,,,77110066,77110097
49001,49001,4,,,,,,77110070,77110103
49001,49001,4,,,,,,77110074,77110161
49001,49001,4,,,,,,77110049,77110079
49001,49001,4,,,,,,77110052,77110083
49001,49001,4,,,,,,77110055,77110089
49001,49001,4,,,,,,77110058,77110085
49001,49001,4,,,,,,77110061,77110088
49001,49001,4,,,,,,77110064,77110090
49001,49001,4,,,,,,77110068,77110101
49001,49001,4,,,,,,77110050,77110080
49001,49001,4,,,,,,77110053,77110084
49001,49001,4,,,,,,77110056,77110086
49001,49001,4,,,,,,77110059,77110093
49001,49001,4,,,,,,77110062,77110091
49001,49001,4,,,,,,77110065,77110092
49001,49001,4,,,,,,77110069,77110102
49001,49001,4,,,,,,77110073,77110167
49001,49001,4,,,,,,77110067,77110098
49001,49001,4,,,,,,77110071,77110096
49001,49001,4,,,,,,77110075,77110169
49001,49001,4,,,,,,77110107,77110151
49001,49001,4,,,,,,77110117,77110158
49001,49001,4,,,,,,77110120,77110160
49001,49001,4,,,,,,77110140,77110182
49001,49001,4,,,,,,77110144,77110185
49001,49001,4,,,,,,77110147,77110191
49001,49001,4,,,,,,77110193,77110239
49001,49001,4,,,,,,77110132,77110170
49001,49001,4,,,,,,77110131,77110178
49001,49001,4,,,,,,77110142,77110183
49001,49001,4,,,,,,77110146,77110187
49001,49001,4,,,,,,77110150,77110192
49001,49001,4,,,,,,77110195,77110237
49001,49001,4,,,,,,77110139,77110176
49001,49001,4,,,,,,77110143,77110179
49001,49001,4,,,,,,77110145,77110188
49001,49001,4,,,,,,77110194,77110238
49001,49001,4,,,,,,77140097,77140099
49001,49001,4,,,,,,77140095,77140096
49001,49001,4,,,,,,77140098,77140103
49001,49001,4,,,,,,77140129,77140128
49001,49001,4,,,,,,77140118,77140112
49001,49001,4,,,,,,77140119,77140121
49001,49001,4,,,,,,77140105,77140110
49001,49001,4,,,,,,77140107,77140131
49001,49001,4,,,,,,77140125,77140130
49001,49001,4,,,,,,77140124,77140138
49001,49001,4,,,,,,77140133,77140139
49001,49001,4,,,,,,77140141,77140137
49001,49001,4,,,,,,77140146,77140145
49001,49001,4,,,,,,77140144,77140156
49001,49001,4,,,,,,77140160,77140164
49001,49001,4,,,,,,77140166,77140167
49001,49001,4,,,,,,77140174,77140170
49001,49001,4,,,,,,77140171,77140177
49001,49001,4,,,,,,77140212,77140216
49001,49001,4,,,,,,77140219,77140223
49001,49001,4,,,,,,77140221,77140224
49001,49001,4,,,,,,77140104,77140111
49001,49001,4,,,,,,77140122,77140102
49001,49001,4,,,,,,77140120,77140115
49001,49001,4,,,,,,77140100,77140114
49001,49001,4,,,,,,77140117,77140113
49001,49001,4,,,,,,77140123,77140101
49001,49001,4,,,,,,77140108,77140116
49001,49001,4,,,,,,77140109,77140106
49001,49001,4,,,,,,77140126,77140127
49001,49001,4,,,,,,77140132,77140134
49001,49001,4,,,,,,77140136,77140135
49001,49001,4,,,,,,77140142,77140143
49001,49001,4,,,,,,77140140,77140152
49001,49001,4,,,,,,77140147,77140155
49001,49001,4,,,,,,77140149,77140154
49001,49001,4,,,,,,77140150,77140158
49001,49001,4,,,,,,77140159,77140148
49001,49001,4,,,,,,77140151,77140153
49001,49001,4,,,,,,77140188,77140198
49001,49001,4,,,,,,77140201,77140211
49001,49001,4,,,,,,77140203,77140178
49001,49001,4,,,,,,77140213,77140209
49001,49001,4,,,,,,77140208,77140207
49001,49001,4,,,,,,77140187,77140214
49001,49001,4,,,,,,77140186,77140202
49001,49001,4,,,,,,77140184,77140190
49001,49001,4,,,,,,77140189,77140183
49001,49001,4,,,,,,77140191,77140194
49001,49001,4,,,,,,77140200,77140179
49001,49001,4,,,,,,77140197,77140175
49001,49001,4,,,,,,77140205,77140180
49001,49001,4,,,,,,77140193,77140181
49001,49001,4,,,,,,77140182,77140199
49001,49001,4,,,,,,77140195,77140192
49001,49001,4,,,,,,77140185,77140206
49001,49001,4,,,,,,77140232,77140238
49001,49001,4,,,,,,77140237,77140263
49001,49001,4,,,,,,77140266,77140235
49001,49001,4,,,,,,77140258,77140271
49001,49001,4,,,,,,77140259,77140246
49001,49001,4,,,,,,77140283,77140268
49001,49001,4,,,,,,77140247,77140279
49001,49001,4,,,,,,77140282,77140249
49001,49001,4,,,,,,77140251,77140245
49001,49001,4,,,,,,77140252,77140250
49001,49001,4,,,,,,77140261,77140244
49001,49001,4,,,,,,77140275,77140277
49001,49001,4,,,,,,77140273,77140255
49001,49001,4,,,,,,77140253,77140248
49001,49001,4,,,,,,77140254,77140274
49001,49001,4,,,,,,77140296,77140315
49001,49001,4,,,,,,77140293,77140326
49001,49001,4,,,,,,77140314,77140310
49001,49001,4,,,,,,77140307,77140288
49001,49001,4,,,,,,77140313,77140306
49001,49001,4,,,,,,77140287,77140311
49001,49001,4,,,,,,77140285,77140305
49001,49001,4,,,,,,77140295,77140290
49001,49001,4,,,,,,77140312,77140286
49001,49001,4,,,,,,77140304,77140297
49001,49001,4,,,,,,77140318,77140319
49001,49001,4,,,,,,77140329,77140325
49001,49001,4,,,,,,77140284,77140320
49001,49001,4,,,,,,77140321,77140327
49001,49001,4,,,,,,77140330,77140289
49001,49001,4,,,,,,77140316,77140324
49001,49001,4,,,,,,77140298,77140300
49001,49001,4,,,,,,77140303,77140302
49001,49001,4,,,,,,77140333,77140332
49001,49001,4,,,,,,77140334,77140338
49001,49001,4,,,,,,77140335,77140331
49001,49001,4,,,,,,77140210,77140215
49001,49001,4,,,,,,77140217,77140220
49001,49001,4,,,,,,77140218,77140222
49001,49001,4,,,,,,77140225,77140229
49001,49001,4,,,,,,77140227,77140233
49001,49001,4,,,,,,77140269,77140270
49001,49001,4,,,,,,77140278,77140242
49001,49001,4,,,,,,77140240,77140276
49001,49001,4,,,,,,77140291,77140323
49001,49001,4,,,,,,77140328,77140301
49001,49001,4,,,,,,77140322,77140292
49001,49001,4,,,,,,77140228,77140236
49001,49001,4,,,,,,77140260,77140280
49001,49001,4,,,,,,77140163,77140161
49001,49001,4,,,,,,77140165,77140168
49001,49001,4,,,,,,77140169,77140173
49001,49001,4,,,,,,77140176,77140172
49001,49001,4,,,,,,77140281,77140241
49001,49001,4,,,,,,77140234,77140243
49001,49001,4,,,,,,77140267,77140262
49001,49001,4,,,,,,77171980,77171982
49001,49001,4,,,,,,77171975,77171979
49001,49001,4,,,,,,77171981,77171984
49001,49001,4,,,,,,77172010,77172009
49001,49001,4,,,,,,77172001,77171995
49001,49001,4,,,,,,77172005,77172003
49001,49001,4,,,,,,77171988,77171993
49001,49001,4,,,,,,77171991,77172011
49001,49001,4,,,,,,77172008,77172014
49001,49001,4,,,,,,77172007,77172019
49001,49001,4,,,,,,77172016,77172020
49001,49001,4,,,,,,77172022,77172025
49001,49001,4,,,,,,77171985,77171994
49001,49001,4,,,,,,77172004,77171990
49001,49001,4,,,,,,77172002,77171998
49001,49001,4,,,,,,77171986,77171997
49001,49001,4,,,,,,77172000,77171996
49001,49001,4,,,,,,77172006,77171983
49001,49001,4,,,,,,77171989,77171999
49001,49001,4,,,,,,77172030,77172038
49001,49001,4,,,,,,77172032,77172037
49001,49001,4,,,,,,77172033,77172041
49001,49001,4,,,,,,77172042,77172031
49001,49001,4,,,,,,77172034,77172036
49001,49001,4,,,,,,77172071,77172079
49001,49001,4,,,,,,77172081,77172092
49001,49001,4,,,,,,77172086,77172058
49001,49001,4,,,,,,77172093,77172090
49001,49001,4,,,,,,77172089,77172095
49001,49001,4,,,,,,77172070,77172097
49001,49001,4,,,,,,77172069,77172085
49001,49001,4,,,,,,77172067,77172073
49001,49001,4,,,,,,77172072,77172066
49001,49001,4,,,,,,77172074,77172077
49001,49001,4,,,,,,77172084,77172062
49001,49001,4,,,,,,77172083,77172059
49001,49001,4,,,,,,77172091,77172063
49001,49001,4,,,,,,77172076,77172064
49001,49001,4,,,,,,77172065,77172080
49001,49001,4,,,,,,77172078,77172075
49001,49001,4,,,,,,77172068,77172088
49001,49001,4,,,,,,77172118,77172121
49001,49001,4,,,,,,77172120,77172146
49001,49001,4,,,,,,77172152,77172119
49001,49001,4,,,,,,77172141,77172151
49001,49001,4,,,,,,77172142,77172127
49001,49001,4,,,,,,77172163,77172149
49001,49001,4,,,,,,77172131,77172160
49001,49001,4,,,,,,77172166,77172132
49001,49001,4,,,,,,77172134,77172129
49001,49001,4,,,,,,77172135,77172133
49001,49001,4,,,,,,77172139,77172148
49001,49001,4,,,,,,77172144,77172125
49001,49001,4,,,,,,77172161,77172165
49001,49001,4,,,,,,77172156,77172138
49001,49001,4,,,,,,77172136,77172128
49001,49001,4,,,,,,77172137,77172157
49001,49001,4,,,,,,77172117,77172140
49001,49001,4,,,,,,77172162,77172123
49001,49001,4,,,,,,77172198,77172202
49001,49001,4,,,,,,77172212,77172208
49001,49001,4,,,,,,77172167,77172203
49001,49001,4,,,,,,77172204,77172210
49001,49001,4,,,,,,77172213,77172172
49001,49001,4,,,,,,77172197,77172207
49001,49001,4,,,,,,77172181,77172183
49001,49001,4,,,,,,77172184,77172188
49001,49001,4,,,,,,77172192,77172191
49001,49001,4,,,,,,77172179,77172199
49001,49001,4,,,,,,77172176,77172209
49001,49001,4,,,,,,77172195,77172196
49001,49001,4,,,,,,77172190,77172171
49001,49001,4,,,,,,77172194,77172186
49001,49001,4,,,,,,77172170,77172193
49001,49001,4,,,,,,77172216,77172215
49001,49001,4,,,,,,77172217,77172219
49001,49001,4,,,,,,77172218,77172214
49001,49001,4,,,,,,77172027,77172039
49001,49001,4,,,,,,77172043,77172048
49001,49001,4,,,,,,77172046,77172050
49001,49001,4,,,,,,77172055,77172056
49001,49001,4,,,,,,77172047,77172044
49001,49001,4,,,,,,77172049,77172051
49001,49001,4,,,,,,77172052,77172054
49001,49001,4,,,,,,77172057,77172060
49001,49001,4,,,,,,77172168,77172189
49001,49001,4,,,,,,77172178,77172173
49001,49001,4,,,,,,77172200,77172169
49001,49001,4,,,,,,77172053,77172061
49001,49001,4,,,,,,77172096,77172099
49001,49001,4,,,,,,77172102,77172106
49001,49001,4,,,,,,77172012,77172013
49001,49001,4,,,,,,77172015,77172017
49001,49001,4,,,,,,77172018,77172021
49001,49001,4,,,,,,77172026,77172023
49001,49001,4,,,,,,77172024,77172035
49001,49001,4,,,,,,77172094,77172098
49001,49001,4,,,,,,77172100,77172103
49001,49001,4,,,,,,77172115,77172124
49001,49001,4,,,,,,77172153,77172145
49001,49001,4,,,,,,77172147,77172155
49001,49001,4,,,,,,77172185,77172180
49001,49001,4,,,,,,77172177,77172182
49001,49001,4,,,,,,77172174,77172206
49001,49001,4,,,,,,77172211,77172187
49001,49001,4,,,,,,77172205,77172175
49001,49001,4,,,,,,77172642,77172641
49001,49001,4,,,,,,77172104,77172107
49001,49001,4,,,,,,77172109,77172113
49001,49001,4,,,,,,77172111,77172116
49001,49001,4,,,,,,77172143,77172164
49001,49001,4,,,,,,77172101,77172105
49001,49001,4,,,,,,77172108,77172112
49001,49001,4,,,,,,77172110,77172114
49001,49001,4,,,,,,77172150,77172154
49001,49001,4,,,,,,77172159,77172130
49001,49001,4,,,,,,77172126,77172158
49001,49001,4,,,,,,77172651,77172643
49001,49001,4,,,,,,76937327,76937331
49001,49001,4,,,,,,76937328,76937324
49001,49001,4,,,,,,76937321,76937320
49001,49001,4,,,,,,76937317,76937322
49001,49001,4,,,,,,76937316,76937309
49001,49001,4,,,,,,76937308,76933102
49001,49001,4,,,,,,76937351,76937348
49001,49001,4,,,,,,76937340,76937352
49001,49001,4,,,,,,76937349,76937343
49001,49001,4,,,,,,76937307,76933096
49001,49001,4,,,,,,76933100,76933097
49001,49001,4,,,,,,76933095,76933083
49001,49001,4,,,,,,76933099,76933098
49001,49001,4,,,,,,76933093,76933094
49001,49001,4,,,,,,76933081,76933084
49001,49001,4,,,,,,76933086,76933085
49001,49001,4,,,,,,76937310,76937311
49001,49001,4,,,,,,76937312,76937313
49001,49001,4,,,,,,76937314,76937315
49001,49001,4,,,,,,76933104,76933105
49001,49001,4,,,,,,76937341,76937345
49001,49001,4,,,,,,76937354,76937346
49001,49001,4,,,,,,76937357,76937362
49001,49001,4,,,,,,76933089,76933087
49001,49001,4,,,,,,76933092,76933091
49001,49001,4,,,,,,76937443,76937441
49001,49001,4,,,,,,76937442,76937447
49001,49001,4,,,,,,76937421,76937414
49001,49001,4,,,,,,76937426,76937420
49001,49001,4,,,,,,76937440,76937436
49001,49001,4,,,,,,76937439,76937437
49001,49001,4,,,,,,76937412,76937413
49001,49001,4,,,,,,76937418,76937416
49001,49001,4,,,,,,76937417,76937393
49001,49001,4,,,,,,76937427,76937425
49001,49001,4,,,,,,76937422,76937423
49001,49001,4,,,,,,76937402,76937405
49001,49001,4,,,,,,76937387,76937385
49001,49001,4,,,,,,76937388,76937391
49001,49001,4,,,,,,76937390,76937375
49001,49001,4,,,,,,76937479,76937484
49001,49001,4,,,,,,76937480,76937481
49001,49001,4,,,,,,76937456,76937458
49001,49001,4,,,,,,76937455,76937450
49001,49001,4,,,,,,76937452,76937454
49001,49001,4,,,,,,76937451,76937429
49001,49001,4,,,,,,76937487,76937493
49001,49001,4,,,,,,76937494,76937491
49001,49001,4,,,,,,76937468,76937471
49001,49001,4,,,,,,76937466,76937467
49001,49001,4,,,,,,76937465,76937470
49001,49001,4,,,,,,76937472,76937444
49001,49001,4,,,,,,76937489,76937490
49001,49001,4,,,,,,76937482,76937485
49001,49001,4,,,,,,76937486,76937464
49001,49001,4,,,,,,76937460,76937462
49001,49001,4,,,,,,76937461,76937457
49001,49001,4,,,,,,76937459,76937463
49001,49001,4,,,,,,76937435,76937438
49001,49001,4,,,,,,76937495,76937497
49001,49001,4,,,,,,76937492,76937496
49001,49001,4,,,,,,76937499,76937474
49001,49001,4,,,,,,76937478,76937475
49001,49001,4,,,,,,76937473,76937476
49001,49001,4,,,,,,76937448,76937449
49001,49001,4,,,,,,76937445,76937453
49001,49001,4,,,,,,76937446,76937428
49001,49001,4,,,,,,76937432,76937434
49001,49001,4,,,,,,76937431,76937430
49001,49001,4,,,,,,76937433,76937410
49001,49001,4,,,,,,76937411,76937408
49001,49001,4,,,,,,76937409,76937415
49001,49001,4,,,,,,76937374,76937369
49001,49001,4,,,,,,76937360,76937342
49001,49001,4,,,,,,76937353,76937339
49001,49001,4,,,,,,76937355,76937344
49001,49001,4,,,,,,76937350,76937347
49001,49001,4,,,,,,76937419,76937424
49001,49001,4,,,,,,76937399,76937400
49001,49001,4,,,,,,76937396,76937398
49001,49001,4,,,,,,76937401,76937381
49001,49001,4,,,,,,76937382,76937383
49001,49001,4,,,,,,76937394,76937395
49001,49001,4,,,,,,76937397,76937392
49001,49001,4,,,,,,76937379,76937371
49001,49001,4,,,,,,76937380,76937376
49001,49001,4,,,,,,76937378,76937363
49001,49001,4,,,,,,76937359,76937334
49001,49001,4,,,,,,76937406,76937403
49001,49001,4,,,,,,76937404,76937407
49001,49001,4,,,,,,76937386,76937389
49001,49001,4,,,,,,76937377,76937372
49001,49001,4,,,,,,76937365,76937366
49001,49001,4,,,,,,76937338,76937336
49001,49001,4,,,,,,76937368,76937361
49001,49001,4,,,,,,76937337,76937335
49001,49001,4,,,,,,76937333,76937326
49001,49001,4,,,,,,76937330,76937329
49001,49001,4,,,,,,76937332,76937323
49001,49001,4,,,,,,76937325,76937318
49001,49001,4,,,,,,76937319,76933103
49001,49001,4,,,,,,77133264,77133267
49001,49001,4,,,,,,77133263,77133260
49001,49001,4,,,,,,77133266,77133269
49001,49001,4,,,,,,77133294,77133293
49001,49001,4,,,,,,77133285,77133280
49001,49001,4,,,,,,77133289,77133287
49001,49001,4,,,,,,77133271,77133278
49001,49001,4,,,,,,77133270,77133279
49001,49001,4,,,,,,77133288,77133273
49001,49001,4,,,,,,77133286,77133282
49001,49001,4,,,,,,77133268,77133281
49001,49001,4,,,,,,77133315,77133322
49001,49001,4,,,,,,77133316,77133321
49001,49001,4,,,,,,77133317,77133325
49001,49001,4,,,,,,77133326,77133312
49001,49001,4,,,,,,77133318,77133320
49001,49001,4,,,,,,77133355,77133363
49001,49001,4,,,,,,77133368,77133370
49001,49001,4,,,,,,77133371,77133345
49001,49001,4,,,,,,77133380,77133375
49001,49001,4,,,,,,77133374,77133378
49001,49001,4,,,,,,77133354,77133381
49001,49001,4,,,,,,77133353,77133369
49001,49001,4,,,,,,77133351,77133357
49001,49001,4,,,,,,77133356,77133347
49001,49001,4,,,,,,77133358,77133361
49001,49001,4,,,,,,77133401,77133406
49001,49001,4,,,,,,77133404,77133430
49001,49001,4,,,,,,77133435,77133402
49001,49001,4,,,,,,77133425,77133438
49001,49001,4,,,,,,77133426,77133405
49001,49001,4,,,,,,77133450,77133433
49001,49001,4,,,,,,77133414,77133445
49001,49001,4,,,,,,77133449,77133416
49001,49001,4,,,,,,77133419,77133412
49001,49001,4,,,,,,77133420,77133418
49001,49001,4,,,,,,77133485,77133486
49001,49001,4,,,,,,77133496,77133492
49001,49001,4,,,,,,77133451,77133488
49001,49001,4,,,,,,77133489,77133494
49001,49001,4,,,,,,77133497,77133456
49001,49001,4,,,,,,77133475,77133491
49001,49001,4,,,,,,77133465,77133467
49001,49001,4,,,,,,77133468,77133471
49001,49001,4,,,,,,77133290,77133265
49001,49001,4,,,,,,77133272,77133283
49001,49001,4,,,,,,77133276,77133274
49001,49001,4,,,,,,77133295,77133296
49001,49001,4,,,,,,77133299,77133302
49001,49001,4,,,,,,77133303,77133306
49001,49001,4,,,,,,77133309,77133310
49001,49001,4,,,,,,77133307,77133319
49001,49001,4,,,,,,77133366,77133342
49001,49001,4,,,,,,77133376,77133348
49001,49001,4,,,,,,77133360,77133349
49001,49001,4,,,,,,77133350,77133364
49001,49001,4,,,,,,77133362,77133359
49001,49001,4,,,,,,77133352,77133373
49001,49001,4,,,,,,77133428,77133410
49001,49001,4,,,,,,77133446,77133448
49001,49001,4,,,,,,77133441,77133422
49001,49001,4,,,,,,77133417,77133415
49001,49001,4,,,,,,77133421,77133442
49001,49001,4,,,,,,77133400,77133424
49001,49001,4,,,,,,77133440,77133408
49001,49001,4,,,,,,77133399,77133409
49001,49001,4,,,,,,77133436,77133429
49001,49001,4,,,,,,77133463,77133482
49001,49001,4,,,,,,77133460,77133493
49001,49001,4,,,,,,77133480,77133481
49001,49001,4,,,,,,77133474,77133452
49001,49001,4,,,,,,77133479,77133473
49001,49001,4,,,,,,77133455,77133478
49001,49001,4,,,,,,77133453,77133472
49001,49001,4,,,,,,77133462,77133457
49001,49001,4,,,,,,77133483,77133454
49001,49001,4,,,,,,77133469,77133464
49001,49001,4,,,,,,77133500,77133499
49001,49001,4,,,,,,77133501,77133503
49001,49001,4,,,,,,77133502,77133498
49001,49001,4,,,,,,77133292,77133297
49001,49001,4,,,,,,77133291,77133304
49001,49001,4,,,,,,77133301,77133305
49001,49001,4,,,,,,77133300,77133308
49001,49001,4,,,,,,77133314,77133313
49001,49001,4,,,,,,77133311,77133323
49001,49001,4,,,,,,77133327,77133331
49001,49001,4,,,,,,77133333,77133334
49001,49001,4,,,,,,77133340,77133341
49001,49001,4,,,,,,77133338,77133344
49001,49001,4,,,,,,77133379,77133384
49001,49001,4,,,,,,77133386,77133390
49001,49001,4,,,,,,77133388,77133391
49001,49001,4,,,,,,77133330,77133328
49001,49001,4,,,,,,77133332,77133336
49001,49001,4,,,,,,77133337,77133339
49001,49001,4,,,,,,77133335,77133343
49001,49001,4,,,,,,77133377,77133383
49001,49001,4,,,,,,77133385,77133387
49001,49001,4,,,,,,77133382,77133389
49001,49001,4,,,,,,77133392,77133396
49001,49001,4,,,,,,77133394,77133398
49001,49001,4,,,,,,77133434,77133437
49001,49001,4,,,,,,77133444,77133413
49001,49001,4,,,,,,77133411,77133443
49001,49001,4,,,,,,77133458,77133487
49001,49001,4,,,,,,77133495,77133470
49001,49001,4,,,,,,77133490,77133459
49001,49001,4,,,,,,77133395,77133403
49001,49001,4,,,,,,77133427,77133447
49001,49001,4,,,,,,76924320,76924328
49001,49001,4,,,,,,76924321,76924330
49001,49001,4,,,,,,76924329,76924331
49001,49001,4,,,,,,76924372,76924374
49001,49001,4,,,,,,76924382,76924394
49001,49001,4,,,,,,76924384,76924383
49001,49001,4,,,,,,76924393,76924386
49001,49001,4,,,,,,76924385,76924387
49001,49001,4,,,,,,76924315,76924319
49001,49001,4,,,,,,76924322,76924325
49001,49001,4,,,,,,76924312,76924323
49001,49001,4,,,,,,76924316,76924317
49001,49001,4,,,,,,76924446,76924462
49001,49001,4,,,,,,76924444,76924443
49001,49001,4,,,,,,76924465,76924437
49001,49001,4,,,,,,76924248,76924250
49001,49001,4,,,,,,76924251,76924252
49001,49001,4,,,,,,76924253,76924266
49001,49001,4,,,,,,76924288,76924281
49001,49001,4,,,,,,76924279,76924257
49001,49001,4,,,,,,76924277,76924274
49001,49001,4,,,,,,76924263,76924262
49001,49001,4,,,,,,76924254,76924259
49001,49001,4,,,,,,76924280,76924283
49001,49001,4,,,,,,76924278,76924286
49001,49001,4,,,,,,76924289,76924290
49001,49001,4,,,,,,76924292,76924295
49001,49001,4,,,,,,76924296,76924294
49001,49001,4,,,,,,76924305,76924304
49001,49001,4,,,,,,76924302,76924324
49001,49001,4,,,,,,76924299,76924310
49001,49001,4,,,,,,76924314,76924297
49001,49001,4,,,,,,76924267,76924256
49001,49001,4,,,,,,76924269,76924270
49001,49001,4,,,,,,76924276,76924273
49001,49001,4,,,,,,76924272,76924282
49001,49001,4,,,,,,76924265,76924271
49001,49001,4,,,,,,76924258,76924249
49001,49001,4,,,,,,76924260,76924268
49001,49001,4,,,,,,76924255,76924275
49001,49001,4,,,,,,76924264,76924287
49001,49001,4,,,,,,76924284,76924261
49001,49001,4,,,,,,76924285,76924291
49001,49001,4,,,,,,76924298,76924293
49001,49001,4,,,,,,76924303,76924301
49001,49001,4,,,,,,76924300,76924307
49001,49001,4,,,,,,76924308,76924306
49001,49001,4,,,,,,76924309,76924311
49001,49001,4,,,,,,76924337,76924336
49001,49001,4,,,,,,76924340,76924339
49001,49001,4,,,,,,76924335,76924334
49001,49001,4,,,,,,76924341,76924338
49001,49001,4,,,,,,76924332,76924333
49001,49001,4,,,,,,76924351,76924360
49001,49001,4,,,,,,76924362,76924378
49001,49001,4,,,,,,76924366,76924345
49001,49001,4,,,,,,76924369,76924370
49001,49001,4,,,,,,76924375,76924379
49001,49001,4,,,,,,76924355,76924373
49001,49001,4,,,,,,76924358,76924363
49001,49001,4,,,,,,76924356,76924353
49001,49001,4,,,,,,76924352,76924349
49001,49001,4,,,,,,76924354,76924342
49001,49001,4,,,,,,76924365,76924343
49001,49001,4,,,,,,76924364,76924346
49001,49001,4,,,,,,76924377,76924344
49001,49001,4,,,,,,76924359,76924348
49001,49001,4,,,,,,76924350,76924368
49001,49001,4,,,,,,76924367,76924357
49001,49001,4,,,,,,76924347,76924376
49001,49001,4,,,,,,76924361,76924371
49001,49001,4,,,,,,76924381,76924390
49001,49001,4,,,,,,76924410,76924417
49001,49001,4,,,,,,76924420,76924389
49001,49001,4,,,,,,76924407,76924423
49001,49001,4,,,,,,76924414,76924409
49001,49001,4,,,,,,76924436,76924430
49001,49001,4,,,,,,76924412,76924434
49001,49001,4,,,,,,76924435,76924399
49001,49001,4,,,,,,76924400,76924392
49001,49001,4,,,,,,76924402,76924397
49001,49001,4,,,,,,76924405,76924429
49001,49001,4,,,,,,76924415,76924388
49001,49001,4,,,,,,76924426,76924424
49001,49001,4,,,,,,76924432,76924401
49001,49001,4,,,,,,76924403,76924413
49001,49001,4,,,,,,76924404,76924433
49001,49001,4,,,,,,76924380,76924406
49001,49001,4,,,,,,76924475,76924473
49001,49001,4,,,,,,76924476,76924481
49001,49001,4,,,,,,76924455,76924470
49001,49001,4,,,,,,76924480,76924479
49001,49001,4,,,,,,76924483,76924449
49001,49001,4,,,,,,76924445,76924471
49001,49001,4,,,,,,76924440,76924450
49001,49001,4,,,,,,76924451,76924457
49001,49001,4,,,,,,76924467,76924461
49001,49001,4,,,,,,76924459,76924469
49001,49001,4,,,,,,76924439,76924478
49001,49001,4,,,,,,76924460,76924464
49001,49001,4,,,,,,76924458,76924442
49001,49001,4,,,,,,76924463,76924456
49001,49001,4,,,,,,76924441,76924468
49001,49001,4,,,,,,76924486,76924487
49001,49001,4,,,,,,76924488,76924489
49001,49001,4,,,,,,76924485,76924484
49001,49001,4,,,,,,76924453,76924466
49001,49001,4,,,,,,76924454,76924448
49001,49001,4,,,,,,76924447,76924474
49001,49001,4,,,,,,76924482,76924452
49001,49001,4,,,,,,76924472,76924438
49001,49001,4,,,,,,76925272,76925268
49001,49001,4,,,,,,76924395,76924411
49001,49001,4,,,,,,76924419,76924416
49001,49001,4,,,,,,76924431,76924422
49001,49001,4,,,,,,76924418,76924421
49001,49001,4,,,,,,76924428,76924408
49001,49001,4,,,,,,76924396,76924425
49001,49001,4,,,,,,76925270,76925292
49001,49001,4,,,,,,75632853,75632837
49001,49001,4,,,,,,75632841,75632830
49001,49001,4,,,,,,75632834,75632831
49001,49001,4,,,,,,75632829,75632817
49001,49001,4,,,,,,75632816,75632822
49001,49001,4,,,,,,75632823,75632821
49001,49001,4,,,,,,75632826,75632825
49001,49001,4,,,,,,75633186,75633177
49001,49001,4,,,,,,75633184,75633178
49001,49001,4,,,,,,75633191,75633193
49001,49001,4,,,,,,75633175,75633180
49001,49001,4,,,,,,75633187,75633181
49001,49001,4,,,,,,75633192,75633197
49001,49001,4,,,,,,75633188,75633182
49001,49001,4,,,,,,75633189,75633183
49001,49001,4,,,,,,75633165,75633166
49001,49001,4,,,,,,75632862,75632858
49001,49001,4,,,,,,75633211,75633210
49001,49001,4,,,,,,75633201,75633198
49001,49001,4,,,,,,75633173,75633170
49001,49001,4,,,,,,75632850,75632843
49001,49001,4,,,,,,75632842,75632836
49001,49001,4,,,,,,75632844,75632845
49001,49001,4,,,,,,75632846,75632847
49001,49001,4,,,,,,75632848,75632849
49001,49001,4,,,,,,75632838,75632839
49001,49001,4,,,,,,75632855,75632854
49001,49001,4,,,,,,75632835,75632840
49001,49001,4,,,,,,75632833,75632832
49001,49001,4,,,,,,75632827,75632828
49001,49001,4,,,,,,75632815,75632818
49001,49001,4,,,,,,75632820,75632819
49001,49001,4,,,,,,75633314,75633318
49001,49001,4,,,,,,75633315,75633316
49001,49001,4,,,,,,75633291,75633293
49001,49001,4,,,,,,75633290,75633288
49001,49001,4,,,,,,75633286,75633289
49001,49001,4,,,,,,75633285,75633264
49001,49001,4,,,,,,75633324,75633328
49001,49001,4,,,,,,75633329,75633326
49001,49001,4,,,,,,75633303,75633305
49001,49001,4,,,,,,75633301,75633302
49001,49001,4,,,,,,75633300,75633304
49001,49001,4,,,,,,75633306,75633279
49001,49001,4,,,,,,75633322,75633323
49001,49001,4,,,,,,75633320,75633319
49001,49001,4,,,,,,75633321,75633298
49001,49001,4,,,,,,75633295,75633296
49001,49001,4,,,,,,75633299,75633292
49001,49001,4,,,,,,75633294,75633297
49001,49001,4,,,,,,75633270,75633274
49001,49001,4,,,,,,75633330,75633332
49001,49001,4,,,,,,75633327,75633331
49001,49001,4,,,,,,75633333,75633310
49001,49001,4,,,,,,75633313,75633311
49001,49001,4,,,,,,75633308,75633312
49001,49001,4,,,,,,75633309,75633307
49001,49001,4,,,,,,75633252,75633231
49001,49001,4,,,,,,75633228,75633229
49001,49001,4,,,,,,75633232,75633227
49001,49001,4,,,,,,75633213,75633209
49001,49001,4,,,,,,75633215,75633214
49001,49001,4,,,,,,75633278,75633276
49001,49001,4,,,,,,75633277,75633280
49001,49001,4,,,,,,75633256,75633251
49001,49001,4,,,,,,75633259,75633255
49001,49001,4,,,,,,75633272,75633271
49001,49001,4,,,,,,75633275,75633273
49001,49001,4,,,,,,75633249,75633247
49001,49001,4,,,,,,75633253,75633250
49001,49001,4,,,,,,75633281,75633284
49001,49001,4,,,,,,75633282,75633287
49001,49001,4,,,,,,75633283,75633263
49001,49001,4,,,,,,75633261,75633262
49001,49001,4,,,,,,75633257,75633260
49001,49001,4,,,,,,75633238,75633240
49001,49001,4,,,,,,75633241,75633235
49001,49001,4,,,,,,75633239,75633242
49001,49001,4,,,,,,75633254,75633258
49001,49001,4,,,,,,75633234,75633236
49001,49001,4,,,,,,75633230,75633233
49001,49001,4,,,,,,75633237,75633216
49001,49001,4,,,,,,75633267,75633269
49001,49001,4,,,,,,75633266,75633265
49001,49001,4,,,,,,75633268,75633244
49001,49001,4,,,,,,75633245,75633246
49001,49001,4,,,,,,75633243,75633248
49001,49001,4,,,,,,75633225,75633220
49001,49001,4,,,,,,75633222,75633226
49001,49001,4,,,,,,75633224,75633208
49001,49001,4,,,,,,75633206,75633205
49001,49001,4,,,,,,75633207,75633204
49001,49001,4,,,,,,75633195,75633176
49001,49001,4,,,,,,75633212,75633199
49001,49001,4,,,,,,75633194,75633172
49001,49001,4,,,,,,75632860,75633164
49001,49001,4,,,,,,75633167,75632857
49001,49001,4,,,,,,75632859,75632852
49001,49001,4,,,,,,75633219,75633202
49001,49001,4,,,,,,75633203,75633196
49001,49001,4,,,,,,75633171,75633169
49001,49001,4,,,,,,75633168,75632861
49001,49001,4,,,,,,75632851,75632856
49001,49001,4,,,,,,77136236,77136268
49001,49001,4,,,,,,77136240,77136265
49001,49001,4,,,,,,77136244,77136337
49001,49001,4,,,,,,77136276,77136320
49001,49001,4,,,,,,77136286,77136327
49001,49001,4,,,,,,77136289,77136329
49001,49001,4,,,,,,77136296,77136342
49001,49001,4,,,,,,77136237,77136266
49001,49001,4,,,,,,77136241,77136275
49001,49001,4,,,,,,77136245,77136338
49001,49001,4,,,,,,77136281,77136323
49001,49001,4,,,,,,77136284,77136326
49001,49001,4,,,,,,77136293,77136333
49001,49001,4,,,,,,77136313,77136354
49001,49001,4,,,,,,77136316,77136360
49001,49001,4,,,,,,77136362,77136407
49001,49001,4,,,,,,77136370,77136403
49001,49001,4,,,,,,77136377,77136417
49001,49001,4,,,,,,77136380,77136422
49001,49001,4,,,,,,77136315,77136356
49001,49001,4,,,,,,77136319,77136361
49001,49001,4,,,,,,77136364,77136405
49001,49001,4,,,,,,77136372,77136413
49001,49001,4,,,,,,77136373,77136419
49001,49001,4,,,,,,77136312,77136348
49001,49001,4,,,,,,77136314,77136357
49001,49001,4,,,,,,77136310,77136355
49001,49001,4,,,,,,77136317,77136358
49001,49001,4,,,,,,77136367,77136408
49001,49001,4,,,,,,77136369,77136411
49001,49001,4,,,,,,77136374,77136415
49001,49001,4,,,,,,77136378,77136421
49001,49001,4,,,,,,77136304,77136346
49001,49001,4,,,,,,77136306,77136349
49001,49001,4,,,,,,77136309,77136353
49001,49001,4,,,,,,77136318,77136359
49001,49001,4,,,,,,77136368,77136409
49001,49001,4,,,,,,77136365,77136410
49001,49001,4,,,,,,77136376,77136416
49001,49001,4,,,,,,77136375,77136420
49001,49001,4,,,,,,77136384,77136426
49001,49001,4,,,,,,77136389,77136430
49001,49001,4,,,,,,77136366,77136412
49001,49001,4,,,,,,77136371,77136414
49001,49001,4,,,,,,77136379,77136418
49001,49001,4,,,,,,77136381,77136427
49001,49001,4,,,,,,77136390,77136431
49001,49001,4,,,,,,77136388,77136433
49001,49001,4,,,,,,77136396,77136437
49001,49001,4,,,,,,77136400,77136444
49001,49001,4,,,,,,77136383,77136424
49001,49001,4,,,,,,77136387,77136428
49001,49001,4,,,,,,77136386,77136425
49001,49001,4,,,,,,77136393,77136435
49001,49001,4,,,,,,77136398,77136441
49001,49001,4,,,,,,77136402,77136439
49001,49001,4,,,,,,77136382,77136423
49001,49001,4,,,,,,77136385,77136432
49001,49001,4,,,,,,77136392,77136434
49001,49001,4,,,,,,77136397,77136438
49001,49001,4,,,,,,77136401,77136442
49001,49001,4,,,,,,77136404,77136445
49001,49001,4,,,,,,77136391,77136429
49001,49001,4,,,,,,77136394,77136436
49001,49001,4,,,,,,77136395,77136440
49001,49001,4,,,,,,77136399,77136443
49001,49001,4,,,,,,77136242,77136335
49001,49001,4,,,,,,77136246,77136278
49001,49001,4,,,,,,77136277,77136324
49001,49001,4,,,,,,77136285,77136331
49001,49001,4,,,,,,77136294,77136334
49001,49001,4,,,,,,77136247,77136269
49001,49001,4,,,,,,77136283,77136321
49001,49001,4,,,,,,77136287,77136332
49001,49001,4,,,,,,77136292,77136336
49001,49001,4,,,,,,77136291,77136279
49001,49001,4,,,,,,77136280,77136322
49001,49001,4,,,,,,77136282,77136328
49001,49001,4,,,,,,77136288,77136272
49001,49001,4,,,,,,77136300,77136339
49001,49001,4,,,,,,77136299,77136347
49001,49001,4,,,,,,77136311,77136352
49001,49001,4,,,,,,77136297,77136273
49001,49001,4,,,,,,77136301,77136340
49001,49001,4,,,,,,77136307,77136344
49001,49001,4,,,,,,77136295,77136274
49001,49001,4,,,,,,77136302,77136345
49001,49001,4,,,,,,77136303,77136350
49001,49001,4,,,,,,77136298,77136341
49001,49001,4,,,,,,77136305,77136343
49001,49001,4,,,,,,77136308,77136351
49001,49001,4,,,,,,77136216,77136217
49001,49001,4,,,,,,77136220,77136251
49001,49001,4,,,,,,77136223,77136250
49001,49001,4,,,,,,77136226,77136256
49001,49001,4,,,,,,77136229,77136262
49001,49001,4,,,,,,77136232,77136263
49001,49001,4,,,,,,77136235,77136267
49001,49001,4,,,,,,77136239,77136271
49001,49001,4,,,,,,77136243,77136330
49001,49001,4,,,,,,77136218,77136248
49001,49001,4,,,,,,77136221,77136252
49001,49001,4,,,,,,77136224,77136257
49001,49001,4,,,,,,77136227,77136254
49001,49001,4,,,,,,77136230,77136260
49001,49001,4,,,,,,77136233,77136258
49001,49001,4,,,,,,77136219,77136249
49001,49001,4,,,,,,77136222,77136253
49001,49001,4,,,,,,77136225,77136255
49001,49001,4,,,,,,77136228,77136261
49001,49001,4,,,,,,77136231,77136259
49001,49001,4,,,,,,77136234,77136264
49001,49001,4,,,,,,77136238,77136270
49795,49795,4,,,,,,75524417,75524416
49795,49795,4,,,,,,75524419,75524414
49795,49795,4,,,,,,75524408,75524412
49795,49795,4,,,,,,75524407,75524406
49795,49795,4,,,,,,75524410,75524409
49795,49795,4,,,,,,75524404,75524402
49795,49795,4,,,,,,75524403,75524401
49795,49795,4,,,,,,76762840,76762839
49795,49795,4,,,,,,76762843,76762837
49795,49795,4,,,,,,76762831,76762832
49795,49795,4,,,,,,76762830,76762829
49795,49795,4,,,,,,76762834,76762833
49795,49795,4,,,,,,76762827,76762825
49795,49795,4,,,,,,76762826,76762824
49795,49795,4,,,,,,76779611,76779610
49795,49795,4,,,,,,76779609,76779607
49795,49795,4,,,,,,76779601,76779605
49795,49795,4,,,,,,76779600,76779599
49795,49795,4,,,,,,76779603,76779602
49795,49795,4,,,,,,76779597,76779595
49795,49795,4,,,,,,76779596,76779594
49795,49795,4,,,,,,76760134,76760133
49795,49795,4,,,,,,76760132,76760130
49795,49795,4,,,,,,76760124,76760128
49795,49795,4,,,,,,76760123,76760122
49795,49795,4,,,,,,76760126,76760125
49795,49795,4,,,,,,76760120,76760118
49795,49795,4,,,,,,76760119,76760117
49795,49795,4,,,,,,76788832,76788831
49795,49795,4,,,,,,76788835,76788829
49795,49795,4,,,,,,76788823,76788827
49795,49795,4,,,,,,76788822,76788821
49795,49795,4,,,,,,76788825,76788824
49795,49795,4,,,,,,76788819,76788817
49795,49795,4,,,,,,76788818,76788816
49795,49795,4,,,,,,76791494,76791493
49795,49795,4,,,,,,76791492,76791490
49795,49795,4,,,,,,76791484,76791488
49795,49795,4,,,,,,76791483,76791482
49795,49795,4,,,,,,76791486,76791485
49795,49795,4,,,,,,76791480,76791478
49795,49795,4,,,,,,76791479,76791477
49795,49795,4,,,,,,76786061,76786060
49795,49795,4,,,,,,76786059,76786057
49795,49795,4,,,,,,76786051,76786055
49795,49795,4,,,,,,76786050,76786049
49795,49795,4,,,,,,76786053,76786052
49795,49795,4,,,,,,76786047,76786045
49795,49795,4,,,,,,76786046,76786044
49795,49795,4,,,,,,75521744,75521743
49795,49795,4,,,,,,75521746,75521741
49795,49795,4,,,,,,75521735,75521739
49795,49795,4,,,,,,75521734,75521733
49795,49795,4,,,,,,75521737,75521736
49795,49795,4,,,,,,75521731,75521729
49795,49795,4,,,,,,75521730,75521728
507,507,4,,,,,,75727535,75727568
507,507,4,,,,,,75727565,75727564
507,507,4,,,,,,75727563,75727561
507,507,4,,,,,,75727562,75727560
507,507,4,,,,,,75727570,75727536
507,507,4,,,,,,75727680,75727688
507,507,4,,,,,,75727681,75727689
507,507,4,,,,,,75727682,75727690
507,507,4,,,,,,75727683,75727691
507,507,4,,,,,,75727684,75727692
507,507,4,,,,,,75727685,75727693
507,507,4,,,,,,75727686,75727694
507,507,4,,,,,,75727687,75727695
507,507,4,,,,,,75727546,75727544
507,507,4,,,,,,75727542,75727578
507,507,4,,,,,,75727559,75727571
507,507,4,,,,,,75727573,75727556
507,507,4,,,,,,75727574,75727543
507,507,4,,,,,,75727541,75727583
507,507,4,,,,,,75727575,75727540
507,507,4,,,,,,75727539,75727576
507,507,4,,,,,,75727567,75727537
507,507,4,,,,,,75727538,75727581
507,507,4,,,,,,75727669,75727668
507,507,4,,,,,,75727670,75727672
507,507,4,,,,,,75727671,75727676
507,507,4,,,,,,75727673,75727677
507,507,4,,,,,,75727674,75727678
507,507,4,,,,,,75727675,75727679
507,507,4,,,,,,75727557,75727558
507,507,4,,,,,,75727554,75727555
507,507,4,,,,,,75727553,75727572
507,507,4,,,,,,75727569,75727552
507,507,4,,,,,,75727551,75727582
507,507,4,,,,,,75727584,75727549
507,507,4,,,,,,75727550,75727580
507,507,4,,,,,,75727577,75727548
507,507,4,,,,,,75727545,75727579
507,507,4,,,,,,75727566,75727547
507,507,4,,,,,,75775248,75775249
507,507,4,,,,,,75774847,75774849
507,507,4,,,,,,75775250,75775251
507,507,4,,,,,,75774850,75774851
507,507,4,,,,,,75774848,75774833
507,507,4,,,,,,75774292,75774294
507,507,4,,,,,,75774296,75774287
507,507,4,,,,,,75774285,75774289
507,507,4,,,,,,75774290,75774286
507,507,4,,,,,,75774288,75774283
507,507,4,,,,,,75774284,75774291
507,507,4,,,,,,75774293,75774295
507,507,4,,,,,,75774298,75774310
507,507,4,,,,,,75775241,75775240
507,507,4,,,,,,75774299,75774300
507,507,4,,,,,,75774864,75774857
507,507,4,,,,,,75774301,75774309
507,507,4,,,,,,75774306,75774311
507,507,4,,,,,,75774304,75774315
507,507,4,,,,,,75774316,75774308
507,507,4,,,,,,75774312,75774307
507,507,4,,,,,,75774305,75774297
507,507,4,,,,,,75774314,75774333
507,507,4,,,,,,75774332,75774329
507,507,4,,,,,,75774330,75774313
507,507,4,,,,,,75774323,75774322
507,507,4,,,,,,75774317,75774319
507,507,4,,,,,,75774324,75774318
507,507,4,,,,,,75774320,75775243
507,507,4,,,,,,75775242,75775245
507,507,4,,,,,,75775247,75775246
507,507,4,,,,,,75775244,75774328
507,507,4,,,,,,75774325,75774327
507,507,4,,,,,,75774321,75774326
507,507,4,,,,,,75774836,75774835
507,507,4,,,,,,75774826,75774831
507,507,4,,,,,,75774837,75774839
507,507,4,,,,,,75774841,75774842
507,507,4,,,,,,75774844,75774843
507,507,4,,,,,,75774840,75774838
507,507,4,,,,,,75774845,75774846
507,507,4,,,,,,75871981,75871979
507,507,4,,,,,,75871978,75871977
507,507,4,,,,,,75871975,75871976
507,507,4,,,,,,75871974,75871972
507,507,4,,,,,,75871971,75871970
507,507,4,,,,,,75871973,75871969
507,507,4,,,,,,75871968,75871967
507,507,4,,,,,,75871965,75871966
507,507,4,,,,,,75871964,75871962
507,507,4,,,,,,75871994,75871990
507,507,4,,,,,,75871993,75871992
507,507,4,,,,,,75871991,75871989
507,507,4,,,,,,75871987,75871988
507,507,4,,,,,,75871986,75871985
507,507,4,,,,,,75871983,75871984
507,507,4,,,,,,75871980,75871982
507,507,4,,,,,,75871930,75871928
507,507,4,,,,,,75871929,75871926
507,507,4,,,,,,75871925,75871927
507,507,4,,,,,,75871923,75871924
507,507,4,,,,,,75871922,75871919
507,507,4,,,,,,75871921,75871920
507,507,4,,,,,,75871917,75871918
507,507,4,,,,,,75871949,75871948
507,507,4,,,,,,75871950,75871947
507,507,4,,,,,,75871945,75871946
507,507,4,,,,,,75871943,75871944
507,507,4,,,,,,75871940,75871941
507,507,4,,,,,,75871942,75871938
507,507,4,,,,,,75871937,75871939
507,507,4,,,,,,75871935,75871936
507,507,4,,,,,,75871934,75871933
507,507,4,,,,,,75871932,75871931
507,507,4,,,,,,75871963,75871961
507,507,4,,,,,,75871959,75871958
507,507,4,,,,,,75871960,75871955
507,507,4,,,,,,75871956,75871957
507,507,4,,,,,,75871954,75871952
507,507,4,,,,,,75871951,75871953
507,507,4,,,,,,76943500,76943499
507,507,4,,,,,,76943501,76943503
507,507,4,,,,,,76943502,76943507
507,507,4,,,,,,76943504,76943508
507,507,4,,,,,,76943505,76943509
507,507,4,,,,,,76943506,76943510
507,507,4,,,,,,76943366,76943399
507,507,4,,,,,,76943396,76943395
507,507,4,,,,,,76943394,76943392
507,507,4,,,,,,76943393,76943391
507,507,4,,,,,,76943388,76943389
507,507,4,,,,,,76943373,76943409
507,507,4,,,,,,76943390,76943402
507,507,4,,,,,,76943404,76943387
507,507,4,,,,,,76943405,76943374
507,507,4,,,,,,76943372,76943414
507,507,4,,,,,,76943406,76943371
507,507,4,,,,,,76943370,76943407
507,507,4,,,,,,76943398,76943368
507,507,4,,,,,,76943369,76943412
507,507,4,,,,,,76943401,76943367
507,507,4,,,,,,76943511,76943519
507,507,4,,,,,,76943512,76943520
507,507,4,,,,,,76943513,76943521
507,507,4,,,,,,76943514,76943522
507,507,4,,,,,,76943515,76943523
507,507,4,,,,,,76943516,76943524
507,507,4,,,,,,76943517,76943525
507,507,4,,,,,,76943518,76943526
507,507,4,,,,,,76943385,76943386
507,507,4,,,,,,76943384,76943403
507,507,4,,,,,,76943400,76943383
507,507,4,,,,,,76943382,76943413
507,507,4,,,,,,76943415,76943380
507,507,4,,,,,,76943381,76943411
507,507,4,,,,,,76943408,76943379
507,507,4,,,,,,76943376,76943410
507,507,4,,,,,,76943397,76943378
507,507,4,,,,,,76943377,76943375
507,507,4,,,,,,77067362,77067364
507,507,4,,,,,,77067366,77067357
507,507,4,,,,,,77067355,77067359
507,507,4,,,,,,77067360,77067356
507,507,4,,,,,,77067358,77067353
507,507,4,,,,,,77067354,77067361
507,507,4,,,,,,77067363,77067365
507,507,4,,,,,,77067368,77067380
507,507,4,,,,,,77068290,77068289
507,507,4,,,,,,77067369,77067370
507,507,4,,,,,,77067934,77067927
507,507,4,,,,,,77067371,77067379
507,507,4,,,,,,77067376,77067381
507,507,4,,,,,,77067374,77067385
507,507,4,,,,,,77067386,77067378
507,507,4,,,,,,77067382,77067377
507,507,4,,,,,,77067375,77067367
507,507,4,,,,,,77067384,77067403
507,507,4,,,,,,77067402,77067399
507,507,4,,,,,,77067400,77067383
507,507,4,,,,,,77067393,77067392
507,507,4,,,,,,77067387,77067389
507,507,4,,,,,,77067394,77067388
507,507,4,,,,,,77067390,77068292
507,507,4,,,,,,77068291,77068294
507,507,4,,,,,,77068296,77068295
507,507,4,,,,,,77068293,77067398
507,507,4,,,,,,77067395,77067397
507,507,4,,,,,,77067391,77067396
507,507,4,,,,,,77067906,77067905
507,507,4,,,,,,77067896,77067901
507,507,4,,,,,,77067907,77067909
507,507,4,,,,,,77067911,77067912
507,507,4,,,,,,77067914,77067913
507,507,4,,,,,,77067910,77067908
507,507,4,,,,,,77067915,77067916
507,507,4,,,,,,77068297,77068298
507,507,4,,,,,,77067917,77067919
507,507,4,,,,,,77068299,77068300
507,507,4,,,,,,77067920,77067921
507,507,4,,,,,,77067918,77067903
507,507,4,,,,,,77034912,77034914
507,507,4,,,,,,77034916,77034907
507,507,4,,,,,,77034905,77034909
507,507,4,,,,,,77034910,77034906
507,507,4,,,,,,77034908,77034903
507,507,4,,,,,,77034904,77034911
507,507,4,,,,,,77034913,77034915
507,507,4,,,,,,77034918,77034930
507,507,4,,,,,,77035861,77035860
507,507,4,,,,,,77034919,77034920
507,507,4,,,,,,77035484,77035477
507,507,4,,,,,,77034921,77034929
507,507,4,,,,,,77034926,77034931
507,507,4,,,,,,77034924,77034935
507,507,4,,,,,,77034936,77034928
507,507,4,,,,,,77034932,77034927
507,507,4,,,,,,77034925,77034917
507,507,4,,,,,,77034934,77034953
507,507,4,,,,,,77034952,77034949
507,507,4,,,,,,77034950,77034933
507,507,4,,,,,,77034943,77034942
507,507,4,,,,,,77034937,77034939
507,507,4,,,,,,77034944,77034938
507,507,4,,,,,,77034940,77035863
507,507,4,,,,,,77035862,77035865
507,507,4,,,,,,77035867,77035866
507,507,4,,,,,,77035864,77034948
507,507,4,,,,,,77034945,77034947
507,507,4,,,,,,77034941,77034946
507,507,4,,,,,,77035456,77035455
507,507,4,,,,,,77035446,77035451
507,507,4,,,,,,77035457,77035459
507,507,4,,,,,,77035461,77035462
507,507,4,,,,,,77035464,77035463
507,507,4,,,,,,77035460,77035458
507,507,4,,,,,,77035465,77035466
507,507,4,,,,,,77035868,77035869
507,507,4,,,,,,77035467,77035469
507,507,4,,,,,,77035870,77035871
507,507,4,,,,,,77035470,77035471
507,507,4,,,,,,77035468,77035453
507,507,4,,,,,,77074023,77074025
507,507,4,,,,,,77074027,77074018
507,507,4,,,,,,77074016,77074020
507,507,4,,,,,,77074021,77074017
507,507,4,,,,,,77074019,77074014
507,507,4,,,,,,77074015,77074022
507,507,4,,,,,,77074024,77074026
507,507,4,,,,,,77074029,77074041
507,507,4,,,,,,77074972,77074971
507,507,4,,,,,,77074030,77074031
507,507,4,,,,,,77074595,77074588
507,507,4,,,,,,77074032,77074040
507,507,4,,,,,,77074037,77074042
507,507,4,,,,,,77074035,77074046
507,507,4,,,,,,77074047,77074039
507,507,4,,,,,,77074043,77074038
507,507,4,,,,,,77074036,77074028
507,507,4,,,,,,77074045,77074064
507,507,4,,,,,,77074063,77074060
507,507,4,,,,,,77074061,77074044
507,507,4,,,,,,77074054,77074053
507,507,4,,,,,,77074048,77074050
507,507,4,,,,,,77074055,77074049
507,507,4,,,,,,77074051,77074974
507,507,4,,,,,,77074973,77074976
507,507,4,,,,,,77074978,77074977
507,507,4,,,,,,77074975,77074059
507,507,4,,,,,,77074056,77074058
507,507,4,,,,,,77074052,77074057
507,507,4,,,,,,77074567,77074566
507,507,4,,,,,,77074557,77074562
507,507,4,,,,,,77074568,77074570
507,507,4,,,,,,77074572,77074573
507,507,4,,,,,,77074575,77074574
507,507,4,,,,,,77074571,77074569
507,507,4,,,,,,77074576,77074577
507,507,4,,,,,,77074979,77074980
507,507,4,,,,,,77074578,77074580
507,507,4,,,,,,77074981,77074982
507,507,4,,,,,,77074581,77074582
507,507,4,,,,,,77074579,77074564
507,507,4,,,,,,76953371,76953370
507,507,4,,,,,,76953372,76953374
507,507,4,,,,,,76953373,76953378
507,507,4,,,,,,76953375,76953379
507,507,4,,,,,,76953376,76953380
507,507,4,,,,,,76953377,76953381
507,507,4,,,,,,76953237,76953270
507,507,4,,,,,,76953267,76953266
507,507,4,,,,,,76953265,76953263
507,507,4,,,,,,76953264,76953262
507,507,4,,,,,,76953259,76953260
507,507,4,,,,,,76953244,76953280
507,507,4,,,,,,76953261,76953273
507,507,4,,,,,,76953275,76953258
507,507,4,,,,,,76953276,76953245
507,507,4,,,,,,76953243,76953285
507,507,4,,,,,,76953277,76953242
507,507,4,,,,,,76953241,76953278
507,507,4,,,,,,76953269,76953239
507,507,4,,,,,,76953240,76953283
507,507,4,,,,,,76953272,76953238
507,507,4,,,,,,76953382,76953390
507,507,4,,,,,,76953383,76953391
507,507,4,,,,,,76953384,76953392
507,507,4,,,,,,76953385,76953393
507,507,4,,,,,,76953386,76953394
507,507,4,,,,,,76953387,76953395
507,507,4,,,,,,76953388,76953396
507,507,4,,,,,,76953389,76953397
507,507,4,,,,,,76953256,76953257
507,507,4,,,,,,76953255,76953274
507,507,4,,,,,,76953271,76953254
507,507,4,,,,,,76953253,76953284
507,507,4,,,,,,76953286,76953251
507,507,4,,,,,,76953252,76953282
507,507,4,,,,,,76953279,76953250
507,507,4,,,,,,76953247,76953281
507,507,4,,,,,,76953268,76953249
507,507,4,,,,,,76953248,76953246
507,507,4,,,,,,77060804,77060806
507,507,4,,,,,,77060808,77060799
507,507,4,,,,,,77060797,77060801
507,507,4,,,,,,77060802,77060798
507,507,4,,,,,,77060800,77060795
507,507,4,,,,,,77060796,77060803
507,507,4,,,,,,77060805,77060807
507,507,4,,,,,,77060810,77060822
507,507,4,,,,,,77061732,77061731
507,507,4,,,,,,77060811,77060812
507,507,4,,,,,,77061376,77061369
507,507,4,,,,,,77060813,77060821
507,507,4,,,,,,77060818,77060823
507,507,4,,,,,,77060816,77060827
507,507,4,,,,,,77060828,77060820
507,507,4,,,,,,77060824,77060819
507,507,4,,,,,,77060817,77060809
507,507,4,,,,,,77060826,77060845
507,507,4,,,,,,77060844,77060841
507,507,4,,,,,,77060842,77060825
507,507,4,,,,,,77060835,77060834
507,507,4,,,,,,77060829,77060831
507,507,4,,,,,,77060836,77060830
507,507,4,,,,,,77060832,77061734
507,507,4,,,,,,77061733,77061736
507,507,4,,,,,,77061738,77061737
507,507,4,,,,,,77061735,77060840
507,507,4,,,,,,77060837,77060839
507,507,4,,,,,,77060833,77060838
507,507,4,,,,,,77061348,77061347
507,507,4,,,,,,77061338,77061343
507,507,4,,,,,,77061349,77061351
507,507,4,,,,,,77061353,77061354
507,507,4,,,,,,77061356,77061355
507,507,4,,,,,,77061352,77061350
507,507,4,,,,,,77061357,77061358
507,507,4,,,,,,77061739,77061740
507,507,4,,,,,,77061359,77061361
507,507,4,,,,,,77061741,77061742
507,507,4,,,,,,77061362,77061363
507,507,4,,,,,,77061360,77061345
507,507,4,,,,,,77054372,77054374
507,507,4,,,,,,77054376,77054367
507,507,4,,,,,,77054365,77054369
507,507,4,,,,,,77054370,77054366
507,507,4,,,,,,77054368,77054363
507,507,4,,,,,,77054364,77054371
507,507,4,,,,,,77054373,77054375
507,507,4,,,,,,77054378,77054390
507,507,4,,,,,,77055300,77055299
507,507,4,,,,,,77054379,77054380
507,507,4,,,,,,77054944,77054937
507,507,4,,,,,,77054381,77054389
507,507,4,,,,,,77054386,77054391
507,507,4,,,,,,77054384,77054395
507,507,4,,,,,,77054396,77054388
507,507,4,,,,,,77054392,77054387
507,507,4,,,,,,77054385,77054377
507,507,4,,,,,,77054394,77054413
507,507,4,,,,,,77054412,77054409
507,507,4,,,,,,77054410,77054393
507,507,4,,,,,,77054403,77054402
507,507,4,,,,,,77054397,77054399
507,507,4,,,,,,77054404,77054398
507,507,4,,,,,,77054400,77055302
507,507,4,,,,,,77055301,77055304
507,507,4,,,,,,77055306,77055305
507,507,4,,,,,,77055303,77054408
507,507,4,,,,,,77054405,77054407
507,507,4,,,,,,77054401,77054406
507,507,4,,,,,,77054916,77054915
507,507,4,,,,,,77054906,77054911
507,507,4,,,,,,77054917,77054919
507,507,4,,,,,,77054921,77054922
507,507,4,,,,,,77054924,77054923
507,507,4,,,,,,77054920,77054918
507,507,4,,,,,,77054925,77054926
507,507,4,,,,,,77055307,77055308
507,507,4,,,,,,77054927,77054929
507,507,4,,,,,,77055309,77055310
507,507,4,,,,,,77054930,77054931
507,507,4,,,,,,77054928,77054913
507,507,4,,,,,,76951911,76951910
507,507,4,,,,,,76951912,76951914
507,507,4,,,,,,76951913,76951918
507,507,4,,,,,,76951915,76951919
507,507,4,,,,,,76951916,76951920
507,507,4,,,,,,76951917,76951921
507,507,4,,,,,,76951777,76951810
507,507,4,,,,,,76951807,76951806
507,507,4,,,,,,76951805,76951803
507,507,4,,,,,,76951804,76951802
507,507,4,,,,,,76951799,76951800
507,507,4,,,,,,76951784,76951820
507,507,4,,,,,,76951801,76951813
507,507,4,,,,,,76951815,76951798
507,507,4,,,,,,76951816,76951785
507,507,4,,,,,,76951783,76951825
507,507,4,,,,,,76951817,76951782
507,507,4,,,,,,76951781,76951818
507,507,4,,,,,,76951809,76951779
507,507,4,,,,,,76951780,76951823
507,507,4,,,,,,76951812,76951778
507,507,4,,,,,,76951922,76951930
507,507,4,,,,,,76951923,76951931
507,507,4,,,,,,76951924,76951932
507,507,4,,,,,,76951925,76951933
507,507,4,,,,,,76951926,76951934
507,507,4,,,,,,76951927,76951935
507,507,4,,,,,,76951928,76951936
507,507,4,,,,,,76951929,76951937
507,507,4,,,,,,76951796,76951797
507,507,4,,,,,,76951795,76951814
507,507,4,,,,,,76951811,76951794
507,507,4,,,,,,76951793,76951824
507,507,4,,,,,,76951826,76951791
507,507,4,,,,,,76951792,76951822
507,507,4,,,,,,76951819,76951790
507,507,4,,,,,,76951787,76951821
507,507,4,,,,,,76951808,76951789
507,507,4,,,,,,76951788,76951786
507,507,4,,,,,,77030320,77030322
507,507,4,,,,,,77030324,77030315
507,507,4,,,,,,77030313,77030317
507,507,4,,,,,,77030318,77030314
507,507,4,,,,,,77030316,77030311
507,507,4,,,,,,77030312,77030319
507,507,4,,,,,,77030321,77030323
507,507,4,,,,,,77030326,77030338
507,507,4,,,,,,77031269,77031268
507,507,4,,,,,,77030327,77030328
507,507,4,,,,,,77030892,77030885
507,507,4,,,,,,77030329,77030337
507,507,4,,,,,,77030334,77030339
507,507,4,,,,,,77030332,77030343
507,507,4,,,,,,77030344,77030336
507,507,4,,,,,,77030340,77030335
507,507,4,,,,,,77030333,77030325
507,507,4,,,,,,77030342,77030361
507,507,4,,,,,,77030360,77030357
507,507,4,,,,,,77030358,77030341
507,507,4,,,,,,77030351,77030350
507,507,4,,,,,,77030345,77030347
507,507,4,,,,,,77030352,77030346
507,507,4,,,,,,77030348,77031271
507,507,4,,,,,,77031270,77031273
507,507,4,,,,,,77031275,77031274
507,507,4,,,,,,77031272,77030356
507,507,4,,,,,,77030353,77030355
507,507,4,,,,,,77030349,77030354
507,507,4,,,,,,77030864,77030863
507,507,4,,,,,,77030854,77030859
507,507,4,,,,,,77030865,77030867
507,507,4,,,,,,77030869,77030870
507,507,4,,,,,,77030872,77030871
507,507,4,,,,,,77030868,77030866
507,507,4,,,,,,77030873,77030874
507,507,4,,,,,,77031276,77031277
507,507,4,,,,,,77030875,77030877
507,507,4,,,,,,77031278,77031279
507,507,4,,,,,,77030878,77030879
507,507,4,,,,,,77030876,77030861
507,507,4,,,,,,76944521,76944522
507,507,4,,,,,,76944523,76944524
507,507,4,,,,,,76944525,76944526
507,507,4,,,,,,76944527,76944528
507,507,4,,,,,,76944529,76944530
507,507,4,,,,,,76944531,76944532
507,507,4,,,,,,76944533,76944534
507,507,4,,,,,,76944535,76944536
507,507,4,,,,,,76944537,76944538
507,507,4,,,,,,76944539,76944540
507,507,4,,,,,,76944541,76944542
507,507,4,,,,,,76944543,76944544
507,507,4,,,,,,76944545,76944546
507,507,4,,,,,,76944547,76944548
507,507,4,,,,,,76944549,76944550
507,507,4,,,,,,76944551,76944552
507,507,4,,,,,,76944569,76944570
507,507,4,,,,,,76944571,76944572
507,507,4,,,,,,76944573,76944574
507,507,4,,,,,,76944575,76944576
507,507,4,,,,,,76944577,76944578
507,507,4,,,,,,76944579,76944580
507,507,4,,,,,,76944581,76944582
507,507,4,,,,,,76944583,76944584
507,507,4,,,,,,76944585,76944586
507,507,4,,,,,,76944587,76944588
507,507,4,,,,,,76944589,76944590
507,507,4,,,,,,76944591,76944592
507,507,4,,,,,,76944593,76944594
507,507,4,,,,,,76944595,76944596
507,507,4,,,,,,76944597,76944598
507,507,4,,,,,,76944553,76944554
507,507,4,,,,,,76944555,76944556
507,507,4,,,,,,76944557,76944558
507,507,4,,,,,,76944559,76944560
507,507,4,,,,,,76944561,76944562
507,507,4,,,,,,76944563,76944564
507,507,4,,,,,,76944565,76944566
507,507,4,,,,,,76944567,76944568
507,507,4,,,,,,75857726,75857724
507,507,4,,,,,,75857723,75857722
507,507,4,,,,,,75857720,75857721
507,507,4,,,,,,75857719,75857717
507,507,4,,,,,,75857716,75857715
507,507,4,,,,,,75857718,75857714
507,507,4,,,,,,75857713,75857712
507,507,4,,,,,,75857710,75857711
507,507,4,,,,,,75857709,75857707
507,507,4,,,,,,75857739,75857735
507,507,4,,,,,,75857738,75857737
507,507,4,,,,,,75857736,75857734
507,507,4,,,,,,75857732,75857733
507,507,4,,,,,,75857731,75857730
507,507,4,,,,,,75857728,75857729
507,507,4,,,,,,75857725,75857727
507,507,4,,,,,,75857675,75857673
507,507,4,,,,,,75857674,75857671
507,507,4,,,,,,75857670,75857672
507,507,4,,,,,,75857668,75857669
507,507,4,,,,,,75857667,75857664
507,507,4,,,,,,75857666,75857665
507,507,4,,,,,,75857662,75857663
507,507,4,,,,,,75857694,75857693
507,507,4,,,,,,75857695,75857692
507,507,4,,,,,,75857690,75857691
507,507,4,,,,,,75857688,75857689
507,507,4,,,,,,75857685,75857686
507,507,4,,,,,,75857687,75857683
507,507,4,,,,,,75857682,75857684
507,507,4,,,,,,75857680,75857681
507,507,4,,,,,,75857679,75857678
507,507,4,,,,,,75857677,75857676
507,507,4,,,,,,75857708,75857706
507,507,4,,,,,,75857704,75857703
507,507,4,,,,,,75857705,75857700
507,507,4,,,,,,75857701,75857702
507,507,4,,,,,,75857699,75857697
507,507,4,,,,,,75857696,75857698
507,507,4,,,,,,75761433,75761435
507,507,4,,,,,,75761437,75761428
507,507,4,,,,,,75761426,75761430
507,507,4,,,,,,75761431,75761427
507,507,4,,,,,,75761429,75761424
507,507,4,,,,,,75761425,75761432
507,507,4,,,,,,75761434,75761436
507,507,4,,,,,,75761439,75761451
507,507,4,,,,,,75762381,75762380
507,507,4,,,,,,75761440,75761441
507,507,4,,,,,,75762005,75761998
507,507,4,,,,,,75761442,75761450
507,507,4,,,,,,75761447,75761452
507,507,4,,,,,,75761445,75761456
507,507,4,,,,,,75761457,75761449
507,507,4,,,,,,75761453,75761448
507,507,4,,,,,,75761446,75761438
507,507,4,,,,,,75761455,75761474
507,507,4,,,,,,75761473,75761470
507,507,4,,,,,,75761471,75761454
507,507,4,,,,,,75761464,75761463
507,507,4,,,,,,75761458,75761460
507,507,4,,,,,,75761465,75761459
507,507,4,,,,,,75761461,75762383
507,507,4,,,,,,75762382,75762385
507,507,4,,,,,,75762387,75762386
507,507,4,,,,,,75762384,75761469
507,507,4,,,,,,75761466,75761468
507,507,4,,,,,,75761462,75761467
507,507,4,,,,,,75761977,75761976
507,507,4,,,,,,75761967,75761972
507,507,4,,,,,,75761978,75761980
507,507,4,,,,,,75761982,75761983
507,507,4,,,,,,75761985,75761984
507,507,4,,,,,,75761981,75761979
507,507,4,,,,,,75761986,75761987
507,507,4,,,,,,75762388,75762389
507,507,4,,,,,,75761988,75761990
507,507,4,,,,,,75762390,75762391
507,507,4,,,,,,75761991,75761992
507,507,4,,,,,,75761989,75761974
507,507,4,,,,,,77161045,77161041
507,507,4,,,,,,77161044,77161043
507,507,4,,,,,,77161042,77161040
507,507,4,,,,,,77161038,77161039
507,507,4,,,,,,77161037,77161036
507,507,4,,,,,,77161034,77161035
507,507,4,,,,,,77161032,77161030
507,507,4,,,,,,77161033,77161031
507,507,4,,,,,,77161029,77161028
507,507,4,,,,,,77161026,77161027
507,507,4,,,,,,77161025,77161023
507,507,4,,,,,,77161011,77161006
507,507,4,,,,,,77161007,77161008
507,507,4,,,,,,77161005,77161003
507,507,4,,,,,,77161002,77161004
507,507,4,,,,,,77161000,77160999
507,507,4,,,,,,77161001,77160998
507,507,4,,,,,,77160993,77160997
507,507,4,,,,,,77160995,77160996
507,507,4,,,,,,77160991,77160992
507,507,4,,,,,,77160994,77160989
507,507,4,,,,,,77160988,77160990
507,507,4,,,,,,77160986,77160987
507,507,4,,,,,,77160985,77160984
507,507,4,,,,,,77160983,77160982
507,507,4,,,,,,77160981,77160979
507,507,4,,,,,,77160980,77160977
507,507,4,,,,,,77160976,77160978
507,507,4,,,,,,77160974,77160975
507,507,4,,,,,,77160973,77160970
507,507,4,,,,,,77160972,77160971
507,507,4,,,,,,77160968,77160969
507,507,4,,,,,,77161022,77161021
507,507,4,,,,,,77161024,77161020
507,507,4,,,,,,77161019,77161018
507,507,4,,,,,,77161016,77161017
507,507,4,,,,,,77161015,77161013
507,507,4,,,,,,77161014,77161012
507,507,4,,,,,,77161010,77161009
5819,5819,4,,,,,,75808986,75808991
5819,5819,4,,,,,,75809028,75809045
5819,5819,4,,,,,,75808984,75808993
5819,5819,4,,,,,,75808998,75808992
5819,5819,4,,,,,,75808983,75808990
5819,5819,4,,,,,,75808989,75809031
5819,5819,4,,,,,,75808985,75808994
5819,5819,4,,,,,,75808988,75809047
5819,5819,4,,,,,,75808987,75809044
5819,5819,4,,,,,,75797161,75797141
5819,5819,4,,,,,,75797165,75797143
5819,5819,4,,,,,,75797154,75797135
5819,5819,4,,,,,,75797156,75797136
5819,5819,4,,,,,,75797160,75797139
5819,5819,4,,,,,,75797157,75797140
5819,5819,4,,,,,,75797162,75797142
5819,5819,4,,,,,,75797153,75797134
5819,5819,4,,,,,,75797155,75797132
5819,5819,4,,,,,,75797158,75797137
5819,5819,4,,,,,,75797167,75797146
5819,5819,4,,,,,,75797171,75797148
5819,5819,4,,,,,,75797163,75797144
5819,5819,4,,,,,,75797152,75797133
5819,5819,4,,,,,,75797164,75797147
5819,5819,4,,,,,,75797166,75797145
5819,5819,4,,,,,,75797168,75797149
5819,5819,4,,,,,,75797169,75797150
5819,5819,4,,,,,,75797172,75797151
5819,5819,4,,,,,,75797159,75797138
5819,5819,4,,,,,,75843527,75843628
5819,5819,4,,,,,,75843037,75843692
5819,5819,4,,,,,,75843662,75843540
5819,5819,4,,,,,,75843533,75843708
5819,5819,4,,,,,,75843718,75843503
5819,5819,4,,,,,,75843682,75843504
5819,5819,4,,,,,,75843710,75843667
5819,5819,4,,,,,,75843538,75843711
5819,5819,4,,,,,,75843493,75843500
5819,5819,4,,,,,,75843537,75843706
5819,5819,4,,,,,,77166013,77165994
5819,5819,4,,,,,,77166017,77165992
5819,5819,4,,,,,,77166016,77165995
5819,5819,4,,,,,,77166018,77165996
5819,5819,4,,,,,,77166023,77166005
5819,5819,4,,,,,,77166027,77166003
5819,5819,4,,,,,,77166031,77166008
5819,5819,4,,,,,,77166025,77166004
5819,5819,4,,,,,,77166026,77166006
5819,5819,4,,,,,,77166024,77166007
5819,5819,4,,,,,,77166028,77166009
5819,5819,4,,,,,,77166029,77166010
5819,5819,4,,,,,,77166032,77166011
5819,5819,4,,,,,,77166020,77165999
5819,5819,4,,,,,,77166014,77166000
5819,5819,4,,,,,,77166021,77166001
5819,5819,4,,,,,,77166022,77166002
5819,5819,4,,,,,,77166015,77165997
5819,5819,4,,,,,,77166012,77165993
5819,5819,4,,,,,,77166019,77165998
5819,5819,4,,,,,,77089438,77089480
5819,5819,4,,,,,,77089434,77089443
5819,5819,4,,,,,,77089437,77089496
5819,5819,4,,,,,,77089436,77089493
5819,5819,4,,,,,,77089433,77089442
5819,5819,4,,,,,,77089447,77089441
5819,5819,4,,,,,,77089432,77089439
5819,5819,4,,,,,,77089435,77089440
5819,5819,4,,,,,,77089477,77089494
5819,5819,4,,,,,,77167240,77167222
5819,5819,4,,,,,,77167243,77167219
5819,5819,4,,,,,,77167242,77167223
5819,5819,4,,,,,,77167244,77167224
5819,5819,4,,,,,,77167250,77167232
5819,5819,4,,,,,,77167254,77167230
5819,5819,4,,,,,,77167259,77167235
5819,5819,4,,,,,,77167252,77167231
5819,5819,4,,,,,,77167253,77167233
5819,5819,4,,,,,,77167251,77167234
5819,5819,4,,,,,,77167255,77167236
5819,5819,4,,,,,,77167256,77167237
5819,5819,4,,,,,,77167260,77167238
5819,5819,4,,,,,,77167247,77167226
5819,5819,4,,,,,,77167241,77167227
5819,5819,4,,,,,,77167248,77167228
5819,5819,4,,,,,,77167249,77167229
5819,5819,4,,,,,,77167245,77167221
5819,5819,4,,,,,,77167239,77167220
5819,5819,4,,,,,,77167246,77167225
5819,5819,4,,,,,,77173930,77173911
5819,5819,4,,,,,,77173933,77173909
5819,5819,4,,,,,,77173932,77173912
5819,5819,4,,,,,,77173934,77173913
5819,5819,4,,,,,,77173940,77173922
5819,5819,4,,,,,,77173944,77173920
5819,5819,4,,,,,,77173948,77173925
5819,5819,4,,,,,,77173942,77173921
5819,5819,4,,,,,,77173943,77173923
5819,5819,4,,,,,,77173941,77173924
5819,5819,4,,,,,,77173945,77173926
5819,5819,4,,,,,,77173946,77173927
5819,5819,4,,,,,,77173949,77173928
5819,5819,4,,,,,,77173937,77173916
5819,5819,4,,,,,,77173931,77173917
5819,5819,4,,,,,,77173938,77173918
5819,5819,4,,,,,,77173939,77173919
5819,5819,4,,,,,,77173935,77173914
5819,5819,4,,,,,,77173929,77173910
5819,5819,4,,,,,,77173936,77173915
5819,5819,4,,,,,,77169679,77169660
5819,5819,4,,,,,,77169682,77169658
5819,5819,4,,,,,,77169681,77169661
5819,5819,4,,,,,,77169683,77169662
5819,5819,4,,,,,,77169689,77169671
5819,5819,4,,,,,,77169693,77169669
5819,5819,4,,,,,,77169697,77169674
5819,5819,4,,,,,,77169691,77169670
5819,5819,4,,,,,,77169692,77169672
5819,5819,4,,,,,,77169690,77169673
5819,5819,4,,,,,,77169694,77169675
5819,5819,4,,,,,,77169695,77169676
5819,5819,4,,,,,,77169698,77169677
5819,5819,4,,,,,,77169686,77169665
5819,5819,4,,,,,,77169680,77169666
5819,5819,4,,,,,,77169687,77169667
5819,5819,4,,,,,,77169688,77169668
5819,5819,4,,,,,,77169684,77169663
5819,5819,4,,,,,,77169678,77169659
5819,5819,4,,,,,,77169685,77169664
5819,5819,4,,,,,,77087264,77087437
5819,5819,4,,,,,,77087219,77087223
5819,5819,4,,,,,,77087163,77087418
5819,5819,4,,,,,,77087444,77087229
5819,5819,4,,,,,,77087253,77087355
5819,5819,4,,,,,,77087260,77087432
5819,5819,4,,,,,,77087259,77087434
5819,5819,4,,,,,,77087436,77087394
5819,5819,4,,,,,,77087388,77087266
5819,5819,4,,,,,,77087409,77087230
5819,5819,4,,,,,,75815983,75815940
5819,5819,4,,,,,,75815811,75815984
5819,5819,4,,,,,,75815766,75815773
5819,5819,4,,,,,,75815810,75815979
5819,5819,4,,,,,,75815800,75815901
5819,5819,4,,,,,,75815710,75815965
5819,5819,4,,,,,,75815935,75815813
5819,5819,4,,,,,,75815806,75815981
5819,5819,4,,,,,,75815991,75815776
5819,5819,4,,,,,,75815955,75815777
5819,5819,4,,,,,,75791651,75791632
5819,5819,4,,,,,,75791653,75791633
5819,5819,4,,,,,,75791650,75791631
5819,5819,4,,,,,,75791652,75791629
5819,5819,4,,,,,,75791655,75791634
5819,5819,4,,,,,,75791659,75791639
5819,5819,4,,,,,,75791657,75791636
5819,5819,4,,,,,,75791654,75791637
5819,5819,4,,,,,,75791660,75791641
5819,5819,4,,,,,,75791664,75791643
5819,5819,4,,,,,,75791668,75791645
5819,5819,4,,,,,,75791658,75791638
5819,5819,4,,,,,,75791662,75791640
5819,5819,4,,,,,,75791649,75791630
5819,5819,4,,,,,,75791663,75791642
5819,5819,4,,,,,,75791661,75791644
5819,5819,4,,,,,,75791665,75791646
5819,5819,4,,,,,,75791666,75791647
5819,5819,4,,,,,,75791669,75791648
5819,5819,4,,,,,,75791656,75791635
5819,5819,4,,,,,,77165140,77165097
5819,5819,4,,,,,,77164968,77165141
5819,5819,4,,,,,,77164923,77164927
5819,5819,4,,,,,,77164964,77165136
5819,5819,4,,,,,,77164957,77165058
5819,5819,4,,,,,,77164868,77165122
5819,5819,4,,,,,,77165092,77164970
5819,5819,4,,,,,,77165113,77164935
5819,5819,4,,,,,,77164963,77165138
5819,5819,4,,,,,,77165148,77164933
5819,5819,4,,,,,,77164213,77164255
5819,5819,4,,,,,,77164209,77164218
5819,5819,4,,,,,,77164212,77164271
5819,5819,4,,,,,,77164211,77164268
5819,5819,4,,,,,,77164208,77164217
5819,5819,4,,,,,,77164222,77164216
5819,5819,4,,,,,,77164207,77164214
5819,5819,4,,,,,,77164210,77164215
5819,5819,4,,,,,,77164252,77164269
64000,64000,4,,,,,,75180358_2,75180358_3
64000,64000,4,,,,,,76303138_2,76303138_3
64000,64000,4,,,,,,75180317_1,75180317_2
64000,64000,4,,,,,,76303128_1,76303128_2
6411,6411,4,,,,,,75726875,75726865
6411,6411,4,,,,,,75727815,75727803
6411,6411,4,,,,,,75727818,75727797
6411,6411,4,,,,,,75727821,75727819
6411,6411,4,,,,,,75726873,75726870
6411,6411,4,,,,,,75727799,75727820
6411,6411,4,,,,,,75727804,75727825
6411,6411,4,,,,,,75727840,75727800
6411,6411,4,,,,,,75727828,75727834
6411,6411,4,,,,,,75727830,75727835
6411,6411,4,,,,,,75727837,75727838
6411,6411,4,,,,,,75727806,75727801
6411,6411,4,,,,,,75727826,75727832
6411,6411,4,,,,,,75726735,75726754
6411,6411,4,,,,,,75727807,75727805
6411,6411,4,,,,,,75727809,75727823
6411,6411,4,,,,,,75726877,75726866
6411,6411,4,,,,,,75727827,75727833
6411,6411,4,,,,,,75727829,75727836
6411,6411,4,,,,,,75727831,75727839
6411,6411,4,,,,,,75727808,75726868
6411,6411,4,,,,,,75727810,75727812
6411,6411,4,,,,,,75727811,75727813
6411,6411,4,,,,,,75727822,75727802
6411,6411,4,,,,,,75727824,75727796
6411,6411,4,,,,,,75726871,75726872
6411,6411,4,,,,,,75727841,75726867
6411,6411,4,,,,,,75727791,75727789
6411,6411,4,,,,,,75727785,75727787
6411,6411,4,,,,,,75727780,75727792
6411,6411,4,,,,,,75727788,75727783
6411,6411,4,,,,,,75727794,75727793
6411,6411,4,,,,,,75727814,75727798
6411,6411,4,,,,,,75727817,75727816
6411,6411,4,,,,,,75726874,75726869
6411,6411,4,,,,,,75774176,75774809
6411,6411,4,,,,,,75774814,75774806
6411,6411,4,,,,,,75774810,75774812
6411,6411,4,,,,,,75774818,75774819
6411,6411,4,,,,,,75774822,75774820
6411,6411,4,,,,,,75774813,75774811
6411,6411,4,,,,,,75774823,75774147
6411,6411,4,,,,,,75774171,75774150
6411,6411,4,,,,,,75774170,75774149
6411,6411,4,,,,,,75774156,75774151
6411,6411,4,,,,,,75774154,75774152
6411,6411,4,,,,,,75774278,75774272
6411,6411,4,,,,,,75774274,75774263
6411,6411,4,,,,,,75774174,75774158
6411,6411,4,,,,,,75774160,75774159
6411,6411,4,,,,,,75774824,75774825
6411,6411,4,,,,,,75774816,75774817
6411,6411,4,,,,,,75774815,75774821
6411,6411,4,,,,,,75774167,75774146
6411,6411,4,,,,,,75774169,75774145
6411,6411,4,,,,,,75774155,75774148
6411,6411,4,,,,,,75774157,75774153
6411,6411,4,,,,,,75774282,75774281
6411,6411,4,,,,,,75774280,75774275
6411,6411,4,,,,,,75774267,75774168
6411,6411,4,,,,,,75774165,75774164
6411,6411,4,,,,,,75774172,75774166
6411,6411,4,,,,,,75774731,75774732
6411,6411,4,,,,,,75774734,75774733
6411,6411,4,,,,,,75774279,75774276
6411,6411,4,,,,,,75774271,75774273
6411,6411,4,,,,,,75871078,75871075
6411,6411,4,,,,,,75871080,75871073
6411,6411,4,,,,,,75871070,75871079
6411,6411,4,,,,,,75871083,75871077
6411,6411,4,,,,,,75871084,75871076
6411,6411,4,,,,,,75871086,75871072
6411,6411,4,,,,,,75871087,75871063
6411,6411,4,,,,,,75871094,75871061
6411,6411,4,,,,,,75871097,75871060
6411,6411,4,,,,,,75871093,75871059
6411,6411,4,,,,,,75871088,75871071
6411,6411,4,,,,,,75871090,75871065
6411,6411,4,,,,,,75871092,75871064
6411,6411,4,,,,,,75871081,75871069
6411,6411,4,,,,,,75871091,75871066
6411,6411,4,,,,,,75871089,75871068
6411,6411,4,,,,,,75871096,75871067
6411,6411,4,,,,,,75871132,75871136
6411,6411,4,,,,,,75871137,75871138
6411,6411,4,,,,,,75871130,75871131
6411,6411,4,,,,,,75871134,75871129
6411,6411,4,,,,,,75871127,75871135
6411,6411,4,,,,,,75871128,75871133
6411,6411,4,,,,,,75871085,75871074
6411,6411,4,,,,,,75871095,75871062
6411,6411,4,,,,,,75871099,75871058
6411,6411,4,,,,,,76943668,76943669
6411,6411,4,,,,,,76943659,76943665
6411,6411,4,,,,,,76943661,76943666
6411,6411,4,,,,,,76943658,76943664
6411,6411,4,,,,,,76943660,76943667
6411,6411,4,,,,,,76943662,76943670
6411,6411,4,,,,,,76942570,76942589
6411,6411,4,,,,,,76942710,76942700
6411,6411,4,,,,,,76943646,76943634
6411,6411,4,,,,,,76943649,76943628
6411,6411,4,,,,,,76943652,76943650
6411,6411,4,,,,,,76943645,76943629
6411,6411,4,,,,,,76943648,76943647
6411,6411,4,,,,,,76942709,76942704
6411,6411,4,,,,,,76943653,76943633
6411,6411,4,,,,,,76943655,76943627
6411,6411,4,,,,,,76942706,76942707
6411,6411,4,,,,,,76943672,76942702
6411,6411,4,,,,,,76942708,76942705
6411,6411,4,,,,,,76943630,76943651
6411,6411,4,,,,,,76943635,76943656
6411,6411,4,,,,,,76943671,76943631
6411,6411,4,,,,,,76943622,76943620
6411,6411,4,,,,,,76943616,76943618
6411,6411,4,,,,,,76943611,76943623
6411,6411,4,,,,,,76943619,76943614
6411,6411,4,,,,,,76943625,76943624
6411,6411,4,,,,,,76943637,76943632
6411,6411,4,,,,,,76943639,76942703
6411,6411,4,,,,,,76943641,76943643
6411,6411,4,,,,,,76943642,76943644
6411,6411,4,,,,,,76943638,76943636
6411,6411,4,,,,,,76943640,76943654
6411,6411,4,,,,,,76942712,76942701
6411,6411,4,,,,,,76943657,76943663
6411,6411,4,,,,,,77067246,77067879
6411,6411,4,,,,,,77067884,77067876
6411,6411,4,,,,,,77067880,77067882
6411,6411,4,,,,,,77067244,77067228
6411,6411,4,,,,,,77067230,77067229
6411,6411,4,,,,,,77067231,77067233
6411,6411,4,,,,,,77067894,77067895
6411,6411,4,,,,,,77067886,77067887
6411,6411,4,,,,,,77067885,77067891
6411,6411,4,,,,,,77067237,77067216
6411,6411,4,,,,,,77067239,77067215
6411,6411,4,,,,,,77067225,77067218
6411,6411,4,,,,,,77067227,77067223
6411,6411,4,,,,,,77067352,77067351
6411,6411,4,,,,,,77067350,77067345
6411,6411,4,,,,,,77067337,77067238
6411,6411,4,,,,,,77067801,77067802
6411,6411,4,,,,,,77067804,77067803
6411,6411,4,,,,,,77067349,77067346
6411,6411,4,,,,,,77067341,77067343
6411,6411,4,,,,,,77067888,77067889
6411,6411,4,,,,,,77067892,77067890
6411,6411,4,,,,,,77067883,77067881
6411,6411,4,,,,,,77067893,77067217
6411,6411,4,,,,,,77067241,77067220
6411,6411,4,,,,,,77067240,77067219
6411,6411,4,,,,,,77067226,77067221
6411,6411,4,,,,,,77067224,77067222
6411,6411,4,,,,,,77067348,77067342
6411,6411,4,,,,,,77067235,77067234
6411,6411,4,,,,,,77067242,77067236
6411,6411,4,,,,,,77034796,77035429
6411,6411,4,,,,,,77035434,77035426
6411,6411,4,,,,,,77035430,77035432
6411,6411,4,,,,,,77035444,77035445
6411,6411,4,,,,,,77035436,77035437
6411,6411,4,,,,,,77035435,77035441
6411,6411,4,,,,,,77034787,77034766
6411,6411,4,,,,,,77034789,77034765
6411,6411,4,,,,,,77034775,77034768
6411,6411,4,,,,,,77034777,77034773
6411,6411,4,,,,,,77034902,77034901
6411,6411,4,,,,,,77034900,77034895
6411,6411,4,,,,,,77034887,77034788
6411,6411,4,,,,,,77034794,77034778
6411,6411,4,,,,,,77034780,77034779
6411,6411,4,,,,,,77035351,77035352
6411,6411,4,,,,,,77035354,77035353
6411,6411,4,,,,,,77034899,77034896
6411,6411,4,,,,,,77034891,77034893
6411,6411,4,,,,,,77035438,77035439
6411,6411,4,,,,,,77035442,77035440
6411,6411,4,,,,,,77035433,77035431
6411,6411,4,,,,,,77035443,77034767
6411,6411,4,,,,,,77034791,77034770
6411,6411,4,,,,,,77034790,77034769
6411,6411,4,,,,,,77034776,77034771
6411,6411,4,,,,,,77034774,77034772
6411,6411,4,,,,,,77034898,77034892
6411,6411,4,,,,,,77034894,77034883
6411,6411,4,,,,,,77034781,77034783
6411,6411,4,,,,,,77034785,77034784
6411,6411,4,,,,,,77034792,77034786
6411,6411,4,,,,,,77073907,77074540
6411,6411,4,,,,,,77074545,77074537
6411,6411,4,,,,,,77074541,77074543
6411,6411,4,,,,,,77074555,77074556
6411,6411,4,,,,,,77074547,77074548
6411,6411,4,,,,,,77074546,77074552
6411,6411,4,,,,,,77073898,77073877
6411,6411,4,,,,,,77073900,77073876
6411,6411,4,,,,,,77073886,77073879
6411,6411,4,,,,,,77073888,77073884
6411,6411,4,,,,,,77074013,77074012
6411,6411,4,,,,,,77074011,77074006
6411,6411,4,,,,,,77073998,77073899
6411,6411,4,,,,,,77073905,77073889
6411,6411,4,,,,,,77073891,77073890
6411,6411,4,,,,,,77074462,77074463
6411,6411,4,,,,,,77074465,77074464
6411,6411,4,,,,,,77074010,77074007
6411,6411,4,,,,,,77074002,77074004
6411,6411,4,,,,,,77074549,77074550
6411,6411,4,,,,,,77074553,77074551
6411,6411,4,,,,,,77074544,77074542
6411,6411,4,,,,,,77074554,77073878
6411,6411,4,,,,,,77073902,77073881
6411,6411,4,,,,,,77073901,77073880
6411,6411,4,,,,,,77073887,77073882
6411,6411,4,,,,,,77073885,77073883
6411,6411,4,,,,,,77074009,77074003
6411,6411,4,,,,,,77074005,77073994
6411,6411,4,,,,,,77073892,77073894
6411,6411,4,,,,,,77073896,77073895
6411,6411,4,,,,,,77073903,77073897
6411,6411,4,,,,,,76953539,76953540
6411,6411,4,,,,,,76953530,76953536
6411,6411,4,,,,,,76953532,76953537
6411,6411,4,,,,,,76953529,76953535
6411,6411,4,,,,,,76953531,76953538
6411,6411,4,,,,,,76953533,76953541
6411,6411,4,,,,,,76952441,76952460
6411,6411,4,,,,,,76952581,76952571
6411,6411,4,,,,,,76953517,76953505
6411,6411,4,,,,,,76953520,76953499
6411,6411,4,,,,,,76953523,76953521
6411,6411,4,,,,,,76953516,76953500
6411,6411,4,,,,,,76953519,76953518
6411,6411,4,,,,,,76952580,76952575
6411,6411,4,,,,,,76953524,76953504
6411,6411,4,,,,,,76953526,76953498
6411,6411,4,,,,,,76952577,76952578
6411,6411,4,,,,,,76953543,76952573
6411,6411,4,,,,,,76952579,76952576
6411,6411,4,,,,,,76953501,76953522
6411,6411,4,,,,,,76953506,76953527
6411,6411,4,,,,,,76953542,76953502
6411,6411,4,,,,,,76953493,76953491
6411,6411,4,,,,,,76953487,76953489
6411,6411,4,,,,,,76953482,76953494
6411,6411,4,,,,,,76953490,76953485
6411,6411,4,,,,,,76953496,76953495
6411,6411,4,,,,,,76953508,76953503
6411,6411,4,,,,,,76953510,76952574
6411,6411,4,,,,,,76953512,76953514
6411,6411,4,,,,,,76953513,76953515
6411,6411,4,,,,,,76953509,76953507
6411,6411,4,,,,,,76953511,76953525
6411,6411,4,,,,,,76952583,76952572
6411,6411,4,,,,,,76953528,76953534
6411,6411,4,,,,,,77060688,77061321
6411,6411,4,,,,,,77061326,77061318
6411,6411,4,,,,,,77061322,77061324
6411,6411,4,,,,,,77060686,77060670
6411,6411,4,,,,,,77060672,77060671
6411,6411,4,,,,,,77060673,77060675
6411,6411,4,,,,,,77061336,77061337
6411,6411,4,,,,,,77061328,77061329
6411,6411,4,,,,,,77061327,77061333
6411,6411,4,,,,,,77060679,77060658
6411,6411,4,,,,,,77060681,77060657
6411,6411,4,,,,,,77060667,77060660
6411,6411,4,,,,,,77060669,77060665
6411,6411,4,,,,,,77060794,77060793
6411,6411,4,,,,,,77060792,77060787
6411,6411,4,,,,,,77060779,77060680
6411,6411,4,,,,,,77061243,77061244
6411,6411,4,,,,,,77061246,77061245
6411,6411,4,,,,,,77060791,77060788
6411,6411,4,,,,,,77060783,77060785
6411,6411,4,,,,,,77061330,77061331
6411,6411,4,,,,,,77061334,77061332
6411,6411,4,,,,,,77061325,77061323
6411,6411,4,,,,,,77061335,77060659
6411,6411,4,,,,,,77060683,77060662
6411,6411,4,,,,,,77060682,77060661
6411,6411,4,,,,,,77060668,77060663
6411,6411,4,,,,,,77060666,77060664
6411,6411,4,,,,,,77060790,77060784
6411,6411,4,,,,,,77060677,77060676
6411,6411,4,,,,,,77060684,77060678
6411,6411,4,,,,,,77054256,77054889
6411,6411,4,,,,,,77054894,77054886
6411,6411,4,,,,,,77054890,77054892
6411,6411,4,,,,,,77054254,77054238
6411,6411,4,,,,,,77054240,77054239
6411,6411,4,,,,,,77054241,77054243
6411,6411,4,,,,,,77054904,77054905
6411,6411,4,,,,,,77054896,77054897
6411,6411,4,,,,,,77054895,77054901
6411,6411,4,,,,,,77054247,77054226
6411,6411,4,,,,,,77054249,77054225
6411,6411,4,,,,,,77054235,77054228
6411,6411,4,,,,,,77054237,77054233
6411,6411,4,,,,,,77054362,77054361
6411,6411,4,,,,,,77054360,77054355
6411,6411,4,,,,,,77054347,77054248
6411,6411,4,,,,,,77054811,77054812
6411,6411,4,,,,,,77054814,77054813
6411,6411,4,,,,,,77054359,77054356
6411,6411,4,,,,,,77054351,77054353
6411,6411,4,,,,,,77054898,77054899
6411,6411,4,,,,,,77054902,77054900
6411,6411,4,,,,,,77054893,77054891
6411,6411,4,,,,,,77054903,77054227
6411,6411,4,,,,,,77054251,77054230
6411,6411,4,,,,,,77054250,77054229
6411,6411,4,,,,,,77054236,77054231
6411,6411,4,,,,,,77054234,77054232
6411,6411,4,,,,,,77054358,77054352
6411,6411,4,,,,,,77054245,77054244
6411,6411,4,,,,,,77054252,77054246
6411,6411,4,,,,,,76952079,76952080
6411,6411,4,,,,,,76952070,76952076
6411,6411,4,,,,,,76952072,76952077
6411,6411,4,,,,,,76952069,76952075
6411,6411,4,,,,,,76952071,76952078
6411,6411,4,,,,,,76952073,76952081
6411,6411,4,,,,,,76950981,76951000
6411,6411,4,,,,,,76951121,76951111
6411,6411,4,,,,,,76952057,76952045
6411,6411,4,,,,,,76952060,76952039
6411,6411,4,,,,,,76952063,76952061
6411,6411,4,,,,,,76952056,76952040
6411,6411,4,,,,,,76952059,76952058
6411,6411,4,,,,,,76951120,76951115
6411,6411,4,,,,,,76952064,76952044
6411,6411,4,,,,,,76952066,76952038
6411,6411,4,,,,,,76951117,76951118
6411,6411,4,,,,,,76952083,76951113
6411,6411,4,,,,,,76951119,76951116
6411,6411,4,,,,,,76952041,76952062
6411,6411,4,,,,,,76952046,76952067
6411,6411,4,,,,,,76952082,76952042
6411,6411,4,,,,,,76952033,76952031
6411,6411,4,,,,,,76952027,76952029
6411,6411,4,,,,,,76952022,76952034
6411,6411,4,,,,,,76952030,76952025
6411,6411,4,,,,,,76952036,76952035
6411,6411,4,,,,,,76952048,76952043
6411,6411,4,,,,,,76952050,76951114
6411,6411,4,,,,,,76952052,76952054
6411,6411,4,,,,,,76952053,76952055
6411,6411,4,,,,,,76952049,76952047
6411,6411,4,,,,,,76952051,76952065
6411,6411,4,,,,,,76951123,76951112
6411,6411,4,,,,,,76952068,76952074
6411,6411,4,,,,,,77030204,77030837
6411,6411,4,,,,,,77030842,77030834
6411,6411,4,,,,,,77030838,77030840
6411,6411,4,,,,,,77030852,77030853
6411,6411,4,,,,,,77030844,77030845
6411,6411,4,,,,,,77030843,77030849
6411,6411,4,,,,,,77030195,77030174
6411,6411,4,,,,,,77030197,77030173
6411,6411,4,,,,,,77030183,77030176
6411,6411,4,,,,,,77030185,77030181
6411,6411,4,,,,,,77030310,77030309
6411,6411,4,,,,,,77030308,77030303
6411,6411,4,,,,,,77030295,77030196
6411,6411,4,,,,,,77030202,77030186
6411,6411,4,,,,,,77030188,77030187
6411,6411,4,,,,,,77030759,77030760
6411,6411,4,,,,,,77030762,77030761
6411,6411,4,,,,,,77030307,77030304
6411,6411,4,,,,,,77030299,77030301
6411,6411,4,,,,,,77030846,77030847
6411,6411,4,,,,,,77030850,77030848
6411,6411,4,,,,,,77030841,77030839
6411,6411,4,,,,,,77030851,77030175
6411,6411,4,,,,,,77030199,77030178
6411,6411,4,,,,,,77030198,77030177
6411,6411,4,,,,,,77030184,77030179
6411,6411,4,,,,,,77030182,77030180
6411,6411,4,,,,,,77030306,77030300
6411,6411,4,,,,,,77030302,77030291
6411,6411,4,,,,,,77030189,77030191
6411,6411,4,,,,,,77030193,77030192
6411,6411,4,,,,,,77030200,77030194
6411,6411,4,,,,,,76945757,76945758
6411,6411,4,,,,,,76945759,76945760
6411,6411,4,,,,,,76945761,76945762
6411,6411,4,,,,,,76945763,76945764
6411,6411,4,,,,,,76945765,76945766
6411,6411,4,,,,,,76945767,76945768
6411,6411,4,,,,,,76944686,76944687
6411,6411,4,,,,,,76944688,76944689
6411,6411,4,,,,,,76944690,76944691
6411,6411,4,,,,,,76944692,76944693
6411,6411,4,,,,,,76945769,76945770
6411,6411,4,,,,,,76945771,76945772
6411,6411,4,,,,,,76945773,76945774
6411,6411,4,,,,,,76945775,76945776
6411,6411,4,,,,,,76944698,76944699
6411,6411,4,,,,,,76944700,76944701
6411,6411,4,,,,,,76944702,76944703
6411,6411,4,,,,,,76944704,76944705
6411,6411,4,,,,,,76944706,76944707
6411,6411,4,,,,,,76944708,76944709
6411,6411,4,,,,,,76944710,76944711
6411,6411,4,,,,,,76944712,76944713
6411,6411,4,,,,,,76944714,76944715
6411,6411,4,,,,,,76944716,76944717
6411,6411,4,,,,,,76944694,76944695
6411,6411,4,,,,,,76944696,76944697
6411,6411,4,,,,,,75856823,75856820
6411,6411,4,,,,,,75856825,75856818
6411,6411,4,,,,,,75856815,75856824
6411,6411,4,,,,,,75856828,75856822
6411,6411,4,,,,,,75856829,75856821
6411,6411,4,,,,,,75856831,75856817
6411,6411,4,,,,,,75856832,75856808
6411,6411,4,,,,,,75856839,75856806
6411,6411,4,,,,,,75856842,75856805
6411,6411,4,,,,,,75856838,75856804
6411,6411,4,,,,,,75856833,75856816
6411,6411,4,,,,,,75856835,75856810
6411,6411,4,,,,,,75856837,75856809
6411,6411,4,,,,,,75856826,75856814
6411,6411,4,,,,,,75856836,75856811
6411,6411,4,,,,,,75856834,75856813
6411,6411,4,,,,,,75856841,75856812
6411,6411,4,,,,,,75856877,75856881
6411,6411,4,,,,,,75856882,75856883
6411,6411,4,,,,,,75856875,75856876
6411,6411,4,,,,,,75856879,75856874
6411,6411,4,,,,,,75856872,75856880
6411,6411,4,,,,,,75856873,75856878
6411,6411,4,,,,,,75856830,75856819
6411,6411,4,,,,,,75856840,75856807
6411,6411,4,,,,,,75856844,75856803
6411,6411,4,,,,,,75761317,75761950
6411,6411,4,,,,,,75761955,75761947
6411,6411,4,,,,,,75761951,75761953
6411,6411,4,,,,,,75761959,75761960
6411,6411,4,,,,,,75761963,75761961
6411,6411,4,,,,,,75761954,75761952
6411,6411,4,,,,,,75761964,75761288
6411,6411,4,,,,,,75761312,75761291
6411,6411,4,,,,,,75761311,75761290
6411,6411,4,,,,,,75761297,75761292
6411,6411,4,,,,,,75761295,75761293
6411,6411,4,,,,,,75761419,75761413
6411,6411,4,,,,,,75761415,75761404
6411,6411,4,,,,,,75761315,75761299
6411,6411,4,,,,,,75761301,75761300
6411,6411,4,,,,,,75761965,75761966
6411,6411,4,,,,,,75761957,75761958
6411,6411,4,,,,,,75761956,75761962
6411,6411,4,,,,,,75761308,75761287
6411,6411,4,,,,,,75761310,75761286
6411,6411,4,,,,,,75761296,75761289
6411,6411,4,,,,,,75761298,75761294
6411,6411,4,,,,,,75761423,75761422
6411,6411,4,,,,,,75761421,75761416
6411,6411,4,,,,,,75761408,75761309
6411,6411,4,,,,,,75761306,75761305
6411,6411,4,,,,,,75761313,75761307
6411,6411,4,,,,,,75761872,75761873
6411,6411,4,,,,,,75761875,75761874
6411,6411,4,,,,,,75761420,75761417
6411,6411,4,,,,,,75761412,75761414
6411,6411,4,,,,,,77160130,77160127
6411,6411,4,,,,,,77160132,77160125
6411,6411,4,,,,,,77160137,77160126
6411,6411,4,,,,,,77160140,77160123
6411,6411,4,,,,,,77160142,77160117
6411,6411,4,,,,,,77160145,77160116
6411,6411,4,,,,,,77160122,77160131
6411,6411,4,,,,,,77160135,77160129
6411,6411,4,,,,,,77160136,77160128
6411,6411,4,,,,,,77160138,77160124
6411,6411,4,,,,,,77160139,77160115
6411,6411,4,,,,,,77160143,77160113
6411,6411,4,,,,,,77160149,77160112
6411,6411,4,,,,,,77160146,77160111
6411,6411,4,,,,,,77160141,77160120
6411,6411,4,,,,,,77160148,77160119
6411,6411,4,,,,,,77160147,77160114
6411,6411,4,,,,,,77160151,77160110
6411,6411,4,,,,,,77160182,77160179
6411,6411,4,,,,,,77160185,77160181
6411,6411,4,,,,,,77160178,77160186
6411,6411,4,,,,,,77160180,77160184
6411,6411,4,,,,,,77160183,77160187
6411,6411,4,,,,,,77160188,77160189
6411,6411,4,,,,,,77160133,77160121
6411,6411,4,,,,,,77160144,77160118
6613,6613,4,,,,,,75796891,75796881
6613,6613,4,,,,,,75796883,75796880
6613,6613,4,,,,,,75797059,75796890
6613,6613,4,,,,,,75797062,75797106
6613,6613,4,,,,,,75797100,75796882
6613,6613,4,,,,,,77165752,77165741
6613,6613,4,,,,,,77165743,77165740
6613,6613,4,,,,,,77165919,77165750
6613,6613,4,,,,,,77165922,77165966
6613,6613,4,,,,,,77165960,77165742
6613,6613,4,,,,,,77166983,77166969
6613,6613,4,,,,,,77166974,77166972
6613,6613,4,,,,,,77167151,77166981
6613,6613,4,,,,,,77167153,77167195
6613,6613,4,,,,,,77167189,77166973
6613,6613,4,,,,,,77173673,77173662
6613,6613,4,,,,,,77173664,77173661
6613,6613,4,,,,,,77173840,77173671
6613,6613,4,,,,,,77173843,77173885
6613,6613,4,,,,,,77173879,77173663
6613,6613,4,,,,,,77169418,77169407
6613,6613,4,,,,,,77169409,77169406
6613,6613,4,,,,,,77169585,77169416
6613,6613,4,,,,,,77169588,77169632
6613,6613,4,,,,,,77169626,77169408
6613,6613,4,,,,,,75791388,75791378
6613,6613,4,,,,,,75791556,75791387
6613,6613,4,,,,,,75791380,75791377
6613,6613,4,,,,,,75791559,75791603
6613,6613,4,,,,,,75791597,75791379
758901,758901,4,,,,,,77189881,77189942
758901,758901,4,,,,,,77189882,77189944
758901,758901,4,,,,,,77189884,77189946
758901,758901,4,,,,,,77189888,77189950
758901,758901,4,,,,,,77189892,77189954
758901,758901,4,,,,,,77189896,77189958
758901,758901,4,,,,,,77189900,77189962
758901,758901,4,,,,,,77189904,77189966
758901,758901,4,,,,,,77189912,77189974
758901,758901,4,,,,,,77189916,77189978
758901,758901,4,,,,,,77189920,77189982
758901,758901,4,,,,,,77189924,77189986
758901,758901,4,,,,,,77189883,77189945
758901,758901,4,,,,,,77189885,77189947
758901,758901,4,,,,,,77189889,77189951
758901,758901,4,,,,,,77189893,77189955
758901,758901,4,,,,,,77189897,77189959
758901,758901,4,,,,,,77189901,77189963
758901,758901,4,,,,,,77189905,77189967
758901,758901,4,,,,,,77189909,77189971
758901,758901,4,,,,,,77189917,77189979
758901,758901,4,,,,,,77189921,77189983
758901,758901,4,,,,,,77189925,77189987
758901,758901,4,,,,,,77189927,77189989
758901,758901,4,,,,,,77189929,77189991
758901,758901,4,,,,,,77189931,77189993
758901,758901,4,,,,,,77189933,77189995
758901,758901,4,,,,,,77189935,77189997
758901,758901,4,,,,,,77189937,77189999
758901,758901,4,,,,,,77189886,77189948
758901,758901,4,,,,,,77189890,77189952
758901,758901,4,,,,,,77189894,77189956
758901,758901,4,,,,,,77189898,77189960
758901,758901,4,,,,,,77189902,77189964
758901,758901,4,,,,,,77189906,77189968
758901,758901,4,,,,,,77189910,77189972
758901,758901,4,,,,,,77189914,77189976
758901,758901,4,,,,,,77189922,77189984
758901,758901,4,,,,,,77189926,77189988
758901,758901,4,,,,,,77189928,77189990
758901,758901,4,,,,,,77189930,77189992
758901,758901,4,,,,,,77189932,77189994
758901,758901,4,,,,,,77189934,77189996
758901,758901,4,,,,,,77189936,77189998
758901,758901,4,,,,,,77189938,77190000
758901,758901,4,,,,,,77189887,77189949
758901,758901,4,,,,,,77189891,77189953
758901,758901,4,,,,,,77189895,77189957
758901,758901,4,,,,,,77189899,77189961
758901,758901,4,,,,,,77189903,77189965
758901,758901,4,,,,,,77189907,77189969
758901,758901,4,,,,,,77189911,77189973
758901,758901,4,,,,,,77189915,77189977
758901,758901,4,,,,,,77189919,77189981
758901,758901,4,,,,,,77189923,77189985
7784,7784,4,,,,,,75529824,75529825
7784,7784,4,,,,,,75529791,75529789
7784,7784,4,,,,,,75529785,75529783
7784,7784,4,,,,,,75529806,75529805
7784,7784,4,,,,,,75529866,75529856
7784,7784,4,,,,,,75529858,75529862
7784,7784,4,,,,,,75529854,75529853
7784,7784,4,,,,,,75529810,75529802
7784,7784,4,,,,,,75529861,75529822
7784,7784,4,,,,,,75529855,75529857
7784,7784,4,,,,,,75529780,75529784
7784,7784,4,,,,,,75529807,75529860
7784,7784,4,,,,,,75529863,75529869
7784,7784,4,,,,,,75525042,75525030
7784,7784,4,,,,,,75525101,75525100
7784,7784,4,,,,,,75525067,75525059
7784,7784,4,,,,,,75525015,75525013
7784,7784,4,,,,,,75525017,75525018
7784,7784,4,,,,,,75525105,75525086
7784,7784,4,,,,,,75524965,75524966
7784,7784,4,,,,,,75525054,75525046
7784,7784,4,,,,,,75525028,75525024
7784,7784,4,,,,,,75524993,75524989
7784,7784,4,,,,,,75524986,75524984
7784,7784,4,,,,,,75524991,75524987
7784,7784,4,,,,,,75525012,75525007
7784,7784,4,,,,,,75525009,75525003
7784,7784,4,,,,,,75524979,75524978
7784,7784,4,,,,,,75748201,75748215
7784,7784,4,,,,,,75748214,75748204
7784,7784,4,,,,,,75748193,75748172
7784,7784,4,,,,,,75748173,75748174
7784,7784,4,,,,,,75748273,75748278
7784,7784,4,,,,,,75748265,75748277
7784,7784,4,,,,,,75748280,75748272
7784,7784,4,,,,,,75748306,75748298
7784,7784,4,,,,,,75748293,75748283
7784,7784,4,,,,,,75748256,75748253
7784,7784,4,,,,,,75748252,75748261
7784,7784,4,,,,,,75748207,75748212
7784,7784,4,,,,,,75748196,75748198
7784,7784,4,,,,,,75748332,75748331
7784,7784,4,,,,,,75748188,75748195
7784,7784,4,,,,,,76782210,76782209
7784,7784,4,,,,,,76782195,76782193
7784,7784,4,,,,,,76782184,76782188
7784,7784,4,,,,,,76782211,76782264
7784,7784,4,,,,,,76782259,76782261
7784,7784,4,,,,,,76782267,76782273
7784,7784,4,,,,,,76782265,76782226
7784,7784,4,,,,,,76782228,76782229
7784,7784,4,,,,,,76782258,76782257
7784,7784,4,,,,,,76782270,76782260
7784,7784,4,,,,,,76782189,76782187
7784,7784,4,,,,,,76782214,76782206
7784,7784,4,,,,,,76782262,76782266
7784,7784,4,,,,,,76763460,76763448
7784,7784,4,,,,,,76763446,76763442
7784,7784,4,,,,,,76763519,76763518
7784,7784,4,,,,,,76763433,76763428
7784,7784,4,,,,,,76763435,76763436
7784,7784,4,,,,,,76763523,76763504
7784,7784,4,,,,,,76763472,76763465
7784,7784,4,,,,,,76763485,76763477
7784,7784,4,,,,,,76763431,76763425
7784,7784,4,,,,,,76763427,76763422
7784,7784,4,,,,,,76763384,76763385
7784,7784,4,,,,,,76763397,76763396
7784,7784,4,,,,,,76763411,76763407
7784,7784,4,,,,,,76763404,76763402
7784,7784,4,,,,,,76763409,76763405
7784,7784,4,,,,,,76780235,76780223
7784,7784,4,,,,,,76780221,76780218
7784,7784,4,,,,,,76780294,76780293
7784,7784,4,,,,,,76780208,76780206
7784,7784,4,,,,,,76780210,76780211
7784,7784,4,,,,,,76780298,76780279
7784,7784,4,,,,,,76780247,76780239
7784,7784,4,,,,,,76780260,76780252
7784,7784,4,,,,,,76780205,76780200
7784,7784,4,,,,,,76780202,76780196
7784,7784,4,,,,,,76780158,76780159
7784,7784,4,,,,,,76780172,76780171
7784,7784,4,,,,,,76780186,76780183
7784,7784,4,,,,,,76780179,76780177
7784,7784,4,,,,,,76780181,76780180
7784,7784,4,,,,,,76760758,76760746
7784,7784,4,,,,,,76760744,76760741
7784,7784,4,,,,,,76760817,76760816
7784,7784,4,,,,,,76760732,76760729
7784,7784,4,,,,,,76760730,76760734
7784,7784,4,,,,,,76760821,76760803
7784,7784,4,,,,,,76760770,76760762
7784,7784,4,,,,,,76760783,76760775
7784,7784,4,,,,,,76760728,76760723
7784,7784,4,,,,,,76760725,76760719
7784,7784,4,,,,,,76760681,76760682
7784,7784,4,,,,,,76760696,76760695
7784,7784,4,,,,,,76760709,76760706
7784,7784,4,,,,,,76760702,76760700
7784,7784,4,,,,,,76760704,76760703
7784,7784,4,,,,,,76799371,76799370
7784,7784,4,,,,,,76799356,76799354
7784,7784,4,,,,,,76799345,76799349
7784,7784,4,,,,,,76799372,76799425
7784,7784,4,,,,,,76799420,76799422
7784,7784,4,,,,,,76799428,76799434
7784,7784,4,,,,,,76799426,76799387
7784,7784,4,,,,,,76799389,76799390
7784,7784,4,,,,,,76799419,76799418
7784,7784,4,,,,,,76799431,76799421
7784,7784,4,,,,,,76799350,76799348
7784,7784,4,,,,,,76799375,76799367
7784,7784,4,,,,,,76799423,76799427
7784,7784,4,,,,,,76789452,76789440
7784,7784,4,,,,,,76789438,76789434
7784,7784,4,,,,,,76789511,76789510
7784,7784,4,,,,,,76789425,76789420
7784,7784,4,,,,,,76789427,76789428
7784,7784,4,,,,,,76789515,76789496
7784,7784,4,,,,,,76789464,76789457
7784,7784,4,,,,,,76789477,76789469
7784,7784,4,,,,,,76789423,76789417
7784,7784,4,,,,,,76789419,76789413
7784,7784,4,,,,,,76789375,76789376
7784,7784,4,,,,,,76789389,76789388
7784,7784,4,,,,,,76789403,76789399
7784,7784,4,,,,,,76789396,76789394
7784,7784,4,,,,,,76789401,76789397
7784,7784,4,,,,,,76792114,76792101
7784,7784,4,,,,,,76792099,76792095
7784,7784,4,,,,,,76792172,76792171
7784,7784,4,,,,,,76792086,76792084
7784,7784,4,,,,,,76792088,76792089
7784,7784,4,,,,,,76792176,76792157
7784,7784,4,,,,,,76792125,76792117
7784,7784,4,,,,,,76792138,76792130
7784,7784,4,,,,,,76792083,76792079
7784,7784,4,,,,,,76792080,76792074
7784,7784,4,,,,,,76792036,76792037
7784,7784,4,,,,,,76792050,76792049
7784,7784,4,,,,,,76792064,76792060
7784,7784,4,,,,,,76792057,76792055
7784,7784,4,,,,,,76792062,76792058
7784,7784,4,,,,,,76765465,76765464
7784,7784,4,,,,,,76765450,76765448
7784,7784,4,,,,,,76765439,76765443
7784,7784,4,,,,,,76765466,76765519
7784,7784,4,,,,,,76765514,76765516
7784,7784,4,,,,,,76765522,76765528
7784,7784,4,,,,,,76765520,76765481
7784,7784,4,,,,,,76765483,76765484
7784,7784,4,,,,,,76765513,76765512
7784,7784,4,,,,,,76765525,76765515
7784,7784,4,,,,,,76765444,76765442
7784,7784,4,,,,,,76765470,76765461
7784,7784,4,,,,,,76765517,76765521
7784,7784,4,,,,,,76786686,76786673
7784,7784,4,,,,,,76786671,76786667
7784,7784,4,,,,,,76786744,76786743
7784,7784,4,,,,,,76786658,76786656
7784,7784,4,,,,,,76786660,76786661
7784,7784,4,,,,,,76786748,76786729
7784,7784,4,,,,,,76786697,76786689
7784,7784,4,,,,,,76786710,76786702
7784,7784,4,,,,,,76786655,76786647
7784,7784,4,,,,,,76786652,76786646
7784,7784,4,,,,,,76786608,76786609
7784,7784,4,,,,,,76786622,76786621
7784,7784,4,,,,,,76786636,76786632
7784,7784,4,,,,,,76786629,76786627
7784,7784,4,,,,,,76786634,76786630
7784,7784,4,,,,,,76794178,76794192
7784,7784,4,,,,,,76794191,76794181
7784,7784,4,,,,,,76794170,76794149
7784,7784,4,,,,,,76794150,76794151
7784,7784,4,,,,,,76794250,76794255
7784,7784,4,,,,,,76794242,76794254
7784,7784,4,,,,,,76794257,76794249
7784,7784,4,,,,,,76794283,76794275
7784,7784,4,,,,,,76794270,76794259
7784,7784,4,,,,,,76794309,76794308
7784,7784,4,,,,,,76794165,76794172
7784,7784,4,,,,,,76794233,76794230
7784,7784,4,,,,,,76794229,76794238
7784,7784,4,,,,,,76794173,76794175
7784,7784,4,,,,,,76794184,76794189
7784,7784,4,,,,,,75527713,75527727
7784,7784,4,,,,,,75527726,75527716
7784,7784,4,,,,,,75527705,75527684
7784,7784,4,,,,,,75527685,75527686
7784,7784,4,,,,,,75527785,75527790
7784,7784,4,,,,,,75527777,75527789
7784,7784,4,,,,,,75527792,75527784
7784,7784,4,,,,,,75527818,75527810
7784,7784,4,,,,,,75527805,75527794
7784,7784,4,,,,,,75527768,75527765
7784,7784,4,,,,,,75527764,75527773
7784,7784,4,,,,,,75527719,75527724
7784,7784,4,,,,,,75527708,75527710
7784,7784,4,,,,,,75527844,75527843
7784,7784,4,,,,,,75527700,75527707
7784,7784,4,,,,,,75522369,75522357
7784,7784,4,,,,,,75522428,75522427
7784,7784,4,,,,,,75522394,75522386
7784,7784,4,,,,,,75522342,75522340
7784,7784,4,,,,,,75522344,75522345
7784,7784,4,,,,,,75522432,75522413
7784,7784,4,,,,,,75522292,75522293
7784,7784,4,,,,,,75522381,75522373
7784,7784,4,,,,,,75522320,75522316
7784,7784,4,,,,,,75522313,75522311
7784,7784,4,,,,,,75522355,75522351
7784,7784,4,,,,,,75522318,75522314
7784,7784,4,,,,,,75522339,75522334
7784,7784,4,,,,,,75522336,75522330
7784,7784,4,,,,,,75522306,75522305
7784,7784,4,,,,,,77141628,77141642
7784,7784,4,,,,,,77141641,77141631
7784,7784,4,,,,,,77141620,77141599
7784,7784,4,,,,,,77141600,77141601
7784,7784,4,,,,,,77141691,77141696
7784,7784,4,,,,,,77141685,77141695
7784,7784,4,,,,,,77141698,77141690
7784,7784,4,,,,,,77141724,77141716
7784,7784,4,,,,,,77141711,77141701
7784,7784,4,,,,,,77141747,77141746
7784,7784,4,,,,,,77141615,77141622
7784,7784,4,,,,,,77141676,77141673
7784,7784,4,,,,,,77141672,77141681
7784,7784,4,,,,,,77141623,77141625
7784,7784,4,,,,,,77141634,77141639
7961,7961,4,,,,,,75524462,75524465
7961,7961,4,,,,,,75524469,75524471
7961,7961,4,,,,,,75524470,75524468
7961,7961,4,,,,,,75524466,75524467
7961,7961,4,,,,,,75524461,75524456
7961,7961,4,,,,,,75524432,75524433
7961,7961,4,,,,,,75524431,75524430
7961,7961,4,,,,,,75524443,75524445
7961,7961,4,,,,,,75524455,75524446
7961,7961,4,,,,,,75524458,75524434
7961,7961,4,,,,,,75524436,75524437
7961,7961,4,,,,,,75524439,75524440
7961,7961,4,,,,,,75524457,75524459
7961,7961,4,,,,,,75524460,75524442
7961,7961,4,,,,,,75524441,75524438
7961,7961,4,,,,,,75524449,75524451
7961,7961,4,,,,,,75524448,75524454
7961,7961,4,,,,,,75524435,75524444
7961,7961,4,,,,,,75524450,75524452
7961,7961,4,,,,,,75524447,75524453
7961,7961,4,,,,,,75524429,75524428
7961,7961,4,,,,,,75524425,75524423
7961,7961,4,,,,,,75524426,75524424
7961,7961,4,,,,,,75524427,75524422
7961,7961,4,,,,,,76762885,76762888
7961,7961,4,,,,,,76762892,76762894
7961,7961,4,,,,,,76762893,76762891
7961,7961,4,,,,,,76762889,76762890
7961,7961,4,,,,,,76762884,76762880
7961,7961,4,,,,,,76762855,76762856
7961,7961,4,,,,,,76762854,76762853
7961,7961,4,,,,,,76762866,76762869
7961,7961,4,,,,,,76762879,76762870
7961,7961,4,,,,,,76762881,76762857
7961,7961,4,,,,,,76762859,76762860
7961,7961,4,,,,,,76762862,76762863
7961,7961,4,,,,,,76762852,76762851
7961,7961,4,,,,,,76762848,76762846
7961,7961,4,,,,,,76762849,76762847
7961,7961,4,,,,,,76762850,76762845
7961,7961,4,,,,,,76762877,76762882
7961,7961,4,,,,,,76762883,76762865
7961,7961,4,,,,,,76762864,76762861
7961,7961,4,,,,,,76762872,76762874
7961,7961,4,,,,,,76762868,76762878
7961,7961,4,,,,,,76762858,76762867
7961,7961,4,,,,,,76762873,76762875
7961,7961,4,,,,,,76762871,76762876
7961,7961,4,,,,,,76779655,76779658
7961,7961,4,,,,,,76779662,76779664
7961,7961,4,,,,,,76779663,76779661
7961,7961,4,,,,,,76779659,76779660
7961,7961,4,,,,,,76779654,76779649
7961,7961,4,,,,,,76779625,76779626
7961,7961,4,,,,,,76779624,76779623
7961,7961,4,,,,,,76779636,76779638
7961,7961,4,,,,,,76779645,76779639
7961,7961,4,,,,,,76779651,76779627
7961,7961,4,,,,,,76779629,76779630
7961,7961,4,,,,,,76779632,76779633
7961,7961,4,,,,,,76779622,76779621
7961,7961,4,,,,,,76779618,76779616
7961,7961,4,,,,,,76779619,76779617
7961,7961,4,,,,,,76779620,76779615
7961,7961,4,,,,,,76779650,76779652
7961,7961,4,,,,,,76779653,76779635
7961,7961,4,,,,,,76779634,76779631
7961,7961,4,,,,,,76779642,76779644
7961,7961,4,,,,,,76779641,76779648
7961,7961,4,,,,,,76779628,76779637
7961,7961,4,,,,,,76779643,76779646
7961,7961,4,,,,,,76779640,76779647
7961,7961,4,,,,,,76760178,76760182
7961,7961,4,,,,,,76760185,76760187
7961,7961,4,,,,,,76760186,76760184
7961,7961,4,,,,,,76760179,76760183
7961,7961,4,,,,,,76760177,76760172
7961,7961,4,,,,,,76760148,76760149
7961,7961,4,,,,,,76760147,76760143
7961,7961,4,,,,,,76760159,76760161
7961,7961,4,,,,,,76760168,76760162
7961,7961,4,,,,,,76760174,76760150
7961,7961,4,,,,,,76760152,76760153
7961,7961,4,,,,,,76760155,76760156
7961,7961,4,,,,,,76760146,76760145
7961,7961,4,,,,,,76760141,76760139
7961,7961,4,,,,,,76760142,76760140
7961,7961,4,,,,,,76760144,76760138
7961,7961,4,,,,,,76760173,76760175
7961,7961,4,,,,,,76760176,76760158
7961,7961,4,,,,,,76760157,76760154
7961,7961,4,,,,,,76760165,76760167
7961,7961,4,,,,,,76760164,76760171
7961,7961,4,,,,,,76760151,76760160
7961,7961,4,,,,,,76760166,76760169
7961,7961,4,,,,,,76760163,76760170
7961,7961,4,,,,,,76788877,76788880
7961,7961,4,,,,,,76788884,76788886
7961,7961,4,,,,,,76788885,76788883
7961,7961,4,,,,,,76788881,76788882
7961,7961,4,,,,,,76788876,76788872
7961,7961,4,,,,,,76788847,76788848
7961,7961,4,,,,,,76788846,76788845
7961,7961,4,,,,,,76788858,76788860
7961,7961,4,,,,,,76788871,76788861
7961,7961,4,,,,,,76788873,76788849
7961,7961,4,,,,,,76788851,76788852
7961,7961,4,,,,,,76788854,76788855
7961,7961,4,,,,,,76788844,76788843
7961,7961,4,,,,,,76788840,76788838
7961,7961,4,,,,,,76788841,76788839
7961,7961,4,,,,,,76788842,76788837
7961,7961,4,,,,,,76788869,76788874
7961,7961,4,,,,,,76788875,76788857
7961,7961,4,,,,,,76788856,76788853
7961,7961,4,,,,,,76788864,76788866
7961,7961,4,,,,,,76788863,76788870
7961,7961,4,,,,,,76788850,76788859
7961,7961,4,,,,,,76788865,76788867
7961,7961,4,,,,,,76788862,76788868
7961,7961,4,,,,,,76791538,76791541
7961,7961,4,,,,,,76791545,76791547
7961,7961,4,,,,,,76791546,76791544
7961,7961,4,,,,,,76791542,76791543
7961,7961,4,,,,,,76791537,76791532
7961,7961,4,,,,,,76791508,76791509
7961,7961,4,,,,,,76791507,76791506
7961,7961,4,,,,,,76791519,76791521
7961,7961,4,,,,,,76791528,76791522
7961,7961,4,,,,,,76791534,76791510
7961,7961,4,,,,,,76791512,76791513
7961,7961,4,,,,,,76791515,76791516
7961,7961,4,,,,,,76791505,76791504
7961,7961,4,,,,,,76791501,76791499
7961,7961,4,,,,,,76791502,76791500
7961,7961,4,,,,,,76791503,76791498
7961,7961,4,,,,,,76791533,76791535
7961,7961,4,,,,,,76791536,76791518
7961,7961,4,,,,,,76791517,76791514
7961,7961,4,,,,,,76791525,76791527
7961,7961,4,,,,,,76791524,76791531
7961,7961,4,,,,,,76791511,76791520
7961,7961,4,,,,,,76791526,76791529
7961,7961,4,,,,,,76791523,76791530
7961,7961,4,,,,,,76786105,76786108
7961,7961,4,,,,,,76786112,76786114
7961,7961,4,,,,,,76786113,76786111
7961,7961,4,,,,,,76786109,76786110
7961,7961,4,,,,,,76786104,76786099
7961,7961,4,,,,,,76786075,76786076
7961,7961,4,,,,,,76786074,76786073
7961,7961,4,,,,,,76786086,76786088
7961,7961,4,,,,,,76786095,76786089
7961,7961,4,,,,,,76786101,76786077
7961,7961,4,,,,,,76786079,76786080
7961,7961,4,,,,,,76786082,76786083
7961,7961,4,,,,,,76786072,76786071
7961,7961,4,,,,,,76786068,76786066
7961,7961,4,,,,,,76786069,76786067
7961,7961,4,,,,,,76786070,76786065
7961,7961,4,,,,,,76786100,76786102
7961,7961,4,,,,,,76786103,76786085
7961,7961,4,,,,,,76786084,76786081
7961,7961,4,,,,,,76786092,76786094
7961,7961,4,,,,,,76786091,76786098
7961,7961,4,,,,,,76786078,76786087
7961,7961,4,,,,,,76786093,76786096
7961,7961,4,,,,,,76786090,76786097
7961,7961,4,,,,,,75521789,75521792
7961,7961,4,,,,,,75521796,75521798
7961,7961,4,,,,,,75521797,75521795
7961,7961,4,,,,,,75521793,75521794
7961,7961,4,,,,,,75521788,75521783
7961,7961,4,,,,,,75521759,75521760
7961,7961,4,,,,,,75521758,75521757
7961,7961,4,,,,,,75521770,75521772
7961,7961,4,,,,,,75521782,75521773
7961,7961,4,,,,,,75521785,75521761
7961,7961,4,,,,,,75521763,75521764
7961,7961,4,,,,,,75521766,75521767
7961,7961,4,,,,,,75521784,75521786
7961,7961,4,,,,,,75521787,75521769
7961,7961,4,,,,,,75521768,75521765
7961,7961,4,,,,,,75521776,75521778
7961,7961,4,,,,,,75521775,75521781
7961,7961,4,,,,,,75521762,75521771
7961,7961,4,,,,,,75521777,75521779
7961,7961,4,,,,,,75521774,75521780
7961,7961,4,,,,,,75521756,75521755
7961,7961,4,,,,,,75521752,75521750
7961,7961,4,,,,,,75521753,75521751
7961,7961,4,,,,,,75521754,75521749
85231,85231,4,,,,,,75525180,75525179
85231,85231,4,,,,,,75525174,75525177
85231,85231,4,,,,,,75525217,75525205
85231,85231,4,,,,,,75525184,75525182
85231,85231,4,,,,,,75525142,75525147
85231,85231,4,,,,,,75525139,75525148
85231,85231,4,,,,,,75525225,75525222
85231,85231,4,,,,,,75525159,75525160
85231,85231,4,,,,,,75525187,75525185
85231,85231,4,,,,,,75525194,75525192
85231,85231,4,,,,,,75525178,75525176
85231,85231,4,,,,,,75525173,75525170
85231,85231,4,,,,,,75525157,75525155
85231,85231,4,,,,,,75525175,75525172
85231,85231,4,,,,,,75525171,75525158
85231,85231,4,,,,,,75525243,75525242
85231,85231,4,,,,,,75525241,75525240
85231,85231,4,,,,,,75525154,75525152
85231,85231,4,,,,,,75525169,75525165
85231,85231,4,,,,,,75525218,75525202
85231,85231,4,,,,,,75525219,75525212
85231,85231,4,,,,,,75525211,75525206
85231,85231,4,,,,,,76763598,76763597
85231,85231,4,,,,,,76763592,76763595
85231,85231,4,,,,,,76763642,76763639
85231,85231,4,,,,,,76763577,76763578
85231,85231,4,,,,,,76763603,76763601
85231,85231,4,,,,,,76763560,76763566
85231,85231,4,,,,,,76763557,76763567
85231,85231,4,,,,,,76763634,76763622
85231,85231,4,,,,,,76763596,76763594
85231,85231,4,,,,,,76763591,76763588
85231,85231,4,,,,,,76763576,76763574
85231,85231,4,,,,,,76763593,76763590
85231,85231,4,,,,,,76763589,76763573
85231,85231,4,,,,,,76763658,76763657
85231,85231,4,,,,,,76763656,76763655
85231,85231,4,,,,,,76763635,76763619
85231,85231,4,,,,,,76763637,76763629
85231,85231,4,,,,,,76763628,76763623
85231,85231,4,,,,,,76763605,76763600
85231,85231,4,,,,,,76763612,76763610
85231,85231,4,,,,,,76763587,76763583
85231,85231,4,,,,,,76763572,76763570
85231,85231,4,,,,,,76780373,76780372
85231,85231,4,,,,,,76780367,76780370
85231,85231,4,,,,,,76780418,76780415
85231,85231,4,,,,,,76780352,76780353
85231,85231,4,,,,,,76780377,76780375
85231,85231,4,,,,,,76780335,76780340
85231,85231,4,,,,,,76780332,76780341
85231,85231,4,,,,,,76780410,76780398
85231,85231,4,,,,,,76780371,76780369
85231,85231,4,,,,,,76780363,76780364
85231,85231,4,,,,,,76780350,76780348
85231,85231,4,,,,,,76780368,76780366
85231,85231,4,,,,,,76780365,76780351
85231,85231,4,,,,,,76780437,76780435
85231,85231,4,,,,,,76780434,76780433
85231,85231,4,,,,,,76780411,76780395
85231,85231,4,,,,,,76780412,76780405
85231,85231,4,,,,,,76780404,76780400
85231,85231,4,,,,,,76780380,76780378
85231,85231,4,,,,,,76780387,76780385
85231,85231,4,,,,,,76780362,76780358
85231,85231,4,,,,,,76780347,76780345
85231,85231,4,,,,,,76760896,76760895
85231,85231,4,,,,,,76760890,76760893
85231,85231,4,,,,,,76760941,76760938
85231,85231,4,,,,,,76760876,76760877
85231,85231,4,,,,,,76760900,76760898
85231,85231,4,,,,,,76760858,76760863
85231,85231,4,,,,,,76760855,76760864
85231,85231,4,,,,,,76760933,76760921
85231,85231,4,,,,,,76760894,76760892
85231,85231,4,,,,,,76760886,76760887
85231,85231,4,,,,,,76760873,76760871
85231,85231,4,,,,,,76760891,76760889
85231,85231,4,,,,,,76760888,76760874
85231,85231,4,,,,,,76760960,76760958
85231,85231,4,,,,,,76760957,76760956
85231,85231,4,,,,,,76760934,76760918
85231,85231,4,,,,,,76760935,76760928
85231,85231,4,,,,,,76760927,76760923
85231,85231,4,,,,,,76760903,76760901
85231,85231,4,,,,,,76760910,76760908
85231,85231,4,,,,,,76760885,76760881
85231,85231,4,,,,,,76760870,76760868
85231,85231,4,,,,,,76789590,76789589
85231,85231,4,,,,,,76789584,76789587
85231,85231,4,,,,,,76789634,76789631
85231,85231,4,,,,,,76789569,76789570
85231,85231,4,,,,,,76789594,76789592
85231,85231,4,,,,,,76789552,76789557
85231,85231,4,,,,,,76789549,76789558
85231,85231,4,,,,,,76789626,76789614
85231,85231,4,,,,,,76789588,76789586
85231,85231,4,,,,,,76789583,76789580
85231,85231,4,,,,,,76789568,76789566
85231,85231,4,,,,,,76789585,76789582
85231,85231,4,,,,,,76789581,76789565
85231,85231,4,,,,,,76789650,76789649
85231,85231,4,,,,,,76789648,76789647
85231,85231,4,,,,,,76789627,76789611
85231,85231,4,,,,,,76789628,76789621
85231,85231,4,,,,,,76789620,76789615
85231,85231,4,,,,,,76789597,76789595
85231,85231,4,,,,,,76789604,76789602
85231,85231,4,,,,,,76789579,76789575
85231,85231,4,,,,,,76789564,76789562
85231,85231,4,,,,,,76792251,76792250
85231,85231,4,,,,,,76792245,76792248
85231,85231,4,,,,,,76792292,76792293
85231,85231,4,,,,,,76792230,76792231
85231,85231,4,,,,,,76792255,76792253
85231,85231,4,,,,,,76792213,76792218
85231,85231,4,,,,,,76792210,76792219
85231,85231,4,,,,,,76792287,76792275
85231,85231,4,,,,,,76792249,76792247
85231,85231,4,,,,,,76792244,76792241
85231,85231,4,,,,,,76792228,76792226
85231,85231,4,,,,,,76792246,76792243
85231,85231,4,,,,,,76792242,76792229
85231,85231,4,,,,,,76792311,76792310
85231,85231,4,,,,,,76792309,76792308
85231,85231,4,,,,,,76792288,76792272
85231,85231,4,,,,,,76792289,76792282
85231,85231,4,,,,,,76792281,76792276
85231,85231,4,,,,,,76792259,76792256
85231,85231,4,,,,,,76792264,76792262
85231,85231,4,,,,,,76792240,76792236
85231,85231,4,,,,,,76792225,76792224
85231,85231,4,,,,,,76786823,76786822
85231,85231,4,,,,,,76786817,76786820
85231,85231,4,,,,,,76786868,76786866
85231,85231,4,,,,,,76786802,76786803
85231,85231,4,,,,,,76786827,76786825
85231,85231,4,,,,,,76786785,76786790
85231,85231,4,,,,,,76786782,76786791
85231,85231,4,,,,,,76786860,76786848
85231,85231,4,,,,,,76786821,76786819
85231,85231,4,,,,,,76786816,76786813
85231,85231,4,,,,,,76786800,76786798
85231,85231,4,,,,,,76786818,76786815
85231,85231,4,,,,,,76786814,76786801
85231,85231,4,,,,,,76786886,76786885
85231,85231,4,,,,,,76786884,76786883
85231,85231,4,,,,,,76786861,76786845
85231,85231,4,,,,,,76786862,76786855
85231,85231,4,,,,,,76786854,76786849
85231,85231,4,,,,,,76786831,76786829
85231,85231,4,,,,,,76786837,76786835
85231,85231,4,,,,,,76786812,76786808
85231,85231,4,,,,,,76786797,76786792
85231,85231,4,,,,,,75522507,75522506
85231,85231,4,,,,,,75522501,75522504
85231,85231,4,,,,,,75522544,75522532
85231,85231,4,,,,,,75522511,75522509
85231,85231,4,,,,,,75522469,75522474
85231,85231,4,,,,,,75522466,75522475
85231,85231,4,,,,,,75522552,75522549
85231,85231,4,,,,,,75522486,75522487
85231,85231,4,,,,,,75522514,75522512
85231,85231,4,,,,,,75522521,75522519
85231,85231,4,,,,,,75522505,75522503
85231,85231,4,,,,,,75522500,75522497
85231,85231,4,,,,,,75522484,75522482
85231,85231,4,,,,,,75522502,75522499
85231,85231,4,,,,,,75522498,75522485
85231,85231,4,,,,,,75522570,75522569
85231,85231,4,,,,,,75522568,75522567
85231,85231,4,,,,,,75522481,75522479
85231,85231,4,,,,,,75522496,75522492
85231,85231,4,,,,,,75522545,75522529
85231,85231,4,,,,,,75522546,75522539
85231,85231,4,,,,,,75522538,75522533
875,875,4,,,,,,75775646_1,75775646_2
875,875,4,,,,,,75762786_1,75762786_2
875,875,4,,,,,,77031674_1,77031674_2
875,875,4,,,,,,77036266_1,77036266_2
875,875,4,,,,,,77075377_1,77075377_2
875,875,4,,,,,,75775382_1,75775382_2
875,875,4,,,,,,75762522_1,75762522_2
875,875,4,,,,,,77031410_1,77031410_2
875,875,4,,,,,,77036002_1,77036002_2
875,875,4,,,,,,77075113_1,77075113_2
899,899,4,,,,,,75180791_1,75180791_2
899,899,4,,,,,,76303201_1,76303201_2
925,925,4,,,,,,75180358_1,75180358_2
925,925,4,,,,,,76303138_1,76303138_2
966,966,4,,,,,,75180317_2,75180317_3
966,966,4,,,,,,76303128_2,76303128_3
Boat-Hingham,Boat-Hingham,4,,,,,,Boat-F1-1300-Rowes-F1-C-PM-Saturday-Summer-26,Boat-F1-1430-Hingham-F1-C-PM-Saturday-Summer-26
Boat-Hingham,Boat-Hingham,4,,,,,,Boat-F1-1530-Rowes-F1-C-PM-Saturday-Summer-26,Boat-F1-1630-Hingham-F1-C-PM-Saturday-Summer-26
Boat-Hingham,Boat-Hingham,4,,,,,,Boat-F1-1730-Rowes-F1-C-PM-Saturday-Summer-26,Boat-F1-1920-Hingham-F1-C-PM-Saturday-Summer-26
Boat-Hingham,Boat-Hingham,4,,,,,,Boat-F1-1300-Rowes-F1-C-PM-Sunday-Summer-26,Boat-F1-1430-Hingham-F1-C-PM-Sunday-Summer-26
Boat-Hingham,Boat-Hingham,4,,,,,,Boat-F1-1530-Rowes-F1-C-PM-Sunday-Summer-26,Boat-F1-1630-Hingham-F1-C-PM-Sunday-Summer-26
Boat-Hingham,Boat-Hingham,4,,,,,,Boat-F1-1730-Rowes-F1-C-PM-Sunday-Summer-26,Boat-F1-1920-Hingham-F1-C-PM-Sunday-Summer-26
Boat-Hingham,Boat-Hingham,4,,,,,,Boat-F1-0645-Rowes-F1-A-AM-Weekday-Summer-26,Boat-F1-0745-Hingham-F1-A-AM-Weekday-Summer-26
Boat-Hingham,Boat-Hingham,4,,,,,,Boat-F1-0830-Rowes-F1-A-AM-Weekday-Summer-26,Boat-F1-0915-Hingham-F1-A-AM-Weekday-Summer-26
Boat-Hingham,Boat-Hingham,4,,,,,,Boat-F1-1720-Rowes-F1-A-PM-Weekday-Summer-26,Boat-F1-1810-Hingham-F1-A-PM-Weekday-Summer-26
Boat-Hingham,Boat-Hingham,4,,,,,,Boat-F1-1900-Rowes-F1-A-PM-Weekday-Summer-26,Boat-F1-1940-Hingham-F1-A-PM-Weekday-Summer-26
Boat-Hingham,Boat-Hingham,4,,,,,,Boat-F1-0715-Rowes-F1-B-Weekday-Summer-26,Boat-F1-0800-Hingham-F1-B-Weekday-Summer-26
Boat-Hingham,Boat-Hingham,4,,,,,,Boat-F1-1000-Rowes-F1-B-Weekday-Summer-26,Boat-F1-1100-Hingham-F1-B-Weekday-Summer-26
Boat-Hingham,Boat-Hingham,4,,,,,,Boat-F1-1330-Rowes-F1-B-Weekday-Summer-26,Boat-F1-1430-Hingham-F1-B-Weekday-Summer-26
Boat-Hingham,Boat-Hingham,4,,,,,,Boat-F1-1525-Rowes-F1-B-Weekday-Summer-26,Boat-F1-1610-Hingham-F1-B-Weekday-Summer-26
Boat-Hingham,Boat-Hingham,4,,,,,,Boat-F1-1700-Rowes-F1-B-Weekday-Summer-26,Boat-F1-1745-Hingham-F1-B-Weekday-Summer-26
Boat-Hingham,Boat-Hingham,4,,,,,,Boat-F1-0735-Rowes-F1-C-AM-Weekday-Summer-26,Boat-F1-0820-Hingham-F1-C-AM-Weekday-Summer-26
Boat-Hingham,Boat-Hingham,4,,,,,,Boat-F1-1600-Rowes-F1-C-PM-Weekday-Summer-26,Boat-F1-1645-Hingham-F1-C-PM-Weekday-Summer-26
Boat-Hingham,Boat-Hingham,4,,,,,,Boat-F1-0800-Rowes-F1-D-AM-Weekday-Summer-26,Boat-F1-0845-Hingham-F1-D-AM-Weekday-Summer-26
Boat-Hingham,Boat-Hingham,4,,,,,,Boat-F1-1630-Rowes-F1-D-PM-Weekday-Summer-26,Boat-F1-1720-Hingham-F1-D-PM-Weekday-Summer-26
Boat-Hingham,Boat-Hingham,4,,,,,,Boat-F1-1800-Rowes-F1-D-PM-Weekday-Summer-26,Boat-F1-1840-Hingham-F1-D-PM-Weekday-Summer-26
Boat-Quincy,Boat-Quincy,4,,,,,,Boat-F7-0615-Quincy-F7-A-Weekday-Summer-26,Boat-F7-0730-Quincy-F7-A-Weekday-Summer-26
Boat-Quincy,Boat-Quincy,4,,,,,,Boat-F7-0730-Quincy-F7-A-Weekday-Summer-26,Boat-F7-0845-Quincy-F7-A-Weekday-Summer-26
Boat-Quincy,Boat-Quincy,4,,,,,,Boat-F7-0845-Quincy-F7-A-Weekday-Summer-26,Boat-F7-1000-Quincy-F7-A-Weekday-Summer-26
Boat-Quincy,Boat-Quincy,4,,,,,,Boat-F7-1000-Quincy-F7-A-Weekday-Summer-26,Boat-F7-1115-Quincy-F7-A-Weekday-Summer-26
Boat-Quincy,Boat-Quincy,4,,,,,,Boat-F7-1350-Fan-F7-A-Weekday-Summer-26,Boat-F7-1440-Quincy-F7-A-Weekday-Summer-26
Boat-Quincy,Boat-Quincy,4,,,,,,Boat-F7-1440-Quincy-F7-A-Weekday-Summer-26,Boat-F7-1555-Quincy-F7-A-Weekday-Summer-26
Boat-Quincy,Boat-Quincy,4,,,,,,Boat-F7-1555-Quincy-F7-A-Weekday-Summer-26,Boat-F7-1710-Quincy-F7-A-Weekday-Summer-26
Boat-Quincy,Boat-Quincy,4,,,,,,Boat-F7-1710-Quincy-F7-A-Weekday-Summer-26,Boat-F7-1825-Quincy-F7-A-Weekday-Summer-26
Boat-Quincy,Boat-Quincy,4,,,,,,Boat-F7-1825-Quincy-F7-A-Weekday-Summer-26,Boat-F7-1940-Quincy-F7-A-Weekday-Summer-26
Boat-Rowes,Boat-Rowes,4,,,,,,Boat-F1-1430-Hingham-F1-C-PM-Saturday-Summer-26,Boat-F1-1530-Rowes-F1-C-PM-Saturday-Summer-26
Boat-Rowes,Boat-Rowes,4,,,,,,Boat-F1-1630-Hingham-F1-C-PM-Saturday-Summer-26,Boat-F1-1730-Rowes-F1-C-PM-Saturday-Summer-26
Boat-Rowes,Boat-Rowes,4,,,,,,Boat-F1-1920-Hingham-F1-C-PM-Saturday-Summer-26,Boat-F1-2015-Rowes-F1-C-PM-Saturday-Summer-26
Boat-Rowes,Boat-Rowes,4,,,,,,Boat-F1-1430-Hingham-F1-C-PM-Sunday-Summer-26,Boat-F1-1530-Rowes-F1-C-PM-Sunday-Summer-26
Boat-Rowes,Boat-Rowes,4,,,,,,Boat-F1-1630-Hingham-F1-C-PM-Sunday-Summer-26,Boat-F1-1730-Rowes-F1-C-PM-Sunday-Summer-26
Boat-Rowes,Boat-Rowes,4,,,,,,Boat-F1-1920-Hingham-F1-C-PM-Sunday-Summer-26,Boat-F1-2015-Rowes-F1-C-PM-Sunday-Summer-26
Boat-Rowes,Boat-Rowes,4,,,,,,Boat-F1-0600-Hingham-F1-A-AM-Weekday-Summer-26,Boat-F1-0645-Rowes-F1-A-AM-Weekday-Summer-26
Boat-Rowes,Boat-Rowes,4,,,,,,Boat-F1-0745-Hingham-F1-A-AM-Weekday-Summer-26,Boat-F1-0830-Rowes-F1-A-AM-Weekday-Summer-26
Boat-Rowes,Boat-Rowes,4,,,,,,Boat-F1-1810-Hingham-F1-A-PM-Weekday-Summer-26,Boat-F1-1900-Rowes-F1-A-PM-Weekday-Summer-26
Boat-Rowes,Boat-Rowes,4,,,,,,Boat-F1-1940-Hingham-F1-A-PM-Weekday-Summer-26,Boat-F1-2030-Rowes-F1-A-PM-Weekday-Summer-26
Boat-Rowes,Boat-Rowes,4,,,,,,Boat-F1-0630-Hingham-F1-B-Weekday-Summer-26,Boat-F1-0715-Rowes-F1-B-Weekday-Summer-26
Boat-Rowes,Boat-Rowes,4,,,,,,Boat-F1-0800-Hingham-F1-B-Weekday-Summer-26,Boat-F1-1000-Rowes-F1-B-Weekday-Summer-26
Boat-Rowes,Boat-Rowes,4,,,,,,Boat-F1-1100-Hingham-F1-B-Weekday-Summer-26,Boat-F1-1330-Rowes-F1-B-Weekday-Summer-26
Boat-Rowes,Boat-Rowes,4,,,,,,Boat-F1-1430-Hingham-F1-B-Weekday-Summer-26,Boat-F1-1525-Rowes-F1-B-Weekday-Summer-26
Boat-Rowes,Boat-Rowes,4,,,,,,Boat-F1-1610-Hingham-F1-B-Weekday-Summer-26,Boat-F1-1700-Rowes-F1-B-Weekday-Summer-26
Boat-Rowes,Boat-Rowes,4,,,,,,Boat-F1-1745-Hingham-F1-B-Weekday-Summer-26,Boat-F1-1830-Rowes-F1-B-Weekday-Summer-26
Boat-Rowes,Boat-Rowes,4,,,,,,Boat-F1-0650-Hingham-F1-C-AM-Weekday-Summer-26,Boat-F1-0735-Rowes-F1-C-AM-Weekday-Summer-26
Boat-Rowes,Boat-Rowes,4,,,,,,Boat-F1-1645-Hingham-F1-C-PM-Weekday-Summer-26,Boat-F1-1740-Rowes-F1-C-PM-Weekday-Summer-26
Boat-Rowes,Boat-Rowes,4,,,,,,Boat-F1-0715-Hingham-F1-D-AM-Weekday-Summer-26,Boat-F1-0800-Rowes-F1-D-AM-Weekday-Summer-26
Boat-Rowes,Boat-Rowes,4,,,,,,Boat-F1-1720-Hingham-F1-D-PM-Weekday-Summer-26,Boat-F1-1800-Rowes-F1-D-PM-Weekday-Summer-26
Boat-Rowes,Boat-Rowes,4,,,,,,Boat-F1-1840-Hingham-F1-D-PM-Weekday-Summer-26,Boat-F1-1930-Rowes-F1-D-PM-Weekday-Summer-26
Boat-Winthrop,Boat-Winthrop,4,,,,,,Boat-F6-0640-Winthrop-F6-A-Weekday-Summer-26,Boat-F6-0755-Winthrop-F6-A-Weekday-Summer-26
Boat-Winthrop,Boat-Winthrop,4,,,,,,Boat-F6-0755-Winthrop-F6-A-Weekday-Summer-26,Boat-F6-0910-Winthrop-F6-A-Weekday-Summer-26
Boat-Winthrop,Boat-Winthrop,4,,,,,,Boat-F6-0910-Winthrop-F6-A-Weekday-Summer-26,Boat-F6-1025-Winthrop-F6-A-Weekday-Summer-26
Boat-Winthrop,Boat-Winthrop,4,,,,,,Boat-F6-1025-Winthrop-F6-A-Weekday-Summer-26,Boat-F6-1145-Winthrop-F6-A-Weekday-Summer-26
Boat-Winthrop,Boat-Winthrop,4,,,,,,Boat-F6-1355-Aquarium-F6-A-Weekday-Summer-26,Boat-F6-1445-Winthrop-F6-A-Weekday-Summer-26
Boat-Winthrop,Boat-Winthrop,4,,,,,,Boat-F6-1445-Winthrop-F6-A-Weekday-Summer-26,Boat-F6-1600-Winthrop-F6-A-Weekday-Summer-26
Boat-Winthrop,Boat-Winthrop,4,,,,,,Boat-F6-1600-Winthrop-F6-A-Weekday-Summer-26,Boat-F6-1715-Winthrop-F6-A-Weekday-Summer-26
Boat-Winthrop,Boat-Winthrop,4,,,,,,Boat-F6-1715-Winthrop-F6-A-Weekday-Summer-26,Boat-F6-1830-Winthrop-F6-A-Weekday-Summer-26
Boat-Winthrop,Boat-Winthrop,4,,,,,,Boat-F6-1830-Winthrop-F6-A-Weekday-Summer-26,Boat-F6-1950-Winthrop-F6-A-Weekday-Summer-26
Boat-Winthrop,Boat-Winthrop,4,,,,,,Boat-F8-0845-Winthrop-F8-A-Saturday-Summer-26,Boat-F8-1030-Winthrop-F8-A-Saturday-Summer-26
Boat-Winthrop,Boat-Winthrop,4,,,,,,Boat-F8-1030-Winthrop-F8-A-Saturday-Summer-26,Boat-F8-1215-Winthrop-F8-A-Saturday-Summer-26
Boat-Winthrop,Boat-Winthrop,4,,,,,,Boat-F8-1500-Winthrop-F8-A-Saturday-Summer-26,Boat-F8-1645-Winthrop-F8-A-Saturday-Summer-26
Boat-Winthrop,Boat-Winthrop,4,,,,,,Boat-F8-1645-Winthrop-F8-A-Saturday-Summer-26,Boat-F8-1830-Winthrop-F8-A-Saturday-Summer-26
Boat-Winthrop,Boat-Winthrop,4,,,,,,Boat-F8-1830-Winthrop-F8-A-Saturday-Summer-26,Boat-F8-2015-Winthrop-F8-A-Saturday-Summer-26
Boat-Winthrop,Boat-Winthrop,4,,,,,,Boat-F8-2015-Winthrop-F8-A-Saturday-Summer-26,Boat-F8-2200-Winthrop-F8-A-Saturday-Summer-26
Boat-Winthrop,Boat-Winthrop,4,,,,,,Boat-F8-0845-Winthrop-F8-A-Sunday-Summer-26,Boat-F8-1030-Winthrop-F8-A-Sunday-Summer-26
Boat-Winthrop,Boat-Winthrop,4,,,,,,Boat-F8-1030-Winthrop-F8-A-Sunday-Summer-26,Boat-F8-1215-Winthrop-F8-A-Sunday-Summer-26
Boat-Winthrop,Boat-Winthrop,4,,,,,,Boat-F8-1500-Winthrop-F8-A-Sunday-Summer-26,Boat-F8-1645-Winthrop-F8-A-Sunday-Summer-26
Boat-Winthrop,Boat-Winthrop,4,,,,,,Boat-F8-1645-Winthrop-F8-A-Sunday-Summer-26,Boat-F8-1830-Winthrop-F8-A-Sunday-Summer-26
Boat-Winthrop,Boat-Winthrop,4,,,,,,Boat-F8-1830-Winthrop-F8-A-Sunday-Summer-26,Boat-F8-2015-Winthrop-F8-A-Sunday-Summer-26
Boat-Winthrop,Boat-Winthrop,4,,,,,,Boat-F8-2015-Winthrop-F8-A-Sunday-Summer-26,Boat-F8-2200-Winthrop-F8-A-Sunday-Summer-26
